condition,class_label,measurement_key,metric,original_path,row_count,sha256
bubbly,Bubbly,1,ambient_rate_mcps,training/bubbly.measurement_1.csv.6jlbojfi.ingestion-544b9ff949-kks7w.json,500,b334499fa75e8930fa5e0f08788da2c09af95bdfc4f9a0dd0c0465c52ecae25e
bubbly,Bubbly,1,distance_mm,training/bubbly.measurement_1.csv.6jlbojfi.ingestion-544b9ff949-kks7w.json,500,b334499fa75e8930fa5e0f08788da2c09af95bdfc4f9a0dd0c0465c52ecae25e
bubbly,Bubbly,1,sigma_like,training/bubbly.measurement_1.csv.6jlbojfi.ingestion-544b9ff949-kks7w.json,500,b334499fa75e8930fa5e0f08788da2c09af95bdfc4f9a0dd0c0465c52ecae25e
bubbly,Bubbly,1,signal_rate_mcps,training/bubbly.measurement_1.csv.6jlbojfi.ingestion-544b9ff949-kks7w.json,500,b334499fa75e8930fa5e0f08788da2c09af95bdfc4f9a0dd0c0465c52ecae25e
bubbly,Bubbly,10,ambient_rate_mcps,training/bubbly.measurement_10.csv.6jlbojfn.ingestion-544b9ff949-rn5s8.json,500,6dc88ffd550049181cf5be7641359f141612d34a3d499cd575e6bd88b880c8a1
bubbly,Bubbly,10,distance_mm,training/bubbly.measurement_10.csv.6jlbojfn.ingestion-544b9ff949-rn5s8.json,500,6dc88ffd550049181cf5be7641359f141612d34a3d499cd575e6bd88b880c8a1
bubbly,Bubbly,10,sigma_like,training/bubbly.measurement_10.csv.6jlbojfn.ingestion-544b9ff949-rn5s8.json,500,6dc88ffd550049181cf5be7641359f141612d34a3d499cd575e6bd88b880c8a1
bubbly,Bubbly,10,signal_rate_mcps,training/bubbly.measurement_10.csv.6jlbojfn.ingestion-544b9ff949-rn5s8.json,500,6dc88ffd550049181cf5be7641359f141612d34a3d499cd575e6bd88b880c8a1
bubbly,Bubbly,101,ambient_rate_mcps,training/bubbly.measurement_101.csv.6jlbojg1.ingestion-544b9ff949-kks7w.json,500,9c812ee2efa87705b64c62d8911501ab01b2ca82a5db272ffa6026de19bf4e3a
bubbly,Bubbly,101,distance_mm,training/bubbly.measurement_101.csv.6jlbojg1.ingestion-544b9ff949-kks7w.json,500,9c812ee2efa87705b64c62d8911501ab01b2ca82a5db272ffa6026de19bf4e3a
bubbly,Bubbly,101,sigma_like,training/bubbly.measurement_101.csv.6jlbojg1.ingestion-544b9ff949-kks7w.json,500,9c812ee2efa87705b64c62d8911501ab01b2ca82a5db272ffa6026de19bf4e3a
bubbly,Bubbly,101,signal_rate_mcps,training/bubbly.measurement_101.csv.6jlbojg1.ingestion-544b9ff949-kks7w.json,500,9c812ee2efa87705b64c62d8911501ab01b2ca82a5db272ffa6026de19bf4e3a
bubbly,Bubbly,102,ambient_rate_mcps,training/bubbly.measurement_102.csv.6jlbojfn.ingestion-544b9ff949-rn5s8.json,500,97e67f6bfa04cc075be4c8704b12e99c53a3b1eb1931db35a4a1dfe14d36efaa
bubbly,Bubbly,102,distance_mm,training/bubbly.measurement_102.csv.6jlbojfn.ingestion-544b9ff949-rn5s8.json,500,97e67f6bfa04cc075be4c8704b12e99c53a3b1eb1931db35a4a1dfe14d36efaa
bubbly,Bubbly,102,sigma_like,training/bubbly.measurement_102.csv.6jlbojfn.ingestion-544b9ff949-rn5s8.json,500,97e67f6bfa04cc075be4c8704b12e99c53a3b1eb1931db35a4a1dfe14d36efaa
bubbly,Bubbly,102,signal_rate_mcps,training/bubbly.measurement_102.csv.6jlbojfn.ingestion-544b9ff949-rn5s8.json,500,97e67f6bfa04cc075be4c8704b12e99c53a3b1eb1931db35a4a1dfe14d36efaa
bubbly,Bubbly,103,ambient_rate_mcps,training/bubbly.measurement_103.csv.6jlbojgg.ingestion-544b9ff949-ft4f6.json,500,85d5be72df159367a267301b72bb4a3a75e3dbbd9d1187bdd7648b1ce1e0af3a
bubbly,Bubbly,103,distance_mm,training/bubbly.measurement_103.csv.6jlbojgg.ingestion-544b9ff949-ft4f6.json,500,85d5be72df159367a267301b72bb4a3a75e3dbbd9d1187bdd7648b1ce1e0af3a
bubbly,Bubbly,103,sigma_like,training/bubbly.measurement_103.csv.6jlbojgg.ingestion-544b9ff949-ft4f6.json,500,85d5be72df159367a267301b72bb4a3a75e3dbbd9d1187bdd7648b1ce1e0af3a
bubbly,Bubbly,103,signal_rate_mcps,training/bubbly.measurement_103.csv.6jlbojgg.ingestion-544b9ff949-ft4f6.json,500,85d5be72df159367a267301b72bb4a3a75e3dbbd9d1187bdd7648b1ce1e0af3a
bubbly,Bubbly,104,ambient_rate_mcps,training/bubbly.measurement_104.csv.6jlbojgc.ingestion-544b9ff949-rn5s8.json,500,ce4c8e435b1b8934767192fa53092aef059bedeae6128d0d67e12d5833968d56
bubbly,Bubbly,104,distance_mm,training/bubbly.measurement_104.csv.6jlbojgc.ingestion-544b9ff949-rn5s8.json,500,ce4c8e435b1b8934767192fa53092aef059bedeae6128d0d67e12d5833968d56
bubbly,Bubbly,104,sigma_like,training/bubbly.measurement_104.csv.6jlbojgc.ingestion-544b9ff949-rn5s8.json,500,ce4c8e435b1b8934767192fa53092aef059bedeae6128d0d67e12d5833968d56
bubbly,Bubbly,104,signal_rate_mcps,training/bubbly.measurement_104.csv.6jlbojgc.ingestion-544b9ff949-rn5s8.json,500,ce4c8e435b1b8934767192fa53092aef059bedeae6128d0d67e12d5833968d56
bubbly,Bubbly,106,ambient_rate_mcps,training/bubbly.measurement_106.csv.6jlbojgi.ingestion-544b9ff949-ft4f6.json,500,85d5c75d7343c08bc654086aec945b2e83d0efa69f355af8afddb414e7f78aff
bubbly,Bubbly,106,distance_mm,training/bubbly.measurement_106.csv.6jlbojgi.ingestion-544b9ff949-ft4f6.json,500,85d5c75d7343c08bc654086aec945b2e83d0efa69f355af8afddb414e7f78aff
bubbly,Bubbly,106,sigma_like,training/bubbly.measurement_106.csv.6jlbojgi.ingestion-544b9ff949-ft4f6.json,500,85d5c75d7343c08bc654086aec945b2e83d0efa69f355af8afddb414e7f78aff
bubbly,Bubbly,106,signal_rate_mcps,training/bubbly.measurement_106.csv.6jlbojgi.ingestion-544b9ff949-ft4f6.json,500,85d5c75d7343c08bc654086aec945b2e83d0efa69f355af8afddb414e7f78aff
bubbly,Bubbly,107,ambient_rate_mcps,training/bubbly.measurement_107.csv.6jlbojgm.ingestion-544b9ff949-rn5s8.json,500,c02092639df87836887f49b058b3e9c9730c89deb3d8cc5bf12969aa2055c28e
bubbly,Bubbly,107,distance_mm,training/bubbly.measurement_107.csv.6jlbojgm.ingestion-544b9ff949-rn5s8.json,500,c02092639df87836887f49b058b3e9c9730c89deb3d8cc5bf12969aa2055c28e
bubbly,Bubbly,107,sigma_like,training/bubbly.measurement_107.csv.6jlbojgm.ingestion-544b9ff949-rn5s8.json,500,c02092639df87836887f49b058b3e9c9730c89deb3d8cc5bf12969aa2055c28e
bubbly,Bubbly,107,signal_rate_mcps,training/bubbly.measurement_107.csv.6jlbojgm.ingestion-544b9ff949-rn5s8.json,500,c02092639df87836887f49b058b3e9c9730c89deb3d8cc5bf12969aa2055c28e
bubbly,Bubbly,108,ambient_rate_mcps,training/bubbly.measurement_108.csv.6jlbojgl.ingestion-544b9ff949-kks7w.json,500,a931779a2a35657f7043e786c8ac3e2e90ef1b2dc172511e47b4571c512f9ff1
bubbly,Bubbly,108,distance_mm,training/bubbly.measurement_108.csv.6jlbojgl.ingestion-544b9ff949-kks7w.json,500,a931779a2a35657f7043e786c8ac3e2e90ef1b2dc172511e47b4571c512f9ff1
bubbly,Bubbly,108,sigma_like,training/bubbly.measurement_108.csv.6jlbojgl.ingestion-544b9ff949-kks7w.json,500,a931779a2a35657f7043e786c8ac3e2e90ef1b2dc172511e47b4571c512f9ff1
bubbly,Bubbly,108,signal_rate_mcps,training/bubbly.measurement_108.csv.6jlbojgl.ingestion-544b9ff949-kks7w.json,500,a931779a2a35657f7043e786c8ac3e2e90ef1b2dc172511e47b4571c512f9ff1
bubbly,Bubbly,109,ambient_rate_mcps,training/bubbly.measurement_109.csv.6jlbojmg.ingestion-544b9ff949-ft4f6.json,500,c14bbf7475dfac13228a06ce491bcec665ec83a65390d101ec5cdc13bc1808ab
bubbly,Bubbly,109,distance_mm,training/bubbly.measurement_109.csv.6jlbojmg.ingestion-544b9ff949-ft4f6.json,500,c14bbf7475dfac13228a06ce491bcec665ec83a65390d101ec5cdc13bc1808ab
bubbly,Bubbly,109,sigma_like,training/bubbly.measurement_109.csv.6jlbojmg.ingestion-544b9ff949-ft4f6.json,500,c14bbf7475dfac13228a06ce491bcec665ec83a65390d101ec5cdc13bc1808ab
bubbly,Bubbly,109,signal_rate_mcps,training/bubbly.measurement_109.csv.6jlbojmg.ingestion-544b9ff949-ft4f6.json,500,c14bbf7475dfac13228a06ce491bcec665ec83a65390d101ec5cdc13bc1808ab
bubbly,Bubbly,11,ambient_rate_mcps,training/bubbly.measurement_11.csv.6jlbojh2.ingestion-544b9ff949-rn5s8.json,500,7f7ddf120ee15c16b2b7593debb0ad73a42593f12008ab072db6315d7a9879e2
bubbly,Bubbly,11,distance_mm,training/bubbly.measurement_11.csv.6jlbojh2.ingestion-544b9ff949-rn5s8.json,500,7f7ddf120ee15c16b2b7593debb0ad73a42593f12008ab072db6315d7a9879e2
bubbly,Bubbly,11,sigma_like,training/bubbly.measurement_11.csv.6jlbojh2.ingestion-544b9ff949-rn5s8.json,500,7f7ddf120ee15c16b2b7593debb0ad73a42593f12008ab072db6315d7a9879e2
bubbly,Bubbly,11,signal_rate_mcps,training/bubbly.measurement_11.csv.6jlbojh2.ingestion-544b9ff949-rn5s8.json,500,7f7ddf120ee15c16b2b7593debb0ad73a42593f12008ab072db6315d7a9879e2
bubbly,Bubbly,110,ambient_rate_mcps,training/bubbly.measurement_110.csv.6jlbojgr.ingestion-544b9ff949-kks7w.json,500,df419923dff5ac6e2a7a3efa34b386711cc23d5818403cc1274cc06791633264
bubbly,Bubbly,110,distance_mm,training/bubbly.measurement_110.csv.6jlbojgr.ingestion-544b9ff949-kks7w.json,500,df419923dff5ac6e2a7a3efa34b386711cc23d5818403cc1274cc06791633264
bubbly,Bubbly,110,sigma_like,training/bubbly.measurement_110.csv.6jlbojgr.ingestion-544b9ff949-kks7w.json,500,df419923dff5ac6e2a7a3efa34b386711cc23d5818403cc1274cc06791633264
bubbly,Bubbly,110,signal_rate_mcps,training/bubbly.measurement_110.csv.6jlbojgr.ingestion-544b9ff949-kks7w.json,500,df419923dff5ac6e2a7a3efa34b386711cc23d5818403cc1274cc06791633264
bubbly,Bubbly,112,ambient_rate_mcps,training/bubbly.measurement_112.csv.6jlbojh4.ingestion-544b9ff949-rn5s8.json,500,7581e7342326d41a0315a39d17f3ef7cb26a5802153b6b2f291686c448b2c015
bubbly,Bubbly,112,distance_mm,training/bubbly.measurement_112.csv.6jlbojh4.ingestion-544b9ff949-rn5s8.json,500,7581e7342326d41a0315a39d17f3ef7cb26a5802153b6b2f291686c448b2c015
bubbly,Bubbly,112,sigma_like,training/bubbly.measurement_112.csv.6jlbojh4.ingestion-544b9ff949-rn5s8.json,500,7581e7342326d41a0315a39d17f3ef7cb26a5802153b6b2f291686c448b2c015
bubbly,Bubbly,112,signal_rate_mcps,training/bubbly.measurement_112.csv.6jlbojh4.ingestion-544b9ff949-rn5s8.json,500,7581e7342326d41a0315a39d17f3ef7cb26a5802153b6b2f291686c448b2c015
bubbly,Bubbly,114,ambient_rate_mcps,training/bubbly.measurement_114.csv.6jlbojmh.ingestion-544b9ff949-ft4f6.json,500,95d9d5d273c0e82876953d34d8c7dabe72d3e9b8471d8b71ee35200f4748e24a
bubbly,Bubbly,114,distance_mm,training/bubbly.measurement_114.csv.6jlbojmh.ingestion-544b9ff949-ft4f6.json,500,95d9d5d273c0e82876953d34d8c7dabe72d3e9b8471d8b71ee35200f4748e24a
bubbly,Bubbly,114,sigma_like,training/bubbly.measurement_114.csv.6jlbojmh.ingestion-544b9ff949-ft4f6.json,500,95d9d5d273c0e82876953d34d8c7dabe72d3e9b8471d8b71ee35200f4748e24a
bubbly,Bubbly,114,signal_rate_mcps,training/bubbly.measurement_114.csv.6jlbojmh.ingestion-544b9ff949-ft4f6.json,500,95d9d5d273c0e82876953d34d8c7dabe72d3e9b8471d8b71ee35200f4748e24a
bubbly,Bubbly,115,ambient_rate_mcps,training/bubbly.measurement_115.csv.6jlbojhd.ingestion-544b9ff949-rn5s8.json,500,d7bb678381011f50017c23a2c8db13ac2563155265ac4bfb598fd15b8bf48438
bubbly,Bubbly,115,distance_mm,training/bubbly.measurement_115.csv.6jlbojhd.ingestion-544b9ff949-rn5s8.json,500,d7bb678381011f50017c23a2c8db13ac2563155265ac4bfb598fd15b8bf48438
bubbly,Bubbly,115,sigma_like,training/bubbly.measurement_115.csv.6jlbojhd.ingestion-544b9ff949-rn5s8.json,500,d7bb678381011f50017c23a2c8db13ac2563155265ac4bfb598fd15b8bf48438
bubbly,Bubbly,115,signal_rate_mcps,training/bubbly.measurement_115.csv.6jlbojhd.ingestion-544b9ff949-rn5s8.json,500,d7bb678381011f50017c23a2c8db13ac2563155265ac4bfb598fd15b8bf48438
bubbly,Bubbly,116,ambient_rate_mcps,training/bubbly.measurement_116.csv.6jlbojlv.ingestion-544b9ff949-kks7w.json,500,2082c656dd24de048fa77cb65d6265dff9c142ffce4b503fd861c240068a3baa
bubbly,Bubbly,116,distance_mm,training/bubbly.measurement_116.csv.6jlbojlv.ingestion-544b9ff949-kks7w.json,500,2082c656dd24de048fa77cb65d6265dff9c142ffce4b503fd861c240068a3baa
bubbly,Bubbly,116,sigma_like,training/bubbly.measurement_116.csv.6jlbojlv.ingestion-544b9ff949-kks7w.json,500,2082c656dd24de048fa77cb65d6265dff9c142ffce4b503fd861c240068a3baa
bubbly,Bubbly,116,signal_rate_mcps,training/bubbly.measurement_116.csv.6jlbojlv.ingestion-544b9ff949-kks7w.json,500,2082c656dd24de048fa77cb65d6265dff9c142ffce4b503fd861c240068a3baa
bubbly,Bubbly,117,ambient_rate_mcps,training/bubbly.measurement_117.csv.6jlbojr4.ingestion-544b9ff949-ft4f6.json,500,495b2542cf4d4daa6ab72665b6d486be2b62cd128288062db6c9842648192ecf
bubbly,Bubbly,117,distance_mm,training/bubbly.measurement_117.csv.6jlbojr4.ingestion-544b9ff949-ft4f6.json,500,495b2542cf4d4daa6ab72665b6d486be2b62cd128288062db6c9842648192ecf
bubbly,Bubbly,117,sigma_like,training/bubbly.measurement_117.csv.6jlbojr4.ingestion-544b9ff949-ft4f6.json,500,495b2542cf4d4daa6ab72665b6d486be2b62cd128288062db6c9842648192ecf
bubbly,Bubbly,117,signal_rate_mcps,training/bubbly.measurement_117.csv.6jlbojr4.ingestion-544b9ff949-ft4f6.json,500,495b2542cf4d4daa6ab72665b6d486be2b62cd128288062db6c9842648192ecf
bubbly,Bubbly,118,ambient_rate_mcps,training/bubbly.measurement_118.csv.6jlbojri.ingestion-544b9ff949-rn5s8.json,500,85af40b7475f0d167892b32db6878735235469489ea9b89d6ed27f83f0a1b04a
bubbly,Bubbly,118,distance_mm,training/bubbly.measurement_118.csv.6jlbojri.ingestion-544b9ff949-rn5s8.json,500,85af40b7475f0d167892b32db6878735235469489ea9b89d6ed27f83f0a1b04a
bubbly,Bubbly,118,sigma_like,training/bubbly.measurement_118.csv.6jlbojri.ingestion-544b9ff949-rn5s8.json,500,85af40b7475f0d167892b32db6878735235469489ea9b89d6ed27f83f0a1b04a
bubbly,Bubbly,118,signal_rate_mcps,training/bubbly.measurement_118.csv.6jlbojri.ingestion-544b9ff949-rn5s8.json,500,85af40b7475f0d167892b32db6878735235469489ea9b89d6ed27f83f0a1b04a
bubbly,Bubbly,119,ambient_rate_mcps,training/bubbly.measurement_119.csv.6jlbojrj.ingestion-544b9ff949-kks7w.json,500,1a3e339ea60d7df005d3404210ef3a4f431a99b84da0ffa2c4c601594ddc8f8a
bubbly,Bubbly,119,distance_mm,training/bubbly.measurement_119.csv.6jlbojrj.ingestion-544b9ff949-kks7w.json,500,1a3e339ea60d7df005d3404210ef3a4f431a99b84da0ffa2c4c601594ddc8f8a
bubbly,Bubbly,119,sigma_like,training/bubbly.measurement_119.csv.6jlbojrj.ingestion-544b9ff949-kks7w.json,500,1a3e339ea60d7df005d3404210ef3a4f431a99b84da0ffa2c4c601594ddc8f8a
bubbly,Bubbly,119,signal_rate_mcps,training/bubbly.measurement_119.csv.6jlbojrj.ingestion-544b9ff949-kks7w.json,500,1a3e339ea60d7df005d3404210ef3a4f431a99b84da0ffa2c4c601594ddc8f8a
bubbly,Bubbly,12,ambient_rate_mcps,training/bubbly.measurement_12.csv.6jlbojro.ingestion-544b9ff949-ft4f6.json,500,371d93312a875a1b220baeb66f90e42207d98682042a5e5c7dcabe81718c1e86
bubbly,Bubbly,12,distance_mm,training/bubbly.measurement_12.csv.6jlbojro.ingestion-544b9ff949-ft4f6.json,500,371d93312a875a1b220baeb66f90e42207d98682042a5e5c7dcabe81718c1e86
bubbly,Bubbly,12,sigma_like,training/bubbly.measurement_12.csv.6jlbojro.ingestion-544b9ff949-ft4f6.json,500,371d93312a875a1b220baeb66f90e42207d98682042a5e5c7dcabe81718c1e86
bubbly,Bubbly,12,signal_rate_mcps,training/bubbly.measurement_12.csv.6jlbojro.ingestion-544b9ff949-ft4f6.json,500,371d93312a875a1b220baeb66f90e42207d98682042a5e5c7dcabe81718c1e86
bubbly,Bubbly,121,ambient_rate_mcps,training/bubbly.measurement_121.csv.6jlbojs4.ingestion-544b9ff949-kks7w.json,500,04c460320b0a233f6bd5a52a923d287b1cce10798d312f01ea83e0c4959355c4
bubbly,Bubbly,121,distance_mm,training/bubbly.measurement_121.csv.6jlbojs4.ingestion-544b9ff949-kks7w.json,500,04c460320b0a233f6bd5a52a923d287b1cce10798d312f01ea83e0c4959355c4
bubbly,Bubbly,121,sigma_like,training/bubbly.measurement_121.csv.6jlbojs4.ingestion-544b9ff949-kks7w.json,500,04c460320b0a233f6bd5a52a923d287b1cce10798d312f01ea83e0c4959355c4
bubbly,Bubbly,121,signal_rate_mcps,training/bubbly.measurement_121.csv.6jlbojs4.ingestion-544b9ff949-kks7w.json,500,04c460320b0a233f6bd5a52a923d287b1cce10798d312f01ea83e0c4959355c4
bubbly,Bubbly,122,ambient_rate_mcps,training/bubbly.measurement_122.csv.6jlbojs6.ingestion-544b9ff949-ft4f6.json,500,1a8c3467ce8a08268bbb2e78113adeeadd829ac3fa2afe5de41d71d845961c87
bubbly,Bubbly,122,distance_mm,training/bubbly.measurement_122.csv.6jlbojs6.ingestion-544b9ff949-ft4f6.json,500,1a8c3467ce8a08268bbb2e78113adeeadd829ac3fa2afe5de41d71d845961c87
bubbly,Bubbly,122,sigma_like,training/bubbly.measurement_122.csv.6jlbojs6.ingestion-544b9ff949-ft4f6.json,500,1a8c3467ce8a08268bbb2e78113adeeadd829ac3fa2afe5de41d71d845961c87
bubbly,Bubbly,122,signal_rate_mcps,training/bubbly.measurement_122.csv.6jlbojs6.ingestion-544b9ff949-ft4f6.json,500,1a8c3467ce8a08268bbb2e78113adeeadd829ac3fa2afe5de41d71d845961c87
bubbly,Bubbly,123,ambient_rate_mcps,training/bubbly.measurement_123.csv.6jlbojs8.ingestion-544b9ff949-rn5s8.json,500,841e16864236388ac58083cc91f3ac89f578025b47d110dc9944809d454042c0
bubbly,Bubbly,123,distance_mm,training/bubbly.measurement_123.csv.6jlbojs8.ingestion-544b9ff949-rn5s8.json,500,841e16864236388ac58083cc91f3ac89f578025b47d110dc9944809d454042c0
bubbly,Bubbly,123,sigma_like,training/bubbly.measurement_123.csv.6jlbojs8.ingestion-544b9ff949-rn5s8.json,500,841e16864236388ac58083cc91f3ac89f578025b47d110dc9944809d454042c0
bubbly,Bubbly,123,signal_rate_mcps,training/bubbly.measurement_123.csv.6jlbojs8.ingestion-544b9ff949-rn5s8.json,500,841e16864236388ac58083cc91f3ac89f578025b47d110dc9944809d454042c0
bubbly,Bubbly,124,ambient_rate_mcps,training/bubbly.measurement_124.csv.6jlbojsh.ingestion-544b9ff949-kks7w.json,500,4cd96238676001e84b9ad72d4c265d5e86c70185356665950ec8f4aed7425e39
bubbly,Bubbly,124,distance_mm,training/bubbly.measurement_124.csv.6jlbojsh.ingestion-544b9ff949-kks7w.json,500,4cd96238676001e84b9ad72d4c265d5e86c70185356665950ec8f4aed7425e39
bubbly,Bubbly,124,sigma_like,training/bubbly.measurement_124.csv.6jlbojsh.ingestion-544b9ff949-kks7w.json,500,4cd96238676001e84b9ad72d4c265d5e86c70185356665950ec8f4aed7425e39
bubbly,Bubbly,124,signal_rate_mcps,training/bubbly.measurement_124.csv.6jlbojsh.ingestion-544b9ff949-kks7w.json,500,4cd96238676001e84b9ad72d4c265d5e86c70185356665950ec8f4aed7425e39
bubbly,Bubbly,126,ambient_rate_mcps,training/bubbly.measurement_126.csv.6jlbojst.ingestion-544b9ff949-rn5s8.json,500,f2c2e6b413ea5b07c29a89d993641d8c6aca62c62f8e2ec0874924675967cf5b
bubbly,Bubbly,126,distance_mm,training/bubbly.measurement_126.csv.6jlbojst.ingestion-544b9ff949-rn5s8.json,500,f2c2e6b413ea5b07c29a89d993641d8c6aca62c62f8e2ec0874924675967cf5b
bubbly,Bubbly,126,sigma_like,training/bubbly.measurement_126.csv.6jlbojst.ingestion-544b9ff949-rn5s8.json,500,f2c2e6b413ea5b07c29a89d993641d8c6aca62c62f8e2ec0874924675967cf5b
bubbly,Bubbly,126,signal_rate_mcps,training/bubbly.measurement_126.csv.6jlbojst.ingestion-544b9ff949-rn5s8.json,500,f2c2e6b413ea5b07c29a89d993641d8c6aca62c62f8e2ec0874924675967cf5b
bubbly,Bubbly,127,ambient_rate_mcps,training/bubbly.measurement_127.csv.6jlbojsp.ingestion-544b9ff949-kks7w.json,500,7714db41f6b5a15123c238c1d463a813c7c2f8a1248b7cc061153f1f1919bce1
bubbly,Bubbly,127,distance_mm,training/bubbly.measurement_127.csv.6jlbojsp.ingestion-544b9ff949-kks7w.json,500,7714db41f6b5a15123c238c1d463a813c7c2f8a1248b7cc061153f1f1919bce1
bubbly,Bubbly,127,sigma_like,training/bubbly.measurement_127.csv.6jlbojsp.ingestion-544b9ff949-kks7w.json,500,7714db41f6b5a15123c238c1d463a813c7c2f8a1248b7cc061153f1f1919bce1
bubbly,Bubbly,127,signal_rate_mcps,training/bubbly.measurement_127.csv.6jlbojsp.ingestion-544b9ff949-kks7w.json,500,7714db41f6b5a15123c238c1d463a813c7c2f8a1248b7cc061153f1f1919bce1
bubbly,Bubbly,128,ambient_rate_mcps,training/bubbly.measurement_128.csv.6jlbojt7.ingestion-544b9ff949-ft4f6.json,500,2777794ad185aca6a234e210e44cab73511385cd820511f0473a4072f44173e8
bubbly,Bubbly,128,distance_mm,training/bubbly.measurement_128.csv.6jlbojt7.ingestion-544b9ff949-ft4f6.json,500,2777794ad185aca6a234e210e44cab73511385cd820511f0473a4072f44173e8
bubbly,Bubbly,128,sigma_like,training/bubbly.measurement_128.csv.6jlbojt7.ingestion-544b9ff949-ft4f6.json,500,2777794ad185aca6a234e210e44cab73511385cd820511f0473a4072f44173e8
bubbly,Bubbly,128,signal_rate_mcps,training/bubbly.measurement_128.csv.6jlbojt7.ingestion-544b9ff949-ft4f6.json,500,2777794ad185aca6a234e210e44cab73511385cd820511f0473a4072f44173e8
bubbly,Bubbly,129,ambient_rate_mcps,training/bubbly.measurement_129.csv.6jlbok00.ingestion-544b9ff949-rn5s8.json,500,da028d5f667ced717ca92cd9d7f7c1b384f808a7967e8ba43adbd87508375d45
bubbly,Bubbly,129,distance_mm,training/bubbly.measurement_129.csv.6jlbok00.ingestion-544b9ff949-rn5s8.json,500,da028d5f667ced717ca92cd9d7f7c1b384f808a7967e8ba43adbd87508375d45
bubbly,Bubbly,129,sigma_like,training/bubbly.measurement_129.csv.6jlbok00.ingestion-544b9ff949-rn5s8.json,500,da028d5f667ced717ca92cd9d7f7c1b384f808a7967e8ba43adbd87508375d45
bubbly,Bubbly,129,signal_rate_mcps,training/bubbly.measurement_129.csv.6jlbok00.ingestion-544b9ff949-rn5s8.json,500,da028d5f667ced717ca92cd9d7f7c1b384f808a7967e8ba43adbd87508375d45
bubbly,Bubbly,131,ambient_rate_mcps,training/bubbly.measurement_131.csv.6jlbok23.ingestion-544b9ff949-rn5s8.json,500,e29c85c8549c645f244abc2e9336f5ef920dc17fb440d5a65ec74445b68cbc35
bubbly,Bubbly,131,distance_mm,training/bubbly.measurement_131.csv.6jlbok23.ingestion-544b9ff949-rn5s8.json,500,e29c85c8549c645f244abc2e9336f5ef920dc17fb440d5a65ec74445b68cbc35
bubbly,Bubbly,131,sigma_like,training/bubbly.measurement_131.csv.6jlbok23.ingestion-544b9ff949-rn5s8.json,500,e29c85c8549c645f244abc2e9336f5ef920dc17fb440d5a65ec74445b68cbc35
bubbly,Bubbly,131,signal_rate_mcps,training/bubbly.measurement_131.csv.6jlbok23.ingestion-544b9ff949-rn5s8.json,500,e29c85c8549c645f244abc2e9336f5ef920dc17fb440d5a65ec74445b68cbc35
bubbly,Bubbly,132,ambient_rate_mcps,training/bubbly.measurement_132.csv.6jlbok3d.ingestion-544b9ff949-kks7w.json,500,eda7ccd682669b5177ce57d251fdf6a5eba3d347d7a90b4ba2203c9981b66e8f
bubbly,Bubbly,132,distance_mm,training/bubbly.measurement_132.csv.6jlbok3d.ingestion-544b9ff949-kks7w.json,500,eda7ccd682669b5177ce57d251fdf6a5eba3d347d7a90b4ba2203c9981b66e8f
bubbly,Bubbly,132,sigma_like,training/bubbly.measurement_132.csv.6jlbok3d.ingestion-544b9ff949-kks7w.json,500,eda7ccd682669b5177ce57d251fdf6a5eba3d347d7a90b4ba2203c9981b66e8f
bubbly,Bubbly,132,signal_rate_mcps,training/bubbly.measurement_132.csv.6jlbok3d.ingestion-544b9ff949-kks7w.json,500,eda7ccd682669b5177ce57d251fdf6a5eba3d347d7a90b4ba2203c9981b66e8f
bubbly,Bubbly,133,ambient_rate_mcps,training/bubbly.measurement_133.csv.6jlbok2j.ingestion-544b9ff949-ft4f6.json,500,2b4c5a170852317e6a3d642c39e5b7903d520fba74640aeb22923ab530abff72
bubbly,Bubbly,133,distance_mm,training/bubbly.measurement_133.csv.6jlbok2j.ingestion-544b9ff949-ft4f6.json,500,2b4c5a170852317e6a3d642c39e5b7903d520fba74640aeb22923ab530abff72
bubbly,Bubbly,133,sigma_like,training/bubbly.measurement_133.csv.6jlbok2j.ingestion-544b9ff949-ft4f6.json,500,2b4c5a170852317e6a3d642c39e5b7903d520fba74640aeb22923ab530abff72
bubbly,Bubbly,133,signal_rate_mcps,training/bubbly.measurement_133.csv.6jlbok2j.ingestion-544b9ff949-ft4f6.json,500,2b4c5a170852317e6a3d642c39e5b7903d520fba74640aeb22923ab530abff72
bubbly,Bubbly,134,ambient_rate_mcps,training/bubbly.measurement_134.csv.6jlbok2p.ingestion-544b9ff949-rn5s8.json,500,90f252dbae1c124486e32076dc67ea5f83f50e594735b86b902ac576f9a37313
bubbly,Bubbly,134,distance_mm,training/bubbly.measurement_134.csv.6jlbok2p.ingestion-544b9ff949-rn5s8.json,500,90f252dbae1c124486e32076dc67ea5f83f50e594735b86b902ac576f9a37313
bubbly,Bubbly,134,sigma_like,training/bubbly.measurement_134.csv.6jlbok2p.ingestion-544b9ff949-rn5s8.json,500,90f252dbae1c124486e32076dc67ea5f83f50e594735b86b902ac576f9a37313
bubbly,Bubbly,134,signal_rate_mcps,training/bubbly.measurement_134.csv.6jlbok2p.ingestion-544b9ff949-rn5s8.json,500,90f252dbae1c124486e32076dc67ea5f83f50e594735b86b902ac576f9a37313
bubbly,Bubbly,135,ambient_rate_mcps,training/bubbly.measurement_135.csv.6jlbok5u.ingestion-544b9ff949-kks7w.json,500,6aa29816c768810c607589e141f4cd4eb5bcb5dc1dbdb9cebdf983432fd8ae64
bubbly,Bubbly,135,distance_mm,training/bubbly.measurement_135.csv.6jlbok5u.ingestion-544b9ff949-kks7w.json,500,6aa29816c768810c607589e141f4cd4eb5bcb5dc1dbdb9cebdf983432fd8ae64
bubbly,Bubbly,135,sigma_like,training/bubbly.measurement_135.csv.6jlbok5u.ingestion-544b9ff949-kks7w.json,500,6aa29816c768810c607589e141f4cd4eb5bcb5dc1dbdb9cebdf983432fd8ae64
bubbly,Bubbly,135,signal_rate_mcps,training/bubbly.measurement_135.csv.6jlbok5u.ingestion-544b9ff949-kks7w.json,500,6aa29816c768810c607589e141f4cd4eb5bcb5dc1dbdb9cebdf983432fd8ae64
bubbly,Bubbly,136,ambient_rate_mcps,training/bubbly.measurement_136.csv.6jlbok5p.ingestion-544b9ff949-ft4f6.json,500,b4aa91236654f6b27598b7c4f5d1e649483e5d3f0868db33dd821e52407b2470
bubbly,Bubbly,136,distance_mm,training/bubbly.measurement_136.csv.6jlbok5p.ingestion-544b9ff949-ft4f6.json,500,b4aa91236654f6b27598b7c4f5d1e649483e5d3f0868db33dd821e52407b2470
bubbly,Bubbly,136,sigma_like,training/bubbly.measurement_136.csv.6jlbok5p.ingestion-544b9ff949-ft4f6.json,500,b4aa91236654f6b27598b7c4f5d1e649483e5d3f0868db33dd821e52407b2470
bubbly,Bubbly,136,signal_rate_mcps,training/bubbly.measurement_136.csv.6jlbok5p.ingestion-544b9ff949-ft4f6.json,500,b4aa91236654f6b27598b7c4f5d1e649483e5d3f0868db33dd821e52407b2470
bubbly,Bubbly,137,ambient_rate_mcps,training/bubbly.measurement_137.csv.6jlbok5u.ingestion-544b9ff949-rn5s8.json,500,4ca8a7d97c6fb5f18c404e499b8a28f3fd6edef3587ad333fe939814a75d0c4b
bubbly,Bubbly,137,distance_mm,training/bubbly.measurement_137.csv.6jlbok5u.ingestion-544b9ff949-rn5s8.json,500,4ca8a7d97c6fb5f18c404e499b8a28f3fd6edef3587ad333fe939814a75d0c4b
bubbly,Bubbly,137,sigma_like,training/bubbly.measurement_137.csv.6jlbok5u.ingestion-544b9ff949-rn5s8.json,500,4ca8a7d97c6fb5f18c404e499b8a28f3fd6edef3587ad333fe939814a75d0c4b
bubbly,Bubbly,137,signal_rate_mcps,training/bubbly.measurement_137.csv.6jlbok5u.ingestion-544b9ff949-rn5s8.json,500,4ca8a7d97c6fb5f18c404e499b8a28f3fd6edef3587ad333fe939814a75d0c4b
bubbly,Bubbly,138,ambient_rate_mcps,training/bubbly.measurement_138.csv.6jlbok64.ingestion-544b9ff949-kks7w.json,500,296d9895f59998d1aba0c743c0991da13bc8f11a76b4702cf610088ea8585ffd
bubbly,Bubbly,138,distance_mm,training/bubbly.measurement_138.csv.6jlbok64.ingestion-544b9ff949-kks7w.json,500,296d9895f59998d1aba0c743c0991da13bc8f11a76b4702cf610088ea8585ffd
bubbly,Bubbly,138,sigma_like,training/bubbly.measurement_138.csv.6jlbok64.ingestion-544b9ff949-kks7w.json,500,296d9895f59998d1aba0c743c0991da13bc8f11a76b4702cf610088ea8585ffd
bubbly,Bubbly,138,signal_rate_mcps,training/bubbly.measurement_138.csv.6jlbok64.ingestion-544b9ff949-kks7w.json,500,296d9895f59998d1aba0c743c0991da13bc8f11a76b4702cf610088ea8585ffd
bubbly,Bubbly,14,ambient_rate_mcps,training/bubbly.measurement_14.csv.6jlbok68.ingestion-544b9ff949-rn5s8.json,500,5649ab941db619be13c29810d48f0d41aabcd92ab7f289937ecfdc8df8815836
bubbly,Bubbly,14,distance_mm,training/bubbly.measurement_14.csv.6jlbok68.ingestion-544b9ff949-rn5s8.json,500,5649ab941db619be13c29810d48f0d41aabcd92ab7f289937ecfdc8df8815836
bubbly,Bubbly,14,sigma_like,training/bubbly.measurement_14.csv.6jlbok68.ingestion-544b9ff949-rn5s8.json,500,5649ab941db619be13c29810d48f0d41aabcd92ab7f289937ecfdc8df8815836
bubbly,Bubbly,14,signal_rate_mcps,training/bubbly.measurement_14.csv.6jlbok68.ingestion-544b9ff949-rn5s8.json,500,5649ab941db619be13c29810d48f0d41aabcd92ab7f289937ecfdc8df8815836
bubbly,Bubbly,140,ambient_rate_mcps,training/bubbly.measurement_140.csv.6jlbok6k.ingestion-544b9ff949-kks7w.json,500,6472be025eb7390c96d4f03789aeea62cc22e4dcf588241094fd4dfcf3e82d14
bubbly,Bubbly,140,distance_mm,training/bubbly.measurement_140.csv.6jlbok6k.ingestion-544b9ff949-kks7w.json,500,6472be025eb7390c96d4f03789aeea62cc22e4dcf588241094fd4dfcf3e82d14
bubbly,Bubbly,140,sigma_like,training/bubbly.measurement_140.csv.6jlbok6k.ingestion-544b9ff949-kks7w.json,500,6472be025eb7390c96d4f03789aeea62cc22e4dcf588241094fd4dfcf3e82d14
bubbly,Bubbly,140,signal_rate_mcps,training/bubbly.measurement_140.csv.6jlbok6k.ingestion-544b9ff949-kks7w.json,500,6472be025eb7390c96d4f03789aeea62cc22e4dcf588241094fd4dfcf3e82d14
bubbly,Bubbly,15,ambient_rate_mcps,training/bubbly.measurement_15.csv.6jlbok7h.ingestion-544b9ff949-ft4f6.json,500,1c4a5cf6d25af498de3a1664006b71368c4836ff8abe2a1638840738231516e8
bubbly,Bubbly,15,distance_mm,training/bubbly.measurement_15.csv.6jlbok7h.ingestion-544b9ff949-ft4f6.json,500,1c4a5cf6d25af498de3a1664006b71368c4836ff8abe2a1638840738231516e8
bubbly,Bubbly,15,sigma_like,training/bubbly.measurement_15.csv.6jlbok7h.ingestion-544b9ff949-ft4f6.json,500,1c4a5cf6d25af498de3a1664006b71368c4836ff8abe2a1638840738231516e8
bubbly,Bubbly,15,signal_rate_mcps,training/bubbly.measurement_15.csv.6jlbok7h.ingestion-544b9ff949-ft4f6.json,500,1c4a5cf6d25af498de3a1664006b71368c4836ff8abe2a1638840738231516e8
bubbly,Bubbly,16,ambient_rate_mcps,training/bubbly.measurement_16.csv.6jlbok79.ingestion-544b9ff949-rn5s8.json,500,506edf19fc5e8f3f33ef5541da0d3be85a0d5f457797befca07f4ea6711870e6
bubbly,Bubbly,16,distance_mm,training/bubbly.measurement_16.csv.6jlbok79.ingestion-544b9ff949-rn5s8.json,500,506edf19fc5e8f3f33ef5541da0d3be85a0d5f457797befca07f4ea6711870e6
bubbly,Bubbly,16,sigma_like,training/bubbly.measurement_16.csv.6jlbok79.ingestion-544b9ff949-rn5s8.json,500,506edf19fc5e8f3f33ef5541da0d3be85a0d5f457797befca07f4ea6711870e6
bubbly,Bubbly,16,signal_rate_mcps,training/bubbly.measurement_16.csv.6jlbok79.ingestion-544b9ff949-rn5s8.json,500,506edf19fc5e8f3f33ef5541da0d3be85a0d5f457797befca07f4ea6711870e6
bubbly,Bubbly,18,ambient_rate_mcps,training/bubbly.measurement_18.csv.6jlbok9s.ingestion-544b9ff949-ft4f6.json,500,94d8b01da1a50d227456f199b26bc4c898203c07f58e3cd91dd1c4a067dc9eb7
bubbly,Bubbly,18,distance_mm,training/bubbly.measurement_18.csv.6jlbok9s.ingestion-544b9ff949-ft4f6.json,500,94d8b01da1a50d227456f199b26bc4c898203c07f58e3cd91dd1c4a067dc9eb7
bubbly,Bubbly,18,sigma_like,training/bubbly.measurement_18.csv.6jlbok9s.ingestion-544b9ff949-ft4f6.json,500,94d8b01da1a50d227456f199b26bc4c898203c07f58e3cd91dd1c4a067dc9eb7
bubbly,Bubbly,18,signal_rate_mcps,training/bubbly.measurement_18.csv.6jlbok9s.ingestion-544b9ff949-ft4f6.json,500,94d8b01da1a50d227456f199b26bc4c898203c07f58e3cd91dd1c4a067dc9eb7
bubbly,Bubbly,19,ambient_rate_mcps,training/bubbly.measurement_19.csv.6jlbokat.ingestion-544b9ff949-rn5s8.json,500,765b650e60bb0a2856b30596848619bd029e1efc27a54703449371e7c197bc12
bubbly,Bubbly,19,distance_mm,training/bubbly.measurement_19.csv.6jlbokat.ingestion-544b9ff949-rn5s8.json,500,765b650e60bb0a2856b30596848619bd029e1efc27a54703449371e7c197bc12
bubbly,Bubbly,19,sigma_like,training/bubbly.measurement_19.csv.6jlbokat.ingestion-544b9ff949-rn5s8.json,500,765b650e60bb0a2856b30596848619bd029e1efc27a54703449371e7c197bc12
bubbly,Bubbly,19,signal_rate_mcps,training/bubbly.measurement_19.csv.6jlbokat.ingestion-544b9ff949-rn5s8.json,500,765b650e60bb0a2856b30596848619bd029e1efc27a54703449371e7c197bc12
bubbly,Bubbly,2,ambient_rate_mcps,training/bubbly.measurement_2.csv.6jlbokb5.ingestion-544b9ff949-kks7w.json,500,cf930b6119bd0713c259453b23d77f4fa14c39663ac0f2fc09ff943dd6c087a6
bubbly,Bubbly,2,distance_mm,training/bubbly.measurement_2.csv.6jlbokb5.ingestion-544b9ff949-kks7w.json,500,cf930b6119bd0713c259453b23d77f4fa14c39663ac0f2fc09ff943dd6c087a6
bubbly,Bubbly,2,sigma_like,training/bubbly.measurement_2.csv.6jlbokb5.ingestion-544b9ff949-kks7w.json,500,cf930b6119bd0713c259453b23d77f4fa14c39663ac0f2fc09ff943dd6c087a6
bubbly,Bubbly,2,signal_rate_mcps,training/bubbly.measurement_2.csv.6jlbokb5.ingestion-544b9ff949-kks7w.json,500,cf930b6119bd0713c259453b23d77f4fa14c39663ac0f2fc09ff943dd6c087a6
bubbly,Bubbly,20,ambient_rate_mcps,training/bubbly.measurement_20.csv.6jlbokbc.ingestion-544b9ff949-ft4f6.json,500,0a555d4c2eebeda1daf1f1c466c842f08855230eb06c5a6fc7073c7a310a2378
bubbly,Bubbly,20,distance_mm,training/bubbly.measurement_20.csv.6jlbokbc.ingestion-544b9ff949-ft4f6.json,500,0a555d4c2eebeda1daf1f1c466c842f08855230eb06c5a6fc7073c7a310a2378
bubbly,Bubbly,20,sigma_like,training/bubbly.measurement_20.csv.6jlbokbc.ingestion-544b9ff949-ft4f6.json,500,0a555d4c2eebeda1daf1f1c466c842f08855230eb06c5a6fc7073c7a310a2378
bubbly,Bubbly,20,signal_rate_mcps,training/bubbly.measurement_20.csv.6jlbokbc.ingestion-544b9ff949-ft4f6.json,500,0a555d4c2eebeda1daf1f1c466c842f08855230eb06c5a6fc7073c7a310a2378
bubbly,Bubbly,22,ambient_rate_mcps,training/bubbly.measurement_22.csv.6jlbokc2.ingestion-544b9ff949-kks7w.json,500,8b0ac2e03a80935fd737e2ef688b9a2889bdd0020250e286161e9f673524de33
bubbly,Bubbly,22,distance_mm,training/bubbly.measurement_22.csv.6jlbokc2.ingestion-544b9ff949-kks7w.json,500,8b0ac2e03a80935fd737e2ef688b9a2889bdd0020250e286161e9f673524de33
bubbly,Bubbly,22,sigma_like,training/bubbly.measurement_22.csv.6jlbokc2.ingestion-544b9ff949-kks7w.json,500,8b0ac2e03a80935fd737e2ef688b9a2889bdd0020250e286161e9f673524de33
bubbly,Bubbly,22,signal_rate_mcps,training/bubbly.measurement_22.csv.6jlbokc2.ingestion-544b9ff949-kks7w.json,500,8b0ac2e03a80935fd737e2ef688b9a2889bdd0020250e286161e9f673524de33
bubbly,Bubbly,23,ambient_rate_mcps,training/bubbly.measurement_23.csv.6jlbokcr.ingestion-544b9ff949-ft4f6.json,500,5328cbff0c2f64276af4ff80077f4ea56ed0943ef2cbc44a5fcdae7b663bb33c
bubbly,Bubbly,23,distance_mm,training/bubbly.measurement_23.csv.6jlbokcr.ingestion-544b9ff949-ft4f6.json,500,5328cbff0c2f64276af4ff80077f4ea56ed0943ef2cbc44a5fcdae7b663bb33c
bubbly,Bubbly,23,sigma_like,training/bubbly.measurement_23.csv.6jlbokcr.ingestion-544b9ff949-ft4f6.json,500,5328cbff0c2f64276af4ff80077f4ea56ed0943ef2cbc44a5fcdae7b663bb33c
bubbly,Bubbly,23,signal_rate_mcps,training/bubbly.measurement_23.csv.6jlbokcr.ingestion-544b9ff949-ft4f6.json,500,5328cbff0c2f64276af4ff80077f4ea56ed0943ef2cbc44a5fcdae7b663bb33c
bubbly,Bubbly,24,ambient_rate_mcps,training/bubbly.measurement_24.csv.6jlbokcr.ingestion-544b9ff949-rn5s8.json,500,7d35a038f877500a35d88eb2f5c13bb443265b366aea0a67d6a4596d929f6194
bubbly,Bubbly,24,distance_mm,training/bubbly.measurement_24.csv.6jlbokcr.ingestion-544b9ff949-rn5s8.json,500,7d35a038f877500a35d88eb2f5c13bb443265b366aea0a67d6a4596d929f6194
bubbly,Bubbly,24,sigma_like,training/bubbly.measurement_24.csv.6jlbokcr.ingestion-544b9ff949-rn5s8.json,500,7d35a038f877500a35d88eb2f5c13bb443265b366aea0a67d6a4596d929f6194
bubbly,Bubbly,24,signal_rate_mcps,training/bubbly.measurement_24.csv.6jlbokcr.ingestion-544b9ff949-rn5s8.json,500,7d35a038f877500a35d88eb2f5c13bb443265b366aea0a67d6a4596d929f6194
bubbly,Bubbly,25,ambient_rate_mcps,training/bubbly.measurement_25.csv.6jlbokd1.ingestion-544b9ff949-kks7w.json,500,4a2adc5d09a100a0b4a23f2f054644ac641b860f11103b2de0d2b9b9e87f21a8
bubbly,Bubbly,25,distance_mm,training/bubbly.measurement_25.csv.6jlbokd1.ingestion-544b9ff949-kks7w.json,500,4a2adc5d09a100a0b4a23f2f054644ac641b860f11103b2de0d2b9b9e87f21a8
bubbly,Bubbly,25,sigma_like,training/bubbly.measurement_25.csv.6jlbokd1.ingestion-544b9ff949-kks7w.json,500,4a2adc5d09a100a0b4a23f2f054644ac641b860f11103b2de0d2b9b9e87f21a8
bubbly,Bubbly,25,signal_rate_mcps,training/bubbly.measurement_25.csv.6jlbokd1.ingestion-544b9ff949-kks7w.json,500,4a2adc5d09a100a0b4a23f2f054644ac641b860f11103b2de0d2b9b9e87f21a8
bubbly,Bubbly,27,ambient_rate_mcps,training/bubbly.measurement_27.csv.6jlbokg4.ingestion-544b9ff949-rn5s8.json,500,af6bd2854021ce5688289b005cf37e872c4b8a573a9384ff191e1302dc6d39a0
bubbly,Bubbly,27,distance_mm,training/bubbly.measurement_27.csv.6jlbokg4.ingestion-544b9ff949-rn5s8.json,500,af6bd2854021ce5688289b005cf37e872c4b8a573a9384ff191e1302dc6d39a0
bubbly,Bubbly,27,sigma_like,training/bubbly.measurement_27.csv.6jlbokg4.ingestion-544b9ff949-rn5s8.json,500,af6bd2854021ce5688289b005cf37e872c4b8a573a9384ff191e1302dc6d39a0
bubbly,Bubbly,27,signal_rate_mcps,training/bubbly.measurement_27.csv.6jlbokg4.ingestion-544b9ff949-rn5s8.json,500,af6bd2854021ce5688289b005cf37e872c4b8a573a9384ff191e1302dc6d39a0
bubbly,Bubbly,28,ambient_rate_mcps,training/bubbly.measurement_28.csv.6jlbokg1.ingestion-544b9ff949-kks7w.json,500,a504f4745e4754ec03bd4a4ef501b2deaf4bf52e132540c428c47b59e5a76e33
bubbly,Bubbly,28,distance_mm,training/bubbly.measurement_28.csv.6jlbokg1.ingestion-544b9ff949-kks7w.json,500,a504f4745e4754ec03bd4a4ef501b2deaf4bf52e132540c428c47b59e5a76e33
bubbly,Bubbly,28,sigma_like,training/bubbly.measurement_28.csv.6jlbokg1.ingestion-544b9ff949-kks7w.json,500,a504f4745e4754ec03bd4a4ef501b2deaf4bf52e132540c428c47b59e5a76e33
bubbly,Bubbly,28,signal_rate_mcps,training/bubbly.measurement_28.csv.6jlbokg1.ingestion-544b9ff949-kks7w.json,500,a504f4745e4754ec03bd4a4ef501b2deaf4bf52e132540c428c47b59e5a76e33
bubbly,Bubbly,29,ambient_rate_mcps,training/bubbly.measurement_29.csv.6jlbokg3.ingestion-544b9ff949-ft4f6.json,500,6aa43f70178b5d024723661b130ae8a31f735cd4e0d539d9f3c035fc6ace84dd
bubbly,Bubbly,29,distance_mm,training/bubbly.measurement_29.csv.6jlbokg3.ingestion-544b9ff949-ft4f6.json,500,6aa43f70178b5d024723661b130ae8a31f735cd4e0d539d9f3c035fc6ace84dd
bubbly,Bubbly,29,sigma_like,training/bubbly.measurement_29.csv.6jlbokg3.ingestion-544b9ff949-ft4f6.json,500,6aa43f70178b5d024723661b130ae8a31f735cd4e0d539d9f3c035fc6ace84dd
bubbly,Bubbly,29,signal_rate_mcps,training/bubbly.measurement_29.csv.6jlbokg3.ingestion-544b9ff949-ft4f6.json,500,6aa43f70178b5d024723661b130ae8a31f735cd4e0d539d9f3c035fc6ace84dd
bubbly,Bubbly,3,ambient_rate_mcps,training/bubbly.measurement_3.csv.6jlbokg9.ingestion-544b9ff949-rn5s8.json,500,55d1cae9072d5af27f8b19d2458d956e4376a041358c462eeb19f9006fa4a9fd
bubbly,Bubbly,3,distance_mm,training/bubbly.measurement_3.csv.6jlbokg9.ingestion-544b9ff949-rn5s8.json,500,55d1cae9072d5af27f8b19d2458d956e4376a041358c462eeb19f9006fa4a9fd
bubbly,Bubbly,3,sigma_like,training/bubbly.measurement_3.csv.6jlbokg9.ingestion-544b9ff949-rn5s8.json,500,55d1cae9072d5af27f8b19d2458d956e4376a041358c462eeb19f9006fa4a9fd
bubbly,Bubbly,3,signal_rate_mcps,training/bubbly.measurement_3.csv.6jlbokg9.ingestion-544b9ff949-rn5s8.json,500,55d1cae9072d5af27f8b19d2458d956e4376a041358c462eeb19f9006fa4a9fd
bubbly,Bubbly,31,ambient_rate_mcps,training/bubbly.measurement_31.csv.6jlbokgi.ingestion-544b9ff949-ft4f6.json,500,5594f6591f85b0252aa18ddd2dfbb7524e4f1339dae4e38c2ef33b089dbaf7f1
bubbly,Bubbly,31,distance_mm,training/bubbly.measurement_31.csv.6jlbokgi.ingestion-544b9ff949-ft4f6.json,500,5594f6591f85b0252aa18ddd2dfbb7524e4f1339dae4e38c2ef33b089dbaf7f1
bubbly,Bubbly,31,sigma_like,training/bubbly.measurement_31.csv.6jlbokgi.ingestion-544b9ff949-ft4f6.json,500,5594f6591f85b0252aa18ddd2dfbb7524e4f1339dae4e38c2ef33b089dbaf7f1
bubbly,Bubbly,31,signal_rate_mcps,training/bubbly.measurement_31.csv.6jlbokgi.ingestion-544b9ff949-ft4f6.json,500,5594f6591f85b0252aa18ddd2dfbb7524e4f1339dae4e38c2ef33b089dbaf7f1
bubbly,Bubbly,32,ambient_rate_mcps,training/bubbly.measurement_32.csv.6jlbokht.ingestion-544b9ff949-rn5s8.json,500,66ed776afc49a43cc55355a178471bebec58fe9cde386c8559cba5cbc1236735
bubbly,Bubbly,32,distance_mm,training/bubbly.measurement_32.csv.6jlbokht.ingestion-544b9ff949-rn5s8.json,500,66ed776afc49a43cc55355a178471bebec58fe9cde386c8559cba5cbc1236735
bubbly,Bubbly,32,sigma_like,training/bubbly.measurement_32.csv.6jlbokht.ingestion-544b9ff949-rn5s8.json,500,66ed776afc49a43cc55355a178471bebec58fe9cde386c8559cba5cbc1236735
bubbly,Bubbly,32,signal_rate_mcps,training/bubbly.measurement_32.csv.6jlbokht.ingestion-544b9ff949-rn5s8.json,500,66ed776afc49a43cc55355a178471bebec58fe9cde386c8559cba5cbc1236735
bubbly,Bubbly,33,ambient_rate_mcps,training/bubbly.measurement_33.csv.6jlbokij.ingestion-544b9ff949-kks7w.json,500,38786275447717ea5b7914e6a2bd0e9a25c8f4328b46a62688acc69be53fd160
bubbly,Bubbly,33,distance_mm,training/bubbly.measurement_33.csv.6jlbokij.ingestion-544b9ff949-kks7w.json,500,38786275447717ea5b7914e6a2bd0e9a25c8f4328b46a62688acc69be53fd160
bubbly,Bubbly,33,sigma_like,training/bubbly.measurement_33.csv.6jlbokij.ingestion-544b9ff949-kks7w.json,500,38786275447717ea5b7914e6a2bd0e9a25c8f4328b46a62688acc69be53fd160
bubbly,Bubbly,33,signal_rate_mcps,training/bubbly.measurement_33.csv.6jlbokij.ingestion-544b9ff949-kks7w.json,500,38786275447717ea5b7914e6a2bd0e9a25c8f4328b46a62688acc69be53fd160
bubbly,Bubbly,34,ambient_rate_mcps,training/bubbly.measurement_34.csv.6jlbokj1.ingestion-544b9ff949-ft4f6.json,500,8dccd1d64133ea138a367a5880eeda6bda5ef8d2fb3591bfc37dce72ec08f13d
bubbly,Bubbly,34,distance_mm,training/bubbly.measurement_34.csv.6jlbokj1.ingestion-544b9ff949-ft4f6.json,500,8dccd1d64133ea138a367a5880eeda6bda5ef8d2fb3591bfc37dce72ec08f13d
bubbly,Bubbly,34,sigma_like,training/bubbly.measurement_34.csv.6jlbokj1.ingestion-544b9ff949-ft4f6.json,500,8dccd1d64133ea138a367a5880eeda6bda5ef8d2fb3591bfc37dce72ec08f13d
bubbly,Bubbly,34,signal_rate_mcps,training/bubbly.measurement_34.csv.6jlbokj1.ingestion-544b9ff949-ft4f6.json,500,8dccd1d64133ea138a367a5880eeda6bda5ef8d2fb3591bfc37dce72ec08f13d
bubbly,Bubbly,36,ambient_rate_mcps,training/bubbly.measurement_36.csv.6jlbokkn.ingestion-544b9ff949-kks7w.json,500,09cf8fd53ab149d682a21f7a9f26f71571ab74fb368d9a39297b6321cab7076e
bubbly,Bubbly,36,distance_mm,training/bubbly.measurement_36.csv.6jlbokkn.ingestion-544b9ff949-kks7w.json,500,09cf8fd53ab149d682a21f7a9f26f71571ab74fb368d9a39297b6321cab7076e
bubbly,Bubbly,36,sigma_like,training/bubbly.measurement_36.csv.6jlbokkn.ingestion-544b9ff949-kks7w.json,500,09cf8fd53ab149d682a21f7a9f26f71571ab74fb368d9a39297b6321cab7076e
bubbly,Bubbly,36,signal_rate_mcps,training/bubbly.measurement_36.csv.6jlbokkn.ingestion-544b9ff949-kks7w.json,500,09cf8fd53ab149d682a21f7a9f26f71571ab74fb368d9a39297b6321cab7076e
bubbly,Bubbly,37,ambient_rate_mcps,training/bubbly.measurement_37.csv.6jlbokku.ingestion-544b9ff949-ft4f6.json,500,98dbff358f343a5ac7b8f3c53fbeeecf7309251d7ed1221e46a4a3f6a843b303
bubbly,Bubbly,37,distance_mm,training/bubbly.measurement_37.csv.6jlbokku.ingestion-544b9ff949-ft4f6.json,500,98dbff358f343a5ac7b8f3c53fbeeecf7309251d7ed1221e46a4a3f6a843b303
bubbly,Bubbly,37,sigma_like,training/bubbly.measurement_37.csv.6jlbokku.ingestion-544b9ff949-ft4f6.json,500,98dbff358f343a5ac7b8f3c53fbeeecf7309251d7ed1221e46a4a3f6a843b303
bubbly,Bubbly,37,signal_rate_mcps,training/bubbly.measurement_37.csv.6jlbokku.ingestion-544b9ff949-ft4f6.json,500,98dbff358f343a5ac7b8f3c53fbeeecf7309251d7ed1221e46a4a3f6a843b303
bubbly,Bubbly,38,ambient_rate_mcps,training/bubbly.measurement_38.csv.6jlbokl7.ingestion-544b9ff949-rn5s8.json,500,d0c6bfca925536266b6a5e72fb08daadafb1fac1c4fe5e98fdf5dd01a34402b5
bubbly,Bubbly,38,distance_mm,training/bubbly.measurement_38.csv.6jlbokl7.ingestion-544b9ff949-rn5s8.json,500,d0c6bfca925536266b6a5e72fb08daadafb1fac1c4fe5e98fdf5dd01a34402b5
bubbly,Bubbly,38,sigma_like,training/bubbly.measurement_38.csv.6jlbokl7.ingestion-544b9ff949-rn5s8.json,500,d0c6bfca925536266b6a5e72fb08daadafb1fac1c4fe5e98fdf5dd01a34402b5
bubbly,Bubbly,38,signal_rate_mcps,training/bubbly.measurement_38.csv.6jlbokl7.ingestion-544b9ff949-rn5s8.json,500,d0c6bfca925536266b6a5e72fb08daadafb1fac1c4fe5e98fdf5dd01a34402b5
bubbly,Bubbly,39,ambient_rate_mcps,training/bubbly.measurement_39.csv.6jlbokld.ingestion-544b9ff949-kks7w.json,500,acd8fce5e81d01998e62a37efd8eba2df51193513f5e99ce179db16690a74f8e
bubbly,Bubbly,39,distance_mm,training/bubbly.measurement_39.csv.6jlbokld.ingestion-544b9ff949-kks7w.json,500,acd8fce5e81d01998e62a37efd8eba2df51193513f5e99ce179db16690a74f8e
bubbly,Bubbly,39,sigma_like,training/bubbly.measurement_39.csv.6jlbokld.ingestion-544b9ff949-kks7w.json,500,acd8fce5e81d01998e62a37efd8eba2df51193513f5e99ce179db16690a74f8e
bubbly,Bubbly,39,signal_rate_mcps,training/bubbly.measurement_39.csv.6jlbokld.ingestion-544b9ff949-kks7w.json,500,acd8fce5e81d01998e62a37efd8eba2df51193513f5e99ce179db16690a74f8e
bubbly,Bubbly,40,ambient_rate_mcps,training/bubbly.measurement_40.csv.6jlbokmt.ingestion-544b9ff949-rn5s8.json,500,466d5e2ea6167bd483ab5d2a97d875ac88e356440d26603cfa22f4c1431d0548
bubbly,Bubbly,40,distance_mm,training/bubbly.measurement_40.csv.6jlbokmt.ingestion-544b9ff949-rn5s8.json,500,466d5e2ea6167bd483ab5d2a97d875ac88e356440d26603cfa22f4c1431d0548
bubbly,Bubbly,40,sigma_like,training/bubbly.measurement_40.csv.6jlbokmt.ingestion-544b9ff949-rn5s8.json,500,466d5e2ea6167bd483ab5d2a97d875ac88e356440d26603cfa22f4c1431d0548
bubbly,Bubbly,40,signal_rate_mcps,training/bubbly.measurement_40.csv.6jlbokmt.ingestion-544b9ff949-rn5s8.json,500,466d5e2ea6167bd483ab5d2a97d875ac88e356440d26603cfa22f4c1431d0548
bubbly,Bubbly,41,ambient_rate_mcps,training/bubbly.measurement_41.csv.6jlboknb.ingestion-544b9ff949-kks7w.json,500,f681b9d3f2177b60e7eab7ce3f68e08850237f58759b3678571fc6d3aa97f04e
bubbly,Bubbly,41,distance_mm,training/bubbly.measurement_41.csv.6jlboknb.ingestion-544b9ff949-kks7w.json,500,f681b9d3f2177b60e7eab7ce3f68e08850237f58759b3678571fc6d3aa97f04e
bubbly,Bubbly,41,sigma_like,training/bubbly.measurement_41.csv.6jlboknb.ingestion-544b9ff949-kks7w.json,500,f681b9d3f2177b60e7eab7ce3f68e08850237f58759b3678571fc6d3aa97f04e
bubbly,Bubbly,41,signal_rate_mcps,training/bubbly.measurement_41.csv.6jlboknb.ingestion-544b9ff949-kks7w.json,500,f681b9d3f2177b60e7eab7ce3f68e08850237f58759b3678571fc6d3aa97f04e
bubbly,Bubbly,42,ambient_rate_mcps,training/bubbly.measurement_42.csv.6jlboknb.ingestion-544b9ff949-ft4f6.json,500,8f0488cb27e2a67ee3240fc0a0b3b65a1e303a247ce792303ab56fb64ec1f52a
bubbly,Bubbly,42,distance_mm,training/bubbly.measurement_42.csv.6jlboknb.ingestion-544b9ff949-ft4f6.json,500,8f0488cb27e2a67ee3240fc0a0b3b65a1e303a247ce792303ab56fb64ec1f52a
bubbly,Bubbly,42,sigma_like,training/bubbly.measurement_42.csv.6jlboknb.ingestion-544b9ff949-ft4f6.json,500,8f0488cb27e2a67ee3240fc0a0b3b65a1e303a247ce792303ab56fb64ec1f52a
bubbly,Bubbly,42,signal_rate_mcps,training/bubbly.measurement_42.csv.6jlboknb.ingestion-544b9ff949-ft4f6.json,500,8f0488cb27e2a67ee3240fc0a0b3b65a1e303a247ce792303ab56fb64ec1f52a
bubbly,Bubbly,43,ambient_rate_mcps,training/bubbly.measurement_43.csv.6jlbokno.ingestion-544b9ff949-rn5s8.json,500,8d0b3fe1174bb227c9ec57b7acb21abfe6c36eb4726aa1f1f8b4f6ab4a6d9dee
bubbly,Bubbly,43,distance_mm,training/bubbly.measurement_43.csv.6jlbokno.ingestion-544b9ff949-rn5s8.json,500,8d0b3fe1174bb227c9ec57b7acb21abfe6c36eb4726aa1f1f8b4f6ab4a6d9dee
bubbly,Bubbly,43,sigma_like,training/bubbly.measurement_43.csv.6jlbokno.ingestion-544b9ff949-rn5s8.json,500,8d0b3fe1174bb227c9ec57b7acb21abfe6c36eb4726aa1f1f8b4f6ab4a6d9dee
bubbly,Bubbly,43,signal_rate_mcps,training/bubbly.measurement_43.csv.6jlbokno.ingestion-544b9ff949-rn5s8.json,500,8d0b3fe1174bb227c9ec57b7acb21abfe6c36eb4726aa1f1f8b4f6ab4a6d9dee
bubbly,Bubbly,45,ambient_rate_mcps,training/bubbly.measurement_45.csv.6jlbokq1.ingestion-544b9ff949-ft4f6.json,500,cc843b751a4d1684824caf5f0a40d3b02fc4c0c9e2d23d8540dfebb2c5332ede
bubbly,Bubbly,45,distance_mm,training/bubbly.measurement_45.csv.6jlbokq1.ingestion-544b9ff949-ft4f6.json,500,cc843b751a4d1684824caf5f0a40d3b02fc4c0c9e2d23d8540dfebb2c5332ede
bubbly,Bubbly,45,sigma_like,training/bubbly.measurement_45.csv.6jlbokq1.ingestion-544b9ff949-ft4f6.json,500,cc843b751a4d1684824caf5f0a40d3b02fc4c0c9e2d23d8540dfebb2c5332ede
bubbly,Bubbly,45,signal_rate_mcps,training/bubbly.measurement_45.csv.6jlbokq1.ingestion-544b9ff949-ft4f6.json,500,cc843b751a4d1684824caf5f0a40d3b02fc4c0c9e2d23d8540dfebb2c5332ede
bubbly,Bubbly,46,ambient_rate_mcps,training/bubbly.measurement_46.csv.6jlbokq1.ingestion-544b9ff949-rn5s8.json,500,8b0c7d961382137cb7fbe3daf1b030583ca94355db4f448bd6cde4010eebf74b
bubbly,Bubbly,46,distance_mm,training/bubbly.measurement_46.csv.6jlbokq1.ingestion-544b9ff949-rn5s8.json,500,8b0c7d961382137cb7fbe3daf1b030583ca94355db4f448bd6cde4010eebf74b
bubbly,Bubbly,46,sigma_like,training/bubbly.measurement_46.csv.6jlbokq1.ingestion-544b9ff949-rn5s8.json,500,8b0c7d961382137cb7fbe3daf1b030583ca94355db4f448bd6cde4010eebf74b
bubbly,Bubbly,46,signal_rate_mcps,training/bubbly.measurement_46.csv.6jlbokq1.ingestion-544b9ff949-rn5s8.json,500,8b0c7d961382137cb7fbe3daf1b030583ca94355db4f448bd6cde4010eebf74b
bubbly,Bubbly,47,ambient_rate_mcps,training/bubbly.measurement_47.csv.6jlbokq4.ingestion-544b9ff949-kks7w.json,500,f0e5193e8994f6285beb74ea97aab3ebe2ac4b55033d12c8896ad934f72145bd
bubbly,Bubbly,47,distance_mm,training/bubbly.measurement_47.csv.6jlbokq4.ingestion-544b9ff949-kks7w.json,500,f0e5193e8994f6285beb74ea97aab3ebe2ac4b55033d12c8896ad934f72145bd
bubbly,Bubbly,47,sigma_like,training/bubbly.measurement_47.csv.6jlbokq4.ingestion-544b9ff949-kks7w.json,500,f0e5193e8994f6285beb74ea97aab3ebe2ac4b55033d12c8896ad934f72145bd
bubbly,Bubbly,47,signal_rate_mcps,training/bubbly.measurement_47.csv.6jlbokq4.ingestion-544b9ff949-kks7w.json,500,f0e5193e8994f6285beb74ea97aab3ebe2ac4b55033d12c8896ad934f72145bd
bubbly,Bubbly,48,ambient_rate_mcps,training/bubbly.measurement_48.csv.6jlbokqa.ingestion-544b9ff949-ft4f6.json,500,0dfc63159887261ecd5a6e72cfa458be4289b72bd5b856ce4fbba75a96cb3f5b
bubbly,Bubbly,48,distance_mm,training/bubbly.measurement_48.csv.6jlbokqa.ingestion-544b9ff949-ft4f6.json,500,0dfc63159887261ecd5a6e72cfa458be4289b72bd5b856ce4fbba75a96cb3f5b
bubbly,Bubbly,48,sigma_like,training/bubbly.measurement_48.csv.6jlbokqa.ingestion-544b9ff949-ft4f6.json,500,0dfc63159887261ecd5a6e72cfa458be4289b72bd5b856ce4fbba75a96cb3f5b
bubbly,Bubbly,48,signal_rate_mcps,training/bubbly.measurement_48.csv.6jlbokqa.ingestion-544b9ff949-ft4f6.json,500,0dfc63159887261ecd5a6e72cfa458be4289b72bd5b856ce4fbba75a96cb3f5b
bubbly,Bubbly,49,ambient_rate_mcps,training/bubbly.measurement_49.csv.6jlbokqf.ingestion-544b9ff949-rn5s8.json,500,977f28ee8a863e852962c46a71052820a80b00bd43989d456113ceb782d9f051
bubbly,Bubbly,49,distance_mm,training/bubbly.measurement_49.csv.6jlbokqf.ingestion-544b9ff949-rn5s8.json,500,977f28ee8a863e852962c46a71052820a80b00bd43989d456113ceb782d9f051
bubbly,Bubbly,49,sigma_like,training/bubbly.measurement_49.csv.6jlbokqf.ingestion-544b9ff949-rn5s8.json,500,977f28ee8a863e852962c46a71052820a80b00bd43989d456113ceb782d9f051
bubbly,Bubbly,49,signal_rate_mcps,training/bubbly.measurement_49.csv.6jlbokqf.ingestion-544b9ff949-rn5s8.json,500,977f28ee8a863e852962c46a71052820a80b00bd43989d456113ceb782d9f051
bubbly,Bubbly,50,ambient_rate_mcps,training/bubbly.measurement_50.csv.6jlboks3.ingestion-544b9ff949-ft4f6.json,500,cc2ad4f6141fb573260e551277f20813e5a1055d3e6a17aa2087f38139d0564e
bubbly,Bubbly,50,distance_mm,training/bubbly.measurement_50.csv.6jlboks3.ingestion-544b9ff949-ft4f6.json,500,cc2ad4f6141fb573260e551277f20813e5a1055d3e6a17aa2087f38139d0564e
bubbly,Bubbly,50,sigma_like,training/bubbly.measurement_50.csv.6jlboks3.ingestion-544b9ff949-ft4f6.json,500,cc2ad4f6141fb573260e551277f20813e5a1055d3e6a17aa2087f38139d0564e
bubbly,Bubbly,50,signal_rate_mcps,training/bubbly.measurement_50.csv.6jlboks3.ingestion-544b9ff949-ft4f6.json,500,cc2ad4f6141fb573260e551277f20813e5a1055d3e6a17aa2087f38139d0564e
bubbly,Bubbly,51,ambient_rate_mcps,training/bubbly.measurement_51.csv.6jlboksn.ingestion-544b9ff949-rn5s8.json,500,4806b07fad53e63e2038292f36473d2bd8d671d30033949addc31666d2f6c35b
bubbly,Bubbly,51,distance_mm,training/bubbly.measurement_51.csv.6jlboksn.ingestion-544b9ff949-rn5s8.json,500,4806b07fad53e63e2038292f36473d2bd8d671d30033949addc31666d2f6c35b
bubbly,Bubbly,51,sigma_like,training/bubbly.measurement_51.csv.6jlboksn.ingestion-544b9ff949-rn5s8.json,500,4806b07fad53e63e2038292f36473d2bd8d671d30033949addc31666d2f6c35b
bubbly,Bubbly,51,signal_rate_mcps,training/bubbly.measurement_51.csv.6jlboksn.ingestion-544b9ff949-rn5s8.json,500,4806b07fad53e63e2038292f36473d2bd8d671d30033949addc31666d2f6c35b
bubbly,Bubbly,52,ambient_rate_mcps,training/bubbly.measurement_52.csv.6jlboktk.ingestion-544b9ff949-kks7w.json,500,668404791e021b568fc5b3ed2a27466fa2a705f03dc4b21a4fe6db0e2d9bcbaf
bubbly,Bubbly,52,distance_mm,training/bubbly.measurement_52.csv.6jlboktk.ingestion-544b9ff949-kks7w.json,500,668404791e021b568fc5b3ed2a27466fa2a705f03dc4b21a4fe6db0e2d9bcbaf
bubbly,Bubbly,52,sigma_like,training/bubbly.measurement_52.csv.6jlboktk.ingestion-544b9ff949-kks7w.json,500,668404791e021b568fc5b3ed2a27466fa2a705f03dc4b21a4fe6db0e2d9bcbaf
bubbly,Bubbly,52,signal_rate_mcps,training/bubbly.measurement_52.csv.6jlboktk.ingestion-544b9ff949-kks7w.json,500,668404791e021b568fc5b3ed2a27466fa2a705f03dc4b21a4fe6db0e2d9bcbaf
bubbly,Bubbly,53,ambient_rate_mcps,training/bubbly.measurement_53.csv.6jlbokvl.ingestion-544b9ff949-ft4f6.json,500,92ab8e98ef358c4a6ae80e027c4485906cb34a0bd0607adaec8f9d2bf2a2ffc2
bubbly,Bubbly,53,distance_mm,training/bubbly.measurement_53.csv.6jlbokvl.ingestion-544b9ff949-ft4f6.json,500,92ab8e98ef358c4a6ae80e027c4485906cb34a0bd0607adaec8f9d2bf2a2ffc2
bubbly,Bubbly,53,sigma_like,training/bubbly.measurement_53.csv.6jlbokvl.ingestion-544b9ff949-ft4f6.json,500,92ab8e98ef358c4a6ae80e027c4485906cb34a0bd0607adaec8f9d2bf2a2ffc2
bubbly,Bubbly,53,signal_rate_mcps,training/bubbly.measurement_53.csv.6jlbokvl.ingestion-544b9ff949-ft4f6.json,500,92ab8e98ef358c4a6ae80e027c4485906cb34a0bd0607adaec8f9d2bf2a2ffc2
bubbly,Bubbly,55,ambient_rate_mcps,training/bubbly.measurement_55.csv.6jlbokvn.ingestion-544b9ff949-kks7w.json,500,9698f0e90be9b85071dee23a8d9f4020de9f38e47ae07230eeef972d8f65cec4
bubbly,Bubbly,55,distance_mm,training/bubbly.measurement_55.csv.6jlbokvn.ingestion-544b9ff949-kks7w.json,500,9698f0e90be9b85071dee23a8d9f4020de9f38e47ae07230eeef972d8f65cec4
bubbly,Bubbly,55,sigma_like,training/bubbly.measurement_55.csv.6jlbokvn.ingestion-544b9ff949-kks7w.json,500,9698f0e90be9b85071dee23a8d9f4020de9f38e47ae07230eeef972d8f65cec4
bubbly,Bubbly,55,signal_rate_mcps,training/bubbly.measurement_55.csv.6jlbokvn.ingestion-544b9ff949-kks7w.json,500,9698f0e90be9b85071dee23a8d9f4020de9f38e47ae07230eeef972d8f65cec4
bubbly,Bubbly,56,ambient_rate_mcps,training/bubbly.measurement_56.csv.6jlbokvq.ingestion-544b9ff949-ft4f6.json,500,4d427b130387d80030fbf2a5820347c53147cde94d2f83872e0c91f31ad35932
bubbly,Bubbly,56,distance_mm,training/bubbly.measurement_56.csv.6jlbokvq.ingestion-544b9ff949-ft4f6.json,500,4d427b130387d80030fbf2a5820347c53147cde94d2f83872e0c91f31ad35932
bubbly,Bubbly,56,sigma_like,training/bubbly.measurement_56.csv.6jlbokvq.ingestion-544b9ff949-ft4f6.json,500,4d427b130387d80030fbf2a5820347c53147cde94d2f83872e0c91f31ad35932
bubbly,Bubbly,56,signal_rate_mcps,training/bubbly.measurement_56.csv.6jlbokvq.ingestion-544b9ff949-ft4f6.json,500,4d427b130387d80030fbf2a5820347c53147cde94d2f83872e0c91f31ad35932
bubbly,Bubbly,57,ambient_rate_mcps,training/bubbly.measurement_57.csv.6jlbokvs.ingestion-544b9ff949-rn5s8.json,500,f9cd80ce755e1a44275e05670b5865ae4e8d1273ae2751e6ee00b978b199e7f9
bubbly,Bubbly,57,distance_mm,training/bubbly.measurement_57.csv.6jlbokvs.ingestion-544b9ff949-rn5s8.json,500,f9cd80ce755e1a44275e05670b5865ae4e8d1273ae2751e6ee00b978b199e7f9
bubbly,Bubbly,57,sigma_like,training/bubbly.measurement_57.csv.6jlbokvs.ingestion-544b9ff949-rn5s8.json,500,f9cd80ce755e1a44275e05670b5865ae4e8d1273ae2751e6ee00b978b199e7f9
bubbly,Bubbly,57,signal_rate_mcps,training/bubbly.measurement_57.csv.6jlbokvs.ingestion-544b9ff949-rn5s8.json,500,f9cd80ce755e1a44275e05670b5865ae4e8d1273ae2751e6ee00b978b199e7f9
bubbly,Bubbly,59,ambient_rate_mcps,training/bubbly.measurement_59.csv.6jlbol10.ingestion-544b9ff949-ft4f6.json,500,7c04a297bb3acc1791968101fe4b6dee307d46772598339a6954850cf88fee93
bubbly,Bubbly,59,distance_mm,training/bubbly.measurement_59.csv.6jlbol10.ingestion-544b9ff949-ft4f6.json,500,7c04a297bb3acc1791968101fe4b6dee307d46772598339a6954850cf88fee93
bubbly,Bubbly,59,sigma_like,training/bubbly.measurement_59.csv.6jlbol10.ingestion-544b9ff949-ft4f6.json,500,7c04a297bb3acc1791968101fe4b6dee307d46772598339a6954850cf88fee93
bubbly,Bubbly,59,signal_rate_mcps,training/bubbly.measurement_59.csv.6jlbol10.ingestion-544b9ff949-ft4f6.json,500,7c04a297bb3acc1791968101fe4b6dee307d46772598339a6954850cf88fee93
bubbly,Bubbly,6,ambient_rate_mcps,training/bubbly.measurement_6.csv.6jlbol17.ingestion-544b9ff949-rn5s8.json,500,6c12d148b1fb9b2d5355538562ed285501ea3e1aa01c80628a7040b0b5d82d81
bubbly,Bubbly,6,distance_mm,training/bubbly.measurement_6.csv.6jlbol17.ingestion-544b9ff949-rn5s8.json,500,6c12d148b1fb9b2d5355538562ed285501ea3e1aa01c80628a7040b0b5d82d81
bubbly,Bubbly,6,sigma_like,training/bubbly.measurement_6.csv.6jlbol17.ingestion-544b9ff949-rn5s8.json,500,6c12d148b1fb9b2d5355538562ed285501ea3e1aa01c80628a7040b0b5d82d81
bubbly,Bubbly,6,signal_rate_mcps,training/bubbly.measurement_6.csv.6jlbol17.ingestion-544b9ff949-rn5s8.json,500,6c12d148b1fb9b2d5355538562ed285501ea3e1aa01c80628a7040b0b5d82d81
bubbly,Bubbly,60,ambient_rate_mcps,training/bubbly.measurement_60.csv.6jlbol1q.ingestion-544b9ff949-kks7w.json,500,cd22f7b389d4c480a140f21fe1d7646cb4d6dbc76270bccf92f8c4ffca3051f9
bubbly,Bubbly,60,distance_mm,training/bubbly.measurement_60.csv.6jlbol1q.ingestion-544b9ff949-kks7w.json,500,cd22f7b389d4c480a140f21fe1d7646cb4d6dbc76270bccf92f8c4ffca3051f9
bubbly,Bubbly,60,sigma_like,training/bubbly.measurement_60.csv.6jlbol1q.ingestion-544b9ff949-kks7w.json,500,cd22f7b389d4c480a140f21fe1d7646cb4d6dbc76270bccf92f8c4ffca3051f9
bubbly,Bubbly,60,signal_rate_mcps,training/bubbly.measurement_60.csv.6jlbol1q.ingestion-544b9ff949-kks7w.json,500,cd22f7b389d4c480a140f21fe1d7646cb4d6dbc76270bccf92f8c4ffca3051f9
bubbly,Bubbly,62,ambient_rate_mcps,training/bubbly.measurement_62.csv.6jlbol2l.ingestion-544b9ff949-rn5s8.json,500,030e56c0aeb294955b23aadd719e88687d6e04042e0d8847b340132fe0f775b9
bubbly,Bubbly,62,distance_mm,training/bubbly.measurement_62.csv.6jlbol2l.ingestion-544b9ff949-rn5s8.json,500,030e56c0aeb294955b23aadd719e88687d6e04042e0d8847b340132fe0f775b9
bubbly,Bubbly,62,sigma_like,training/bubbly.measurement_62.csv.6jlbol2l.ingestion-544b9ff949-rn5s8.json,500,030e56c0aeb294955b23aadd719e88687d6e04042e0d8847b340132fe0f775b9
bubbly,Bubbly,62,signal_rate_mcps,training/bubbly.measurement_62.csv.6jlbol2l.ingestion-544b9ff949-rn5s8.json,500,030e56c0aeb294955b23aadd719e88687d6e04042e0d8847b340132fe0f775b9
bubbly,Bubbly,63,ambient_rate_mcps,training/bubbly.measurement_63.csv.6jlbol3n.ingestion-544b9ff949-kks7w.json,500,23479a31327c1336c35c447cd1b8eecd377af0e87e6328c2e94dbb0d20e12781
bubbly,Bubbly,63,distance_mm,training/bubbly.measurement_63.csv.6jlbol3n.ingestion-544b9ff949-kks7w.json,500,23479a31327c1336c35c447cd1b8eecd377af0e87e6328c2e94dbb0d20e12781
bubbly,Bubbly,63,sigma_like,training/bubbly.measurement_63.csv.6jlbol3n.ingestion-544b9ff949-kks7w.json,500,23479a31327c1336c35c447cd1b8eecd377af0e87e6328c2e94dbb0d20e12781
bubbly,Bubbly,63,signal_rate_mcps,training/bubbly.measurement_63.csv.6jlbol3n.ingestion-544b9ff949-kks7w.json,500,23479a31327c1336c35c447cd1b8eecd377af0e87e6328c2e94dbb0d20e12781
bubbly,Bubbly,64,ambient_rate_mcps,training/bubbly.measurement_64.csv.6jlbol4e.ingestion-544b9ff949-ft4f6.json,500,2ed568655328fa0a5530d8b150c30666bda131eefb57b560a4a80e1e6219f046
bubbly,Bubbly,64,distance_mm,training/bubbly.measurement_64.csv.6jlbol4e.ingestion-544b9ff949-ft4f6.json,500,2ed568655328fa0a5530d8b150c30666bda131eefb57b560a4a80e1e6219f046
bubbly,Bubbly,64,sigma_like,training/bubbly.measurement_64.csv.6jlbol4e.ingestion-544b9ff949-ft4f6.json,500,2ed568655328fa0a5530d8b150c30666bda131eefb57b560a4a80e1e6219f046
bubbly,Bubbly,64,signal_rate_mcps,training/bubbly.measurement_64.csv.6jlbol4e.ingestion-544b9ff949-ft4f6.json,500,2ed568655328fa0a5530d8b150c30666bda131eefb57b560a4a80e1e6219f046
bubbly,Bubbly,65,ambient_rate_mcps,training/bubbly.measurement_65.csv.6jlbol4f.ingestion-544b9ff949-rn5s8.json,500,7a463dcd971fbc68d48b16976c0a2cda6b3969c3b4e472582bc29e51c679cd05
bubbly,Bubbly,65,distance_mm,training/bubbly.measurement_65.csv.6jlbol4f.ingestion-544b9ff949-rn5s8.json,500,7a463dcd971fbc68d48b16976c0a2cda6b3969c3b4e472582bc29e51c679cd05
bubbly,Bubbly,65,sigma_like,training/bubbly.measurement_65.csv.6jlbol4f.ingestion-544b9ff949-rn5s8.json,500,7a463dcd971fbc68d48b16976c0a2cda6b3969c3b4e472582bc29e51c679cd05
bubbly,Bubbly,65,signal_rate_mcps,training/bubbly.measurement_65.csv.6jlbol4f.ingestion-544b9ff949-rn5s8.json,500,7a463dcd971fbc68d48b16976c0a2cda6b3969c3b4e472582bc29e51c679cd05
bubbly,Bubbly,66,ambient_rate_mcps,training/bubbly.measurement_66.csv.6jlbol4f.ingestion-544b9ff949-kks7w.json,500,de41c3a21f936950621803ee0f2693ebab0e827848b098bd288da3f2d52db605
bubbly,Bubbly,66,distance_mm,training/bubbly.measurement_66.csv.6jlbol4f.ingestion-544b9ff949-kks7w.json,500,de41c3a21f936950621803ee0f2693ebab0e827848b098bd288da3f2d52db605
bubbly,Bubbly,66,sigma_like,training/bubbly.measurement_66.csv.6jlbol4f.ingestion-544b9ff949-kks7w.json,500,de41c3a21f936950621803ee0f2693ebab0e827848b098bd288da3f2d52db605
bubbly,Bubbly,66,signal_rate_mcps,training/bubbly.measurement_66.csv.6jlbol4f.ingestion-544b9ff949-kks7w.json,500,de41c3a21f936950621803ee0f2693ebab0e827848b098bd288da3f2d52db605
bubbly,Bubbly,68,ambient_rate_mcps,training/bubbly.measurement_68.csv.6jlbol4l.ingestion-544b9ff949-rn5s8.json,500,936a4403f87d2e4faecb47f184484bbb70a385ab61934a8ca3450472fa3438ad
bubbly,Bubbly,68,distance_mm,training/bubbly.measurement_68.csv.6jlbol4l.ingestion-544b9ff949-rn5s8.json,500,936a4403f87d2e4faecb47f184484bbb70a385ab61934a8ca3450472fa3438ad
bubbly,Bubbly,68,sigma_like,training/bubbly.measurement_68.csv.6jlbol4l.ingestion-544b9ff949-rn5s8.json,500,936a4403f87d2e4faecb47f184484bbb70a385ab61934a8ca3450472fa3438ad
bubbly,Bubbly,68,signal_rate_mcps,training/bubbly.measurement_68.csv.6jlbol4l.ingestion-544b9ff949-rn5s8.json,500,936a4403f87d2e4faecb47f184484bbb70a385ab61934a8ca3450472fa3438ad
bubbly,Bubbly,69,ambient_rate_mcps,training/bubbly.measurement_69.csv.6jlbol63.ingestion-544b9ff949-kks7w.json,500,4bf07ae15e4154c8e2da06ba901d6a63e4b3a5eac86f70549fb1e71d09256145
bubbly,Bubbly,69,distance_mm,training/bubbly.measurement_69.csv.6jlbol63.ingestion-544b9ff949-kks7w.json,500,4bf07ae15e4154c8e2da06ba901d6a63e4b3a5eac86f70549fb1e71d09256145
bubbly,Bubbly,69,sigma_like,training/bubbly.measurement_69.csv.6jlbol63.ingestion-544b9ff949-kks7w.json,500,4bf07ae15e4154c8e2da06ba901d6a63e4b3a5eac86f70549fb1e71d09256145
bubbly,Bubbly,69,signal_rate_mcps,training/bubbly.measurement_69.csv.6jlbol63.ingestion-544b9ff949-kks7w.json,500,4bf07ae15e4154c8e2da06ba901d6a63e4b3a5eac86f70549fb1e71d09256145
bubbly,Bubbly,7,ambient_rate_mcps,training/bubbly.measurement_7.csv.6jlbol6j.ingestion-544b9ff949-ft4f6.json,500,3d64a370692dce757498f8cb7471df8c4ba4986a946d3d001c56e98f23c35f9e
bubbly,Bubbly,7,distance_mm,training/bubbly.measurement_7.csv.6jlbol6j.ingestion-544b9ff949-ft4f6.json,500,3d64a370692dce757498f8cb7471df8c4ba4986a946d3d001c56e98f23c35f9e
bubbly,Bubbly,7,sigma_like,training/bubbly.measurement_7.csv.6jlbol6j.ingestion-544b9ff949-ft4f6.json,500,3d64a370692dce757498f8cb7471df8c4ba4986a946d3d001c56e98f23c35f9e
bubbly,Bubbly,7,signal_rate_mcps,training/bubbly.measurement_7.csv.6jlbol6j.ingestion-544b9ff949-ft4f6.json,500,3d64a370692dce757498f8cb7471df8c4ba4986a946d3d001c56e98f23c35f9e
bubbly,Bubbly,70,ambient_rate_mcps,training/bubbly.measurement_70.csv.6jlbol8l.ingestion-544b9ff949-rn5s8.json,500,4bac18a1b0cafc725543dde8296317fad587cc3e088520ab5fcb87982001948a
bubbly,Bubbly,70,distance_mm,training/bubbly.measurement_70.csv.6jlbol8l.ingestion-544b9ff949-rn5s8.json,500,4bac18a1b0cafc725543dde8296317fad587cc3e088520ab5fcb87982001948a
bubbly,Bubbly,70,sigma_like,training/bubbly.measurement_70.csv.6jlbol8l.ingestion-544b9ff949-rn5s8.json,500,4bac18a1b0cafc725543dde8296317fad587cc3e088520ab5fcb87982001948a
bubbly,Bubbly,70,signal_rate_mcps,training/bubbly.measurement_70.csv.6jlbol8l.ingestion-544b9ff949-rn5s8.json,500,4bac18a1b0cafc725543dde8296317fad587cc3e088520ab5fcb87982001948a
bubbly,Bubbly,71,ambient_rate_mcps,training/bubbly.measurement_71.csv.6jlbola8.ingestion-544b9ff949-kks7w.json,500,4e99df3717029cd6015ed0d7bc8357f033ae96173c4bf9c140ace8307a3f256e
bubbly,Bubbly,71,distance_mm,training/bubbly.measurement_71.csv.6jlbola8.ingestion-544b9ff949-kks7w.json,500,4e99df3717029cd6015ed0d7bc8357f033ae96173c4bf9c140ace8307a3f256e
bubbly,Bubbly,71,sigma_like,training/bubbly.measurement_71.csv.6jlbola8.ingestion-544b9ff949-kks7w.json,500,4e99df3717029cd6015ed0d7bc8357f033ae96173c4bf9c140ace8307a3f256e
bubbly,Bubbly,71,signal_rate_mcps,training/bubbly.measurement_71.csv.6jlbola8.ingestion-544b9ff949-kks7w.json,500,4e99df3717029cd6015ed0d7bc8357f033ae96173c4bf9c140ace8307a3f256e
bubbly,Bubbly,72,ambient_rate_mcps,training/bubbly.measurement_72.csv.6jlbola4.ingestion-544b9ff949-ft4f6.json,500,ca061579665dab64e62ba5b87ffa2971922d72d36401da894269a8c0c0fc24cf
bubbly,Bubbly,72,distance_mm,training/bubbly.measurement_72.csv.6jlbola4.ingestion-544b9ff949-ft4f6.json,500,ca061579665dab64e62ba5b87ffa2971922d72d36401da894269a8c0c0fc24cf
bubbly,Bubbly,72,sigma_like,training/bubbly.measurement_72.csv.6jlbola4.ingestion-544b9ff949-ft4f6.json,500,ca061579665dab64e62ba5b87ffa2971922d72d36401da894269a8c0c0fc24cf
bubbly,Bubbly,72,signal_rate_mcps,training/bubbly.measurement_72.csv.6jlbola4.ingestion-544b9ff949-ft4f6.json,500,ca061579665dab64e62ba5b87ffa2971922d72d36401da894269a8c0c0fc24cf
bubbly,Bubbly,73,ambient_rate_mcps,training/bubbly.measurement_73.csv.6jlbola4.ingestion-544b9ff949-rn5s8.json,500,64953204bdd520173fd95a57779654adf9b756c6dc7d2bb3140cf5cf14379e1f
bubbly,Bubbly,73,distance_mm,training/bubbly.measurement_73.csv.6jlbola4.ingestion-544b9ff949-rn5s8.json,500,64953204bdd520173fd95a57779654adf9b756c6dc7d2bb3140cf5cf14379e1f
bubbly,Bubbly,73,sigma_like,training/bubbly.measurement_73.csv.6jlbola4.ingestion-544b9ff949-rn5s8.json,500,64953204bdd520173fd95a57779654adf9b756c6dc7d2bb3140cf5cf14379e1f
bubbly,Bubbly,73,signal_rate_mcps,training/bubbly.measurement_73.csv.6jlbola4.ingestion-544b9ff949-rn5s8.json,500,64953204bdd520173fd95a57779654adf9b756c6dc7d2bb3140cf5cf14379e1f
bubbly,Bubbly,74,ambient_rate_mcps,training/bubbly.measurement_74.csv.6jlbolae.ingestion-544b9ff949-kks7w.json,500,749f437671e9ec56c6cb7922a263530aaa5f0502e8f3e05f0b845b64c2db10ce
bubbly,Bubbly,74,distance_mm,training/bubbly.measurement_74.csv.6jlbolae.ingestion-544b9ff949-kks7w.json,500,749f437671e9ec56c6cb7922a263530aaa5f0502e8f3e05f0b845b64c2db10ce
bubbly,Bubbly,74,sigma_like,training/bubbly.measurement_74.csv.6jlbolae.ingestion-544b9ff949-kks7w.json,500,749f437671e9ec56c6cb7922a263530aaa5f0502e8f3e05f0b845b64c2db10ce
bubbly,Bubbly,74,signal_rate_mcps,training/bubbly.measurement_74.csv.6jlbolae.ingestion-544b9ff949-kks7w.json,500,749f437671e9ec56c6cb7922a263530aaa5f0502e8f3e05f0b845b64c2db10ce
bubbly,Bubbly,77,ambient_rate_mcps,training/bubbly.measurement_77.csv.6jlbolb1.ingestion-544b9ff949-kks7w.json,500,ab7f9455ed792a36a046915e60ec33959a872acadc744247ac3176fb75311795
bubbly,Bubbly,77,distance_mm,training/bubbly.measurement_77.csv.6jlbolb1.ingestion-544b9ff949-kks7w.json,500,ab7f9455ed792a36a046915e60ec33959a872acadc744247ac3176fb75311795
bubbly,Bubbly,77,sigma_like,training/bubbly.measurement_77.csv.6jlbolb1.ingestion-544b9ff949-kks7w.json,500,ab7f9455ed792a36a046915e60ec33959a872acadc744247ac3176fb75311795
bubbly,Bubbly,77,signal_rate_mcps,training/bubbly.measurement_77.csv.6jlbolb1.ingestion-544b9ff949-kks7w.json,500,ab7f9455ed792a36a046915e60ec33959a872acadc744247ac3176fb75311795
bubbly,Bubbly,78,ambient_rate_mcps,training/bubbly.measurement_78.csv.6jlbolb1.ingestion-544b9ff949-ft4f6.json,500,145a9f3ce90986b8add296a7ab1c6353511315b0b0907293b70946498fa8f996
bubbly,Bubbly,78,distance_mm,training/bubbly.measurement_78.csv.6jlbolb1.ingestion-544b9ff949-ft4f6.json,500,145a9f3ce90986b8add296a7ab1c6353511315b0b0907293b70946498fa8f996
bubbly,Bubbly,78,sigma_like,training/bubbly.measurement_78.csv.6jlbolb1.ingestion-544b9ff949-ft4f6.json,500,145a9f3ce90986b8add296a7ab1c6353511315b0b0907293b70946498fa8f996
bubbly,Bubbly,78,signal_rate_mcps,training/bubbly.measurement_78.csv.6jlbolb1.ingestion-544b9ff949-ft4f6.json,500,145a9f3ce90986b8add296a7ab1c6353511315b0b0907293b70946498fa8f996
bubbly,Bubbly,79,ambient_rate_mcps,training/bubbly.measurement_79.csv.6jlbolbq.ingestion-544b9ff949-rn5s8.json,500,1a5e337d865871f7b60ef08b1ab4641d4a30a90416c9d296cd7f0a4a619c53ed
bubbly,Bubbly,79,distance_mm,training/bubbly.measurement_79.csv.6jlbolbq.ingestion-544b9ff949-rn5s8.json,500,1a5e337d865871f7b60ef08b1ab4641d4a30a90416c9d296cd7f0a4a619c53ed
bubbly,Bubbly,79,sigma_like,training/bubbly.measurement_79.csv.6jlbolbq.ingestion-544b9ff949-rn5s8.json,500,1a5e337d865871f7b60ef08b1ab4641d4a30a90416c9d296cd7f0a4a619c53ed
bubbly,Bubbly,79,signal_rate_mcps,training/bubbly.measurement_79.csv.6jlbolbq.ingestion-544b9ff949-rn5s8.json,500,1a5e337d865871f7b60ef08b1ab4641d4a30a90416c9d296cd7f0a4a619c53ed
bubbly,Bubbly,8,ambient_rate_mcps,training/bubbly.measurement_8.csv.6jlbolcl.ingestion-544b9ff949-kks7w.json,500,d4206fced878cfea9a0837226a0191aa01db30f75bb62ca78b2f6c4fb3334dd7
bubbly,Bubbly,8,distance_mm,training/bubbly.measurement_8.csv.6jlbolcl.ingestion-544b9ff949-kks7w.json,500,d4206fced878cfea9a0837226a0191aa01db30f75bb62ca78b2f6c4fb3334dd7
bubbly,Bubbly,8,sigma_like,training/bubbly.measurement_8.csv.6jlbolcl.ingestion-544b9ff949-kks7w.json,500,d4206fced878cfea9a0837226a0191aa01db30f75bb62ca78b2f6c4fb3334dd7
bubbly,Bubbly,8,signal_rate_mcps,training/bubbly.measurement_8.csv.6jlbolcl.ingestion-544b9ff949-kks7w.json,500,d4206fced878cfea9a0837226a0191aa01db30f75bb62ca78b2f6c4fb3334dd7
bubbly,Bubbly,81,ambient_rate_mcps,training/bubbly.measurement_81.csv.6jlboldn.ingestion-544b9ff949-rn5s8.json,500,dbe514793e06c825bae5137365c8f9ce9973a574da15b75e5f46ebb3227131cf
bubbly,Bubbly,81,distance_mm,training/bubbly.measurement_81.csv.6jlboldn.ingestion-544b9ff949-rn5s8.json,500,dbe514793e06c825bae5137365c8f9ce9973a574da15b75e5f46ebb3227131cf
bubbly,Bubbly,81,sigma_like,training/bubbly.measurement_81.csv.6jlboldn.ingestion-544b9ff949-rn5s8.json,500,dbe514793e06c825bae5137365c8f9ce9973a574da15b75e5f46ebb3227131cf
bubbly,Bubbly,81,signal_rate_mcps,training/bubbly.measurement_81.csv.6jlboldn.ingestion-544b9ff949-rn5s8.json,500,dbe514793e06c825bae5137365c8f9ce9973a574da15b75e5f46ebb3227131cf
bubbly,Bubbly,82,ambient_rate_mcps,training/bubbly.measurement_82.csv.6jlbolec.ingestion-544b9ff949-kks7w.json,500,d41464f34249990cc44e1a5a3c68e05be508c7f389abe96f96a358d5205c3ccb
bubbly,Bubbly,82,distance_mm,training/bubbly.measurement_82.csv.6jlbolec.ingestion-544b9ff949-kks7w.json,500,d41464f34249990cc44e1a5a3c68e05be508c7f389abe96f96a358d5205c3ccb
bubbly,Bubbly,82,sigma_like,training/bubbly.measurement_82.csv.6jlbolec.ingestion-544b9ff949-kks7w.json,500,d41464f34249990cc44e1a5a3c68e05be508c7f389abe96f96a358d5205c3ccb
bubbly,Bubbly,82,signal_rate_mcps,training/bubbly.measurement_82.csv.6jlbolec.ingestion-544b9ff949-kks7w.json,500,d41464f34249990cc44e1a5a3c68e05be508c7f389abe96f96a358d5205c3ccb
bubbly,Bubbly,83,ambient_rate_mcps,training/bubbly.measurement_83.csv.6jlbolel.ingestion-544b9ff949-ft4f6.json,500,48e73ddc9ee4ac841b888411eb55742d0aafe7ed9907fa431a7c7b21fd6234c5
bubbly,Bubbly,83,distance_mm,training/bubbly.measurement_83.csv.6jlbolel.ingestion-544b9ff949-ft4f6.json,500,48e73ddc9ee4ac841b888411eb55742d0aafe7ed9907fa431a7c7b21fd6234c5
bubbly,Bubbly,83,sigma_like,training/bubbly.measurement_83.csv.6jlbolel.ingestion-544b9ff949-ft4f6.json,500,48e73ddc9ee4ac841b888411eb55742d0aafe7ed9907fa431a7c7b21fd6234c5
bubbly,Bubbly,83,signal_rate_mcps,training/bubbly.measurement_83.csv.6jlbolel.ingestion-544b9ff949-ft4f6.json,500,48e73ddc9ee4ac841b888411eb55742d0aafe7ed9907fa431a7c7b21fd6234c5
bubbly,Bubbly,85,ambient_rate_mcps,training/bubbly.measurement_85.csv.6jlboleo.ingestion-544b9ff949-kks7w.json,500,afbc2b5fede467746c2a79f6721c97d3d015f58f012a1c61191c54d1dc16579f
bubbly,Bubbly,85,distance_mm,training/bubbly.measurement_85.csv.6jlboleo.ingestion-544b9ff949-kks7w.json,500,afbc2b5fede467746c2a79f6721c97d3d015f58f012a1c61191c54d1dc16579f
bubbly,Bubbly,85,sigma_like,training/bubbly.measurement_85.csv.6jlboleo.ingestion-544b9ff949-kks7w.json,500,afbc2b5fede467746c2a79f6721c97d3d015f58f012a1c61191c54d1dc16579f
bubbly,Bubbly,85,signal_rate_mcps,training/bubbly.measurement_85.csv.6jlboleo.ingestion-544b9ff949-kks7w.json,500,afbc2b5fede467746c2a79f6721c97d3d015f58f012a1c61191c54d1dc16579f
bubbly,Bubbly,86,ambient_rate_mcps,training/bubbly.measurement_86.csv.6jlbolf7.ingestion-544b9ff949-ft4f6.json,500,4628da4073a84ee569cda871297d31fb7c0f0d88b286e03668af727eca89212c
bubbly,Bubbly,86,distance_mm,training/bubbly.measurement_86.csv.6jlbolf7.ingestion-544b9ff949-ft4f6.json,500,4628da4073a84ee569cda871297d31fb7c0f0d88b286e03668af727eca89212c
bubbly,Bubbly,86,sigma_like,training/bubbly.measurement_86.csv.6jlbolf7.ingestion-544b9ff949-ft4f6.json,500,4628da4073a84ee569cda871297d31fb7c0f0d88b286e03668af727eca89212c
bubbly,Bubbly,86,signal_rate_mcps,training/bubbly.measurement_86.csv.6jlbolf7.ingestion-544b9ff949-ft4f6.json,500,4628da4073a84ee569cda871297d31fb7c0f0d88b286e03668af727eca89212c
bubbly,Bubbly,87,ambient_rate_mcps,training/bubbly.measurement_87.csv.6jlbolg5.ingestion-544b9ff949-rn5s8.json,500,68ed7a4595abccefb10d6a33987c91b790790bc11089280778a1e55a170f9107
bubbly,Bubbly,87,distance_mm,training/bubbly.measurement_87.csv.6jlbolg5.ingestion-544b9ff949-rn5s8.json,500,68ed7a4595abccefb10d6a33987c91b790790bc11089280778a1e55a170f9107
bubbly,Bubbly,87,sigma_like,training/bubbly.measurement_87.csv.6jlbolg5.ingestion-544b9ff949-rn5s8.json,500,68ed7a4595abccefb10d6a33987c91b790790bc11089280778a1e55a170f9107
bubbly,Bubbly,87,signal_rate_mcps,training/bubbly.measurement_87.csv.6jlbolg5.ingestion-544b9ff949-rn5s8.json,500,68ed7a4595abccefb10d6a33987c91b790790bc11089280778a1e55a170f9107
bubbly,Bubbly,88,ambient_rate_mcps,training/bubbly.measurement_88.csv.6jlbolgq.ingestion-544b9ff949-kks7w.json,500,9726b1e5aba42e0d9db3830a00a0d8024a010febc2eaf98b5706daa501c60c4c
bubbly,Bubbly,88,distance_mm,training/bubbly.measurement_88.csv.6jlbolgq.ingestion-544b9ff949-kks7w.json,500,9726b1e5aba42e0d9db3830a00a0d8024a010febc2eaf98b5706daa501c60c4c
bubbly,Bubbly,88,sigma_like,training/bubbly.measurement_88.csv.6jlbolgq.ingestion-544b9ff949-kks7w.json,500,9726b1e5aba42e0d9db3830a00a0d8024a010febc2eaf98b5706daa501c60c4c
bubbly,Bubbly,88,signal_rate_mcps,training/bubbly.measurement_88.csv.6jlbolgq.ingestion-544b9ff949-kks7w.json,500,9726b1e5aba42e0d9db3830a00a0d8024a010febc2eaf98b5706daa501c60c4c
bubbly,Bubbly,89,ambient_rate_mcps,training/bubbly.measurement_89.csv.6jlboliv.ingestion-544b9ff949-ft4f6.json,500,61cfb3b02b623c285f4f55f2b0ac1bc454e95a2d4d1df743a9f9c148f5260d1a
bubbly,Bubbly,89,distance_mm,training/bubbly.measurement_89.csv.6jlboliv.ingestion-544b9ff949-ft4f6.json,500,61cfb3b02b623c285f4f55f2b0ac1bc454e95a2d4d1df743a9f9c148f5260d1a
bubbly,Bubbly,89,sigma_like,training/bubbly.measurement_89.csv.6jlboliv.ingestion-544b9ff949-ft4f6.json,500,61cfb3b02b623c285f4f55f2b0ac1bc454e95a2d4d1df743a9f9c148f5260d1a
bubbly,Bubbly,89,signal_rate_mcps,training/bubbly.measurement_89.csv.6jlboliv.ingestion-544b9ff949-ft4f6.json,500,61cfb3b02b623c285f4f55f2b0ac1bc454e95a2d4d1df743a9f9c148f5260d1a
bubbly,Bubbly,9,ambient_rate_mcps,training/bubbly.measurement_9.csv.6jlbolkh.ingestion-544b9ff949-rn5s8.json,500,78597494a21b576981c111b60596aa904b11f8d4b0e17c6c363a8994f9002882
bubbly,Bubbly,9,distance_mm,training/bubbly.measurement_9.csv.6jlbolkh.ingestion-544b9ff949-rn5s8.json,500,78597494a21b576981c111b60596aa904b11f8d4b0e17c6c363a8994f9002882
bubbly,Bubbly,9,sigma_like,training/bubbly.measurement_9.csv.6jlbolkh.ingestion-544b9ff949-rn5s8.json,500,78597494a21b576981c111b60596aa904b11f8d4b0e17c6c363a8994f9002882
bubbly,Bubbly,9,signal_rate_mcps,training/bubbly.measurement_9.csv.6jlbolkh.ingestion-544b9ff949-rn5s8.json,500,78597494a21b576981c111b60596aa904b11f8d4b0e17c6c363a8994f9002882
bubbly,Bubbly,91,ambient_rate_mcps,training/bubbly.measurement_91.csv.6jlbolko.ingestion-544b9ff949-ft4f6.json,500,5cb7542dc791a0544b27166107ad0c11cd598463f23796fdbf5d0f2f0fdf2c84
bubbly,Bubbly,91,distance_mm,training/bubbly.measurement_91.csv.6jlbolko.ingestion-544b9ff949-ft4f6.json,500,5cb7542dc791a0544b27166107ad0c11cd598463f23796fdbf5d0f2f0fdf2c84
bubbly,Bubbly,91,sigma_like,training/bubbly.measurement_91.csv.6jlbolko.ingestion-544b9ff949-ft4f6.json,500,5cb7542dc791a0544b27166107ad0c11cd598463f23796fdbf5d0f2f0fdf2c84
bubbly,Bubbly,91,signal_rate_mcps,training/bubbly.measurement_91.csv.6jlbolko.ingestion-544b9ff949-ft4f6.json,500,5cb7542dc791a0544b27166107ad0c11cd598463f23796fdbf5d0f2f0fdf2c84
bubbly,Bubbly,92,ambient_rate_mcps,training/bubbly.measurement_92.csv.6jlbolko.ingestion-544b9ff949-rn5s8.json,500,dcc78dc173caa5de0e28182ecbf646639e2c885c7ad2766fcfa844db4d8ed344
bubbly,Bubbly,92,distance_mm,training/bubbly.measurement_92.csv.6jlbolko.ingestion-544b9ff949-rn5s8.json,500,dcc78dc173caa5de0e28182ecbf646639e2c885c7ad2766fcfa844db4d8ed344
bubbly,Bubbly,92,sigma_like,training/bubbly.measurement_92.csv.6jlbolko.ingestion-544b9ff949-rn5s8.json,500,dcc78dc173caa5de0e28182ecbf646639e2c885c7ad2766fcfa844db4d8ed344
bubbly,Bubbly,92,signal_rate_mcps,training/bubbly.measurement_92.csv.6jlbolko.ingestion-544b9ff949-rn5s8.json,500,dcc78dc173caa5de0e28182ecbf646639e2c885c7ad2766fcfa844db4d8ed344
bubbly,Bubbly,94,ambient_rate_mcps,training/bubbly.measurement_94.csv.6jlboll4.ingestion-544b9ff949-ft4f6.json,500,9226c82c8a048fa293d87bb52675c302d298bf3a6a0d8a8008543eadf3d3d4cb
bubbly,Bubbly,94,distance_mm,training/bubbly.measurement_94.csv.6jlboll4.ingestion-544b9ff949-ft4f6.json,500,9226c82c8a048fa293d87bb52675c302d298bf3a6a0d8a8008543eadf3d3d4cb
bubbly,Bubbly,94,sigma_like,training/bubbly.measurement_94.csv.6jlboll4.ingestion-544b9ff949-ft4f6.json,500,9226c82c8a048fa293d87bb52675c302d298bf3a6a0d8a8008543eadf3d3d4cb
bubbly,Bubbly,94,signal_rate_mcps,training/bubbly.measurement_94.csv.6jlboll4.ingestion-544b9ff949-ft4f6.json,500,9226c82c8a048fa293d87bb52675c302d298bf3a6a0d8a8008543eadf3d3d4cb
bubbly,Bubbly,95,ambient_rate_mcps,training/bubbly.measurement_95.csv.6jlboll6.ingestion-544b9ff949-rn5s8.json,500,2ad8ceb4855c2dbb187bb7b66e8119111aa7facb061fd1e02cfa30e28d5d3e50
bubbly,Bubbly,95,distance_mm,training/bubbly.measurement_95.csv.6jlboll6.ingestion-544b9ff949-rn5s8.json,500,2ad8ceb4855c2dbb187bb7b66e8119111aa7facb061fd1e02cfa30e28d5d3e50
bubbly,Bubbly,95,sigma_like,training/bubbly.measurement_95.csv.6jlboll6.ingestion-544b9ff949-rn5s8.json,500,2ad8ceb4855c2dbb187bb7b66e8119111aa7facb061fd1e02cfa30e28d5d3e50
bubbly,Bubbly,95,signal_rate_mcps,training/bubbly.measurement_95.csv.6jlboll6.ingestion-544b9ff949-rn5s8.json,500,2ad8ceb4855c2dbb187bb7b66e8119111aa7facb061fd1e02cfa30e28d5d3e50
bubbly,Bubbly,96,ambient_rate_mcps,training/bubbly.measurement_96.csv.6jlbolm6.ingestion-544b9ff949-kks7w.json,500,c6dab953ca35b2c353277e3fdbfd5f14f54554a3c4b17acbcb2f8e6069bcaa75
bubbly,Bubbly,96,distance_mm,training/bubbly.measurement_96.csv.6jlbolm6.ingestion-544b9ff949-kks7w.json,500,c6dab953ca35b2c353277e3fdbfd5f14f54554a3c4b17acbcb2f8e6069bcaa75
bubbly,Bubbly,96,sigma_like,training/bubbly.measurement_96.csv.6jlbolm6.ingestion-544b9ff949-kks7w.json,500,c6dab953ca35b2c353277e3fdbfd5f14f54554a3c4b17acbcb2f8e6069bcaa75
bubbly,Bubbly,96,signal_rate_mcps,training/bubbly.measurement_96.csv.6jlbolm6.ingestion-544b9ff949-kks7w.json,500,c6dab953ca35b2c353277e3fdbfd5f14f54554a3c4b17acbcb2f8e6069bcaa75
bubbly,Bubbly,97,ambient_rate_mcps,training/bubbly.measurement_97.csv.6jlbolmg.ingestion-544b9ff949-ft4f6.json,500,a79bd6acf1b1725e2d83867cf4b55ae3d2526b6cbe699150a62920ae37791ec2
bubbly,Bubbly,97,distance_mm,training/bubbly.measurement_97.csv.6jlbolmg.ingestion-544b9ff949-ft4f6.json,500,a79bd6acf1b1725e2d83867cf4b55ae3d2526b6cbe699150a62920ae37791ec2
bubbly,Bubbly,97,sigma_like,training/bubbly.measurement_97.csv.6jlbolmg.ingestion-544b9ff949-ft4f6.json,500,a79bd6acf1b1725e2d83867cf4b55ae3d2526b6cbe699150a62920ae37791ec2
bubbly,Bubbly,97,signal_rate_mcps,training/bubbly.measurement_97.csv.6jlbolmg.ingestion-544b9ff949-ft4f6.json,500,a79bd6acf1b1725e2d83867cf4b55ae3d2526b6cbe699150a62920ae37791ec2
bubbly,Bubbly,98,ambient_rate_mcps,training/bubbly.measurement_98.csv.6jlbolmi.ingestion-544b9ff949-rn5s8.json,500,7ec0d8f4bb69e7e01d0b69bc4bca985f3b132813bb13e64dcdd7cff246a998f4
bubbly,Bubbly,98,distance_mm,training/bubbly.measurement_98.csv.6jlbolmi.ingestion-544b9ff949-rn5s8.json,500,7ec0d8f4bb69e7e01d0b69bc4bca985f3b132813bb13e64dcdd7cff246a998f4
bubbly,Bubbly,98,sigma_like,training/bubbly.measurement_98.csv.6jlbolmi.ingestion-544b9ff949-rn5s8.json,500,7ec0d8f4bb69e7e01d0b69bc4bca985f3b132813bb13e64dcdd7cff246a998f4
bubbly,Bubbly,98,signal_rate_mcps,training/bubbly.measurement_98.csv.6jlbolmi.ingestion-544b9ff949-rn5s8.json,500,7ec0d8f4bb69e7e01d0b69bc4bca985f3b132813bb13e64dcdd7cff246a998f4
empty,Empty,1,ambient_rate_mcps,training/empty.measurement_1.csv.6jlbnn8t.ingestion-544b9ff949-kks7w.json,500,006909dcf051eddbc3f360d1a9693cd4cc9db04e404c0d731f87ad786087d959
empty,Empty,1,distance_mm,training/empty.measurement_1.csv.6jlbnn8t.ingestion-544b9ff949-kks7w.json,500,006909dcf051eddbc3f360d1a9693cd4cc9db04e404c0d731f87ad786087d959
empty,Empty,1,sigma_like,training/empty.measurement_1.csv.6jlbnn8t.ingestion-544b9ff949-kks7w.json,500,006909dcf051eddbc3f360d1a9693cd4cc9db04e404c0d731f87ad786087d959
empty,Empty,1,signal_rate_mcps,training/empty.measurement_1.csv.6jlbnn8t.ingestion-544b9ff949-kks7w.json,500,006909dcf051eddbc3f360d1a9693cd4cc9db04e404c0d731f87ad786087d959
empty,Empty,10,ambient_rate_mcps,training/empty.measurement_10.csv.6jlbnn2g.ingestion-544b9ff949-kks7w.json,500,79dad903328f98ac13ae3bb2ce0f05722ffe9a5cbc589e29906fe7b67a45c7dc
empty,Empty,10,distance_mm,training/empty.measurement_10.csv.6jlbnn2g.ingestion-544b9ff949-kks7w.json,500,79dad903328f98ac13ae3bb2ce0f05722ffe9a5cbc589e29906fe7b67a45c7dc
empty,Empty,10,sigma_like,training/empty.measurement_10.csv.6jlbnn2g.ingestion-544b9ff949-kks7w.json,500,79dad903328f98ac13ae3bb2ce0f05722ffe9a5cbc589e29906fe7b67a45c7dc
empty,Empty,10,signal_rate_mcps,training/empty.measurement_10.csv.6jlbnn2g.ingestion-544b9ff949-kks7w.json,500,79dad903328f98ac13ae3bb2ce0f05722ffe9a5cbc589e29906fe7b67a45c7dc
empty,Empty,100,ambient_rate_mcps,training/empty.measurement_100.csv.6jlbnn94.ingestion-544b9ff949-rn5s8.json,500,af1dd6cca0371f339fe7b71b5bd47dfa7d2b04615e816a25167ded0db45a7cc4
empty,Empty,100,distance_mm,training/empty.measurement_100.csv.6jlbnn94.ingestion-544b9ff949-rn5s8.json,500,af1dd6cca0371f339fe7b71b5bd47dfa7d2b04615e816a25167ded0db45a7cc4
empty,Empty,100,sigma_like,training/empty.measurement_100.csv.6jlbnn94.ingestion-544b9ff949-rn5s8.json,500,af1dd6cca0371f339fe7b71b5bd47dfa7d2b04615e816a25167ded0db45a7cc4
empty,Empty,100,signal_rate_mcps,training/empty.measurement_100.csv.6jlbnn94.ingestion-544b9ff949-rn5s8.json,500,af1dd6cca0371f339fe7b71b5bd47dfa7d2b04615e816a25167ded0db45a7cc4
empty,Empty,101,ambient_rate_mcps,training/empty.measurement_101.csv.6jlbnn9c.ingestion-544b9ff949-kks7w.json,500,d6d70380be3986dd32fa87fa4a45f08ae0948d4a32a6524411999d4557043e7b
empty,Empty,101,distance_mm,training/empty.measurement_101.csv.6jlbnn9c.ingestion-544b9ff949-kks7w.json,500,d6d70380be3986dd32fa87fa4a45f08ae0948d4a32a6524411999d4557043e7b
empty,Empty,101,sigma_like,training/empty.measurement_101.csv.6jlbnn9c.ingestion-544b9ff949-kks7w.json,500,d6d70380be3986dd32fa87fa4a45f08ae0948d4a32a6524411999d4557043e7b
empty,Empty,101,signal_rate_mcps,training/empty.measurement_101.csv.6jlbnn9c.ingestion-544b9ff949-kks7w.json,500,d6d70380be3986dd32fa87fa4a45f08ae0948d4a32a6524411999d4557043e7b
empty,Empty,102,ambient_rate_mcps,training/empty.measurement_102.csv.6jlbnmlm.ingestion-544b9ff949-kks7w.json,500,374b5e8f1ee41803e29626b856019f1025847c23fd0332a5a03bdad5a3d38738
empty,Empty,102,distance_mm,training/empty.measurement_102.csv.6jlbnmlm.ingestion-544b9ff949-kks7w.json,500,374b5e8f1ee41803e29626b856019f1025847c23fd0332a5a03bdad5a3d38738
empty,Empty,102,sigma_like,training/empty.measurement_102.csv.6jlbnmlm.ingestion-544b9ff949-kks7w.json,500,374b5e8f1ee41803e29626b856019f1025847c23fd0332a5a03bdad5a3d38738
empty,Empty,102,signal_rate_mcps,training/empty.measurement_102.csv.6jlbnmlm.ingestion-544b9ff949-kks7w.json,500,374b5e8f1ee41803e29626b856019f1025847c23fd0332a5a03bdad5a3d38738
empty,Empty,104,ambient_rate_mcps,training/empty.measurement_104.csv.6jlbnnfa.ingestion-544b9ff949-kks7w.json,500,44e09775f78e658d6ac7d2cc64997c400de517427fbfe1263f40838382c673a2
empty,Empty,104,distance_mm,training/empty.measurement_104.csv.6jlbnnfa.ingestion-544b9ff949-kks7w.json,500,44e09775f78e658d6ac7d2cc64997c400de517427fbfe1263f40838382c673a2
empty,Empty,104,sigma_like,training/empty.measurement_104.csv.6jlbnnfa.ingestion-544b9ff949-kks7w.json,500,44e09775f78e658d6ac7d2cc64997c400de517427fbfe1263f40838382c673a2
empty,Empty,104,signal_rate_mcps,training/empty.measurement_104.csv.6jlbnnfa.ingestion-544b9ff949-kks7w.json,500,44e09775f78e658d6ac7d2cc64997c400de517427fbfe1263f40838382c673a2
empty,Empty,105,ambient_rate_mcps,training/empty.measurement_105.csv.6jlbnna8.ingestion-544b9ff949-rn5s8.json,500,a1bd5cf7e4895a942604534caaa4df634615d6a21e83c936bcfc5b45071ab2db
empty,Empty,105,distance_mm,training/empty.measurement_105.csv.6jlbnna8.ingestion-544b9ff949-rn5s8.json,500,a1bd5cf7e4895a942604534caaa4df634615d6a21e83c936bcfc5b45071ab2db
empty,Empty,105,sigma_like,training/empty.measurement_105.csv.6jlbnna8.ingestion-544b9ff949-rn5s8.json,500,a1bd5cf7e4895a942604534caaa4df634615d6a21e83c936bcfc5b45071ab2db
empty,Empty,105,signal_rate_mcps,training/empty.measurement_105.csv.6jlbnna8.ingestion-544b9ff949-rn5s8.json,500,a1bd5cf7e4895a942604534caaa4df634615d6a21e83c936bcfc5b45071ab2db
empty,Empty,106,ambient_rate_mcps,training/empty.measurement_106.csv.6jlbnn91.ingestion-544b9ff949-ft4f6.json,500,759cb4ec0592adc6994432ab7642fb5ac97b91410eda51a7248f08a5c7f62715
empty,Empty,106,distance_mm,training/empty.measurement_106.csv.6jlbnn91.ingestion-544b9ff949-ft4f6.json,500,759cb4ec0592adc6994432ab7642fb5ac97b91410eda51a7248f08a5c7f62715
empty,Empty,106,sigma_like,training/empty.measurement_106.csv.6jlbnn91.ingestion-544b9ff949-ft4f6.json,500,759cb4ec0592adc6994432ab7642fb5ac97b91410eda51a7248f08a5c7f62715
empty,Empty,106,signal_rate_mcps,training/empty.measurement_106.csv.6jlbnn91.ingestion-544b9ff949-ft4f6.json,500,759cb4ec0592adc6994432ab7642fb5ac97b91410eda51a7248f08a5c7f62715
empty,Empty,109,ambient_rate_mcps,training/empty.measurement_109.csv.6jlbnn2h.ingestion-544b9ff949-rn5s8.json,500,ad9af54781826100f545b36ef181374088f2177fb7ad8647e36fa5553ba05376
empty,Empty,109,distance_mm,training/empty.measurement_109.csv.6jlbnn2h.ingestion-544b9ff949-rn5s8.json,500,ad9af54781826100f545b36ef181374088f2177fb7ad8647e36fa5553ba05376
empty,Empty,109,sigma_like,training/empty.measurement_109.csv.6jlbnn2h.ingestion-544b9ff949-rn5s8.json,500,ad9af54781826100f545b36ef181374088f2177fb7ad8647e36fa5553ba05376
empty,Empty,109,signal_rate_mcps,training/empty.measurement_109.csv.6jlbnn2h.ingestion-544b9ff949-rn5s8.json,500,ad9af54781826100f545b36ef181374088f2177fb7ad8647e36fa5553ba05376
empty,Empty,11,ambient_rate_mcps,training/empty.measurement_11.csv.6jlbnms7.ingestion-544b9ff949-rn5s8.json,500,24c6664ca85830278783eb9335515c3518fbff4321d4a34db59879cecd6da44a
empty,Empty,11,distance_mm,training/empty.measurement_11.csv.6jlbnms7.ingestion-544b9ff949-rn5s8.json,500,24c6664ca85830278783eb9335515c3518fbff4321d4a34db59879cecd6da44a
empty,Empty,11,sigma_like,training/empty.measurement_11.csv.6jlbnms7.ingestion-544b9ff949-rn5s8.json,500,24c6664ca85830278783eb9335515c3518fbff4321d4a34db59879cecd6da44a
empty,Empty,11,signal_rate_mcps,training/empty.measurement_11.csv.6jlbnms7.ingestion-544b9ff949-rn5s8.json,500,24c6664ca85830278783eb9335515c3518fbff4321d4a34db59879cecd6da44a
empty,Empty,110,ambient_rate_mcps,training/empty.measurement_110.csv.6jlbnn2f.ingestion-544b9ff949-ft4f6.json,500,ed97fd117635d1f73d4c2a1c8b2e239bbe02cc5fb749b4acd9c32cb62a9ef728
empty,Empty,110,distance_mm,training/empty.measurement_110.csv.6jlbnn2f.ingestion-544b9ff949-ft4f6.json,500,ed97fd117635d1f73d4c2a1c8b2e239bbe02cc5fb749b4acd9c32cb62a9ef728
empty,Empty,110,sigma_like,training/empty.measurement_110.csv.6jlbnn2f.ingestion-544b9ff949-ft4f6.json,500,ed97fd117635d1f73d4c2a1c8b2e239bbe02cc5fb749b4acd9c32cb62a9ef728
empty,Empty,110,signal_rate_mcps,training/empty.measurement_110.csv.6jlbnn2f.ingestion-544b9ff949-ft4f6.json,500,ed97fd117635d1f73d4c2a1c8b2e239bbe02cc5fb749b4acd9c32cb62a9ef728
empty,Empty,111,ambient_rate_mcps,training/empty.measurement_111.csv.6jlbnn9n.ingestion-544b9ff949-ft4f6.json,500,c8598041e78173beaaec5ef6b89bc52bc29372eb74e6435c3b4fe5e81345ba06
empty,Empty,111,distance_mm,training/empty.measurement_111.csv.6jlbnn9n.ingestion-544b9ff949-ft4f6.json,500,c8598041e78173beaaec5ef6b89bc52bc29372eb74e6435c3b4fe5e81345ba06
empty,Empty,111,sigma_like,training/empty.measurement_111.csv.6jlbnn9n.ingestion-544b9ff949-ft4f6.json,500,c8598041e78173beaaec5ef6b89bc52bc29372eb74e6435c3b4fe5e81345ba06
empty,Empty,111,signal_rate_mcps,training/empty.measurement_111.csv.6jlbnn9n.ingestion-544b9ff949-ft4f6.json,500,c8598041e78173beaaec5ef6b89bc52bc29372eb74e6435c3b4fe5e81345ba06
empty,Empty,114,ambient_rate_mcps,training/empty.measurement_114.csv.6jlbnn2o.ingestion-544b9ff949-ft4f6.json,500,ba31e6aa966f8050f31397e899e0ac16bc44c2c5f0ed65c92af5d1d1cff4facb
empty,Empty,114,distance_mm,training/empty.measurement_114.csv.6jlbnn2o.ingestion-544b9ff949-ft4f6.json,500,ba31e6aa966f8050f31397e899e0ac16bc44c2c5f0ed65c92af5d1d1cff4facb
empty,Empty,114,sigma_like,training/empty.measurement_114.csv.6jlbnn2o.ingestion-544b9ff949-ft4f6.json,500,ba31e6aa966f8050f31397e899e0ac16bc44c2c5f0ed65c92af5d1d1cff4facb
empty,Empty,114,signal_rate_mcps,training/empty.measurement_114.csv.6jlbnn2o.ingestion-544b9ff949-ft4f6.json,500,ba31e6aa966f8050f31397e899e0ac16bc44c2c5f0ed65c92af5d1d1cff4facb
empty,Empty,115,ambient_rate_mcps,training/empty.measurement_115.csv.6jlbnn9b.ingestion-544b9ff949-kks7w.json,500,0d6d5ee6ae9a3d0657fcfd5b410148623f109b22155d7829f2f09b65d5b4e437
empty,Empty,115,distance_mm,training/empty.measurement_115.csv.6jlbnn9b.ingestion-544b9ff949-kks7w.json,500,0d6d5ee6ae9a3d0657fcfd5b410148623f109b22155d7829f2f09b65d5b4e437
empty,Empty,115,sigma_like,training/empty.measurement_115.csv.6jlbnn9b.ingestion-544b9ff949-kks7w.json,500,0d6d5ee6ae9a3d0657fcfd5b410148623f109b22155d7829f2f09b65d5b4e437
empty,Empty,115,signal_rate_mcps,training/empty.measurement_115.csv.6jlbnn9b.ingestion-544b9ff949-kks7w.json,500,0d6d5ee6ae9a3d0657fcfd5b410148623f109b22155d7829f2f09b65d5b4e437
empty,Empty,116,ambient_rate_mcps,training/empty.measurement_116.csv.6jlbnn8q.ingestion-544b9ff949-rn5s8.json,500,d36be8087d6d75e914de3d6079564b2f9c8aca33fa69065c183388c676bbf71d
empty,Empty,116,distance_mm,training/empty.measurement_116.csv.6jlbnn8q.ingestion-544b9ff949-rn5s8.json,500,d36be8087d6d75e914de3d6079564b2f9c8aca33fa69065c183388c676bbf71d
empty,Empty,116,sigma_like,training/empty.measurement_116.csv.6jlbnn8q.ingestion-544b9ff949-rn5s8.json,500,d36be8087d6d75e914de3d6079564b2f9c8aca33fa69065c183388c676bbf71d
empty,Empty,116,signal_rate_mcps,training/empty.measurement_116.csv.6jlbnn8q.ingestion-544b9ff949-rn5s8.json,500,d36be8087d6d75e914de3d6079564b2f9c8aca33fa69065c183388c676bbf71d
empty,Empty,117,ambient_rate_mcps,training/empty.measurement_117.csv.6jlbnnfb.ingestion-544b9ff949-rn5s8.json,500,4a79d65d75a0329da8874396cdb3741dc69e7d1764daba37638e9e0850fb19d5
empty,Empty,117,distance_mm,training/empty.measurement_117.csv.6jlbnnfb.ingestion-544b9ff949-rn5s8.json,500,4a79d65d75a0329da8874396cdb3741dc69e7d1764daba37638e9e0850fb19d5
empty,Empty,117,sigma_like,training/empty.measurement_117.csv.6jlbnnfb.ingestion-544b9ff949-rn5s8.json,500,4a79d65d75a0329da8874396cdb3741dc69e7d1764daba37638e9e0850fb19d5
empty,Empty,117,signal_rate_mcps,training/empty.measurement_117.csv.6jlbnnfb.ingestion-544b9ff949-rn5s8.json,500,4a79d65d75a0329da8874396cdb3741dc69e7d1764daba37638e9e0850fb19d5
empty,Empty,118,ambient_rate_mcps,training/empty.measurement_118.csv.6jlbnnfs.ingestion-544b9ff949-kks7w.json,500,10480478652215452e6a9f4d1c38c5683f7aaf2f5990c610640a68e9d921f366
empty,Empty,118,distance_mm,training/empty.measurement_118.csv.6jlbnnfs.ingestion-544b9ff949-kks7w.json,500,10480478652215452e6a9f4d1c38c5683f7aaf2f5990c610640a68e9d921f366
empty,Empty,118,sigma_like,training/empty.measurement_118.csv.6jlbnnfs.ingestion-544b9ff949-kks7w.json,500,10480478652215452e6a9f4d1c38c5683f7aaf2f5990c610640a68e9d921f366
empty,Empty,118,signal_rate_mcps,training/empty.measurement_118.csv.6jlbnnfs.ingestion-544b9ff949-kks7w.json,500,10480478652215452e6a9f4d1c38c5683f7aaf2f5990c610640a68e9d921f366
empty,Empty,12,ambient_rate_mcps,training/empty.measurement_12.csv.6jlbnnfk.ingestion-544b9ff949-rn5s8.json,500,c982bcbbe682944571ee9028f5f07571fe463ae200e620bc42445698dea25ec9
empty,Empty,12,distance_mm,training/empty.measurement_12.csv.6jlbnnfk.ingestion-544b9ff949-rn5s8.json,500,c982bcbbe682944571ee9028f5f07571fe463ae200e620bc42445698dea25ec9
empty,Empty,12,sigma_like,training/empty.measurement_12.csv.6jlbnnfk.ingestion-544b9ff949-rn5s8.json,500,c982bcbbe682944571ee9028f5f07571fe463ae200e620bc42445698dea25ec9
empty,Empty,12,signal_rate_mcps,training/empty.measurement_12.csv.6jlbnnfk.ingestion-544b9ff949-rn5s8.json,500,c982bcbbe682944571ee9028f5f07571fe463ae200e620bc42445698dea25ec9
empty,Empty,120,ambient_rate_mcps,training/empty.measurement_120.csv.6jlbnnfs.ingestion-544b9ff949-kks7w.json,500,48bc9e7207a654ab79d02bd195309867e5e133a4c36504ef6d51efcf8dcaf151
empty,Empty,120,distance_mm,training/empty.measurement_120.csv.6jlbnnfs.ingestion-544b9ff949-kks7w.json,500,48bc9e7207a654ab79d02bd195309867e5e133a4c36504ef6d51efcf8dcaf151
empty,Empty,120,sigma_like,training/empty.measurement_120.csv.6jlbnnfs.ingestion-544b9ff949-kks7w.json,500,48bc9e7207a654ab79d02bd195309867e5e133a4c36504ef6d51efcf8dcaf151
empty,Empty,120,signal_rate_mcps,training/empty.measurement_120.csv.6jlbnnfs.ingestion-544b9ff949-kks7w.json,500,48bc9e7207a654ab79d02bd195309867e5e133a4c36504ef6d51efcf8dcaf151
empty,Empty,121,ambient_rate_mcps,training/empty.measurement_121.csv.6jlbnng3.ingestion-544b9ff949-ft4f6.json,500,1398189b8f991443893761f88b28b6a0e030ec0b33fed4890b228e2b70749a07
empty,Empty,121,distance_mm,training/empty.measurement_121.csv.6jlbnng3.ingestion-544b9ff949-ft4f6.json,500,1398189b8f991443893761f88b28b6a0e030ec0b33fed4890b228e2b70749a07
empty,Empty,121,sigma_like,training/empty.measurement_121.csv.6jlbnng3.ingestion-544b9ff949-ft4f6.json,500,1398189b8f991443893761f88b28b6a0e030ec0b33fed4890b228e2b70749a07
empty,Empty,121,signal_rate_mcps,training/empty.measurement_121.csv.6jlbnng3.ingestion-544b9ff949-ft4f6.json,500,1398189b8f991443893761f88b28b6a0e030ec0b33fed4890b228e2b70749a07
empty,Empty,122,ambient_rate_mcps,training/empty.measurement_122.csv.6jlbnnfs.ingestion-544b9ff949-rn5s8.json,500,df95f6dec88d48db93ceb888c98d767f186e511ea50927fc78bd84cdd8ce5cb9
empty,Empty,122,distance_mm,training/empty.measurement_122.csv.6jlbnnfs.ingestion-544b9ff949-rn5s8.json,500,df95f6dec88d48db93ceb888c98d767f186e511ea50927fc78bd84cdd8ce5cb9
empty,Empty,122,sigma_like,training/empty.measurement_122.csv.6jlbnnfs.ingestion-544b9ff949-rn5s8.json,500,df95f6dec88d48db93ceb888c98d767f186e511ea50927fc78bd84cdd8ce5cb9
empty,Empty,122,signal_rate_mcps,training/empty.measurement_122.csv.6jlbnnfs.ingestion-544b9ff949-rn5s8.json,500,df95f6dec88d48db93ceb888c98d767f186e511ea50927fc78bd84cdd8ce5cb9
empty,Empty,123,ambient_rate_mcps,training/empty.measurement_123.csv.6jlbnng4.ingestion-544b9ff949-kks7w.json,500,358613b191643ce11ad907caaad997b8b4fbe965301aa4247b9b94001118e2d5
empty,Empty,123,distance_mm,training/empty.measurement_123.csv.6jlbnng4.ingestion-544b9ff949-kks7w.json,500,358613b191643ce11ad907caaad997b8b4fbe965301aa4247b9b94001118e2d5
empty,Empty,123,sigma_like,training/empty.measurement_123.csv.6jlbnng4.ingestion-544b9ff949-kks7w.json,500,358613b191643ce11ad907caaad997b8b4fbe965301aa4247b9b94001118e2d5
empty,Empty,123,signal_rate_mcps,training/empty.measurement_123.csv.6jlbnng4.ingestion-544b9ff949-kks7w.json,500,358613b191643ce11ad907caaad997b8b4fbe965301aa4247b9b94001118e2d5
empty,Empty,124,ambient_rate_mcps,training/empty.measurement_124.csv.6jlbnnj7.ingestion-544b9ff949-ft4f6.json,500,a5124fce92dfd3fab245fe39a1f66d947c48ea4b50572d88cdefd389673e9e7a
empty,Empty,124,distance_mm,training/empty.measurement_124.csv.6jlbnnj7.ingestion-544b9ff949-ft4f6.json,500,a5124fce92dfd3fab245fe39a1f66d947c48ea4b50572d88cdefd389673e9e7a
empty,Empty,124,sigma_like,training/empty.measurement_124.csv.6jlbnnj7.ingestion-544b9ff949-ft4f6.json,500,a5124fce92dfd3fab245fe39a1f66d947c48ea4b50572d88cdefd389673e9e7a
empty,Empty,124,signal_rate_mcps,training/empty.measurement_124.csv.6jlbnnj7.ingestion-544b9ff949-ft4f6.json,500,a5124fce92dfd3fab245fe39a1f66d947c48ea4b50572d88cdefd389673e9e7a
empty,Empty,125,ambient_rate_mcps,training/empty.measurement_125.csv.6jlbnnjg.ingestion-544b9ff949-rn5s8.json,500,515ddcbcea75e54768dcc78c74356b082d46bffe543844fc4d2f4abc2daf1773
empty,Empty,125,distance_mm,training/empty.measurement_125.csv.6jlbnnjg.ingestion-544b9ff949-rn5s8.json,500,515ddcbcea75e54768dcc78c74356b082d46bffe543844fc4d2f4abc2daf1773
empty,Empty,125,sigma_like,training/empty.measurement_125.csv.6jlbnnjg.ingestion-544b9ff949-rn5s8.json,500,515ddcbcea75e54768dcc78c74356b082d46bffe543844fc4d2f4abc2daf1773
empty,Empty,125,signal_rate_mcps,training/empty.measurement_125.csv.6jlbnnjg.ingestion-544b9ff949-rn5s8.json,500,515ddcbcea75e54768dcc78c74356b082d46bffe543844fc4d2f4abc2daf1773
empty,Empty,126,ambient_rate_mcps,training/empty.measurement_126.csv.6jlbnnjh.ingestion-544b9ff949-kks7w.json,500,7326768812525723e1d2e89575b142d26d22c52430a4c8625ec90d6c1e1c1780
empty,Empty,126,distance_mm,training/empty.measurement_126.csv.6jlbnnjh.ingestion-544b9ff949-kks7w.json,500,7326768812525723e1d2e89575b142d26d22c52430a4c8625ec90d6c1e1c1780
empty,Empty,126,sigma_like,training/empty.measurement_126.csv.6jlbnnjh.ingestion-544b9ff949-kks7w.json,500,7326768812525723e1d2e89575b142d26d22c52430a4c8625ec90d6c1e1c1780
empty,Empty,126,signal_rate_mcps,training/empty.measurement_126.csv.6jlbnnjh.ingestion-544b9ff949-kks7w.json,500,7326768812525723e1d2e89575b142d26d22c52430a4c8625ec90d6c1e1c1780
empty,Empty,127,ambient_rate_mcps,training/empty.measurement_127.csv.6jlbnnjr.ingestion-544b9ff949-ft4f6.json,500,946e95768dcbcf3e13995902237aa12209dfeb1456c0aebd1789f38e9232ff0e
empty,Empty,127,distance_mm,training/empty.measurement_127.csv.6jlbnnjr.ingestion-544b9ff949-ft4f6.json,500,946e95768dcbcf3e13995902237aa12209dfeb1456c0aebd1789f38e9232ff0e
empty,Empty,127,sigma_like,training/empty.measurement_127.csv.6jlbnnjr.ingestion-544b9ff949-ft4f6.json,500,946e95768dcbcf3e13995902237aa12209dfeb1456c0aebd1789f38e9232ff0e
empty,Empty,127,signal_rate_mcps,training/empty.measurement_127.csv.6jlbnnjr.ingestion-544b9ff949-ft4f6.json,500,946e95768dcbcf3e13995902237aa12209dfeb1456c0aebd1789f38e9232ff0e
empty,Empty,129,ambient_rate_mcps,training/empty.measurement_129.csv.6jlbnnjn.ingestion-544b9ff949-kks7w.json,500,e8f0736897ce3b6f9961c2853cfa3b1fea4c69e4c99b2b6317f093b4df4b48c7
empty,Empty,129,distance_mm,training/empty.measurement_129.csv.6jlbnnjn.ingestion-544b9ff949-kks7w.json,500,e8f0736897ce3b6f9961c2853cfa3b1fea4c69e4c99b2b6317f093b4df4b48c7
empty,Empty,129,sigma_like,training/empty.measurement_129.csv.6jlbnnjn.ingestion-544b9ff949-kks7w.json,500,e8f0736897ce3b6f9961c2853cfa3b1fea4c69e4c99b2b6317f093b4df4b48c7
empty,Empty,129,signal_rate_mcps,training/empty.measurement_129.csv.6jlbnnjn.ingestion-544b9ff949-kks7w.json,500,e8f0736897ce3b6f9961c2853cfa3b1fea4c69e4c99b2b6317f093b4df4b48c7
empty,Empty,13,ambient_rate_mcps,training/empty.measurement_13.csv.6jlbnnlo.ingestion-544b9ff949-ft4f6.json,500,d11a1c2e1ae6dc3b6fcc7ad7b4ea929bbfd253a5388930b3415af23f584fb549
empty,Empty,13,distance_mm,training/empty.measurement_13.csv.6jlbnnlo.ingestion-544b9ff949-ft4f6.json,500,d11a1c2e1ae6dc3b6fcc7ad7b4ea929bbfd253a5388930b3415af23f584fb549
empty,Empty,13,sigma_like,training/empty.measurement_13.csv.6jlbnnlo.ingestion-544b9ff949-ft4f6.json,500,d11a1c2e1ae6dc3b6fcc7ad7b4ea929bbfd253a5388930b3415af23f584fb549
empty,Empty,13,signal_rate_mcps,training/empty.measurement_13.csv.6jlbnnlo.ingestion-544b9ff949-ft4f6.json,500,d11a1c2e1ae6dc3b6fcc7ad7b4ea929bbfd253a5388930b3415af23f584fb549
empty,Empty,130,ambient_rate_mcps,training/empty.measurement_130.csv.6jlbnnlo.ingestion-544b9ff949-rn5s8.json,500,4002cd008dcc039d2a44b068abd9f62abdfb6081d1a858b542caca06c4326edb
empty,Empty,130,distance_mm,training/empty.measurement_130.csv.6jlbnnlo.ingestion-544b9ff949-rn5s8.json,500,4002cd008dcc039d2a44b068abd9f62abdfb6081d1a858b542caca06c4326edb
empty,Empty,130,sigma_like,training/empty.measurement_130.csv.6jlbnnlo.ingestion-544b9ff949-rn5s8.json,500,4002cd008dcc039d2a44b068abd9f62abdfb6081d1a858b542caca06c4326edb
empty,Empty,130,signal_rate_mcps,training/empty.measurement_130.csv.6jlbnnlo.ingestion-544b9ff949-rn5s8.json,500,4002cd008dcc039d2a44b068abd9f62abdfb6081d1a858b542caca06c4326edb
empty,Empty,131,ambient_rate_mcps,training/empty.measurement_131.csv.6jlbnnlq.ingestion-544b9ff949-kks7w.json,500,d13b78e6ad305055107277a64368920b3e0cbafff10166edcca6310958634484
empty,Empty,131,distance_mm,training/empty.measurement_131.csv.6jlbnnlq.ingestion-544b9ff949-kks7w.json,500,d13b78e6ad305055107277a64368920b3e0cbafff10166edcca6310958634484
empty,Empty,131,sigma_like,training/empty.measurement_131.csv.6jlbnnlq.ingestion-544b9ff949-kks7w.json,500,d13b78e6ad305055107277a64368920b3e0cbafff10166edcca6310958634484
empty,Empty,131,signal_rate_mcps,training/empty.measurement_131.csv.6jlbnnlq.ingestion-544b9ff949-kks7w.json,500,d13b78e6ad305055107277a64368920b3e0cbafff10166edcca6310958634484
empty,Empty,134,ambient_rate_mcps,training/empty.measurement_134.csv.6jlbnnq7.ingestion-544b9ff949-kks7w.json,500,d0255083d6c7e3654be2049c562d5543074c037bd4dcfc63bfc99ee36b858bd2
empty,Empty,134,distance_mm,training/empty.measurement_134.csv.6jlbnnq7.ingestion-544b9ff949-kks7w.json,500,d0255083d6c7e3654be2049c562d5543074c037bd4dcfc63bfc99ee36b858bd2
empty,Empty,134,sigma_like,training/empty.measurement_134.csv.6jlbnnq7.ingestion-544b9ff949-kks7w.json,500,d0255083d6c7e3654be2049c562d5543074c037bd4dcfc63bfc99ee36b858bd2
empty,Empty,134,signal_rate_mcps,training/empty.measurement_134.csv.6jlbnnq7.ingestion-544b9ff949-kks7w.json,500,d0255083d6c7e3654be2049c562d5543074c037bd4dcfc63bfc99ee36b858bd2
empty,Empty,135,ambient_rate_mcps,training/empty.measurement_135.csv.6jlbnnq6.ingestion-544b9ff949-ft4f6.json,500,0967f4bfcddee2a7e0ba58a12815da0e445b13ee6cc562617043f85fd4a89363
empty,Empty,135,distance_mm,training/empty.measurement_135.csv.6jlbnnq6.ingestion-544b9ff949-ft4f6.json,500,0967f4bfcddee2a7e0ba58a12815da0e445b13ee6cc562617043f85fd4a89363
empty,Empty,135,sigma_like,training/empty.measurement_135.csv.6jlbnnq6.ingestion-544b9ff949-ft4f6.json,500,0967f4bfcddee2a7e0ba58a12815da0e445b13ee6cc562617043f85fd4a89363
empty,Empty,135,signal_rate_mcps,training/empty.measurement_135.csv.6jlbnnq6.ingestion-544b9ff949-ft4f6.json,500,0967f4bfcddee2a7e0ba58a12815da0e445b13ee6cc562617043f85fd4a89363
empty,Empty,136,ambient_rate_mcps,training/empty.measurement_136.csv.6jlbnnqb.ingestion-544b9ff949-rn5s8.json,500,a309d34b7528957bac43b3ca3342ceee8c72b2fd5dbd9c79fb1f115d07dda16c
empty,Empty,136,distance_mm,training/empty.measurement_136.csv.6jlbnnqb.ingestion-544b9ff949-rn5s8.json,500,a309d34b7528957bac43b3ca3342ceee8c72b2fd5dbd9c79fb1f115d07dda16c
empty,Empty,136,sigma_like,training/empty.measurement_136.csv.6jlbnnqb.ingestion-544b9ff949-rn5s8.json,500,a309d34b7528957bac43b3ca3342ceee8c72b2fd5dbd9c79fb1f115d07dda16c
empty,Empty,136,signal_rate_mcps,training/empty.measurement_136.csv.6jlbnnqb.ingestion-544b9ff949-rn5s8.json,500,a309d34b7528957bac43b3ca3342ceee8c72b2fd5dbd9c79fb1f115d07dda16c
empty,Empty,137,ambient_rate_mcps,training/empty.measurement_137.csv.6jlbnnqg.ingestion-544b9ff949-kks7w.json,500,f63baa033398b38fa0d23dc9a023daceffead5592bc64048688405e65516cc98
empty,Empty,137,distance_mm,training/empty.measurement_137.csv.6jlbnnqg.ingestion-544b9ff949-kks7w.json,500,f63baa033398b38fa0d23dc9a023daceffead5592bc64048688405e65516cc98
empty,Empty,137,sigma_like,training/empty.measurement_137.csv.6jlbnnqg.ingestion-544b9ff949-kks7w.json,500,f63baa033398b38fa0d23dc9a023daceffead5592bc64048688405e65516cc98
empty,Empty,137,signal_rate_mcps,training/empty.measurement_137.csv.6jlbnnqg.ingestion-544b9ff949-kks7w.json,500,f63baa033398b38fa0d23dc9a023daceffead5592bc64048688405e65516cc98
empty,Empty,138,ambient_rate_mcps,training/empty.measurement_138.csv.6jlbnnqd.ingestion-544b9ff949-ft4f6.json,500,1b6ac2a7e58cd1673c4985ba1eeeee0d133e5ca1cffee265fca707c283e5d2a7
empty,Empty,138,distance_mm,training/empty.measurement_138.csv.6jlbnnqd.ingestion-544b9ff949-ft4f6.json,500,1b6ac2a7e58cd1673c4985ba1eeeee0d133e5ca1cffee265fca707c283e5d2a7
empty,Empty,138,sigma_like,training/empty.measurement_138.csv.6jlbnnqd.ingestion-544b9ff949-ft4f6.json,500,1b6ac2a7e58cd1673c4985ba1eeeee0d133e5ca1cffee265fca707c283e5d2a7
empty,Empty,138,signal_rate_mcps,training/empty.measurement_138.csv.6jlbnnqd.ingestion-544b9ff949-ft4f6.json,500,1b6ac2a7e58cd1673c4985ba1eeeee0d133e5ca1cffee265fca707c283e5d2a7
empty,Empty,139,ambient_rate_mcps,training/empty.measurement_139.csv.6jlbnnqs.ingestion-544b9ff949-rn5s8.json,500,99eb01f046cf23f6f0f1e7f8ec02f025be9087ebb7da38717e692d227613212e
empty,Empty,139,distance_mm,training/empty.measurement_139.csv.6jlbnnqs.ingestion-544b9ff949-rn5s8.json,500,99eb01f046cf23f6f0f1e7f8ec02f025be9087ebb7da38717e692d227613212e
empty,Empty,139,sigma_like,training/empty.measurement_139.csv.6jlbnnqs.ingestion-544b9ff949-rn5s8.json,500,99eb01f046cf23f6f0f1e7f8ec02f025be9087ebb7da38717e692d227613212e
empty,Empty,139,signal_rate_mcps,training/empty.measurement_139.csv.6jlbnnqs.ingestion-544b9ff949-rn5s8.json,500,99eb01f046cf23f6f0f1e7f8ec02f025be9087ebb7da38717e692d227613212e
empty,Empty,14,ambient_rate_mcps,training/empty.measurement_14.csv.6jlbnnrd.ingestion-544b9ff949-kks7w.json,500,59d1d3501f7edb3c1b9579c86ecf2bb85bc667ed5840251be3ce7f4e20aa6fbf
empty,Empty,14,distance_mm,training/empty.measurement_14.csv.6jlbnnrd.ingestion-544b9ff949-kks7w.json,500,59d1d3501f7edb3c1b9579c86ecf2bb85bc667ed5840251be3ce7f4e20aa6fbf
empty,Empty,14,sigma_like,training/empty.measurement_14.csv.6jlbnnrd.ingestion-544b9ff949-kks7w.json,500,59d1d3501f7edb3c1b9579c86ecf2bb85bc667ed5840251be3ce7f4e20aa6fbf
empty,Empty,14,signal_rate_mcps,training/empty.measurement_14.csv.6jlbnnrd.ingestion-544b9ff949-kks7w.json,500,59d1d3501f7edb3c1b9579c86ecf2bb85bc667ed5840251be3ce7f4e20aa6fbf
empty,Empty,15,ambient_rate_mcps,training/empty.measurement_15.csv.6jlbnnrv.ingestion-544b9ff949-rn5s8.json,500,c583b38a1edbd4890896c46742232a8c99807b72d22d4c30def0d8580bd3e09a
empty,Empty,15,distance_mm,training/empty.measurement_15.csv.6jlbnnrv.ingestion-544b9ff949-rn5s8.json,500,c583b38a1edbd4890896c46742232a8c99807b72d22d4c30def0d8580bd3e09a
empty,Empty,15,sigma_like,training/empty.measurement_15.csv.6jlbnnrv.ingestion-544b9ff949-rn5s8.json,500,c583b38a1edbd4890896c46742232a8c99807b72d22d4c30def0d8580bd3e09a
empty,Empty,15,signal_rate_mcps,training/empty.measurement_15.csv.6jlbnnrv.ingestion-544b9ff949-rn5s8.json,500,c583b38a1edbd4890896c46742232a8c99807b72d22d4c30def0d8580bd3e09a
empty,Empty,16,ambient_rate_mcps,training/empty.measurement_16.csv.6jlbnnti.ingestion-544b9ff949-kks7w.json,500,966d3ba76cdf8a0846f9cdd4cefc1d3d062312dc3c2e64b71408c46585d05f91
empty,Empty,16,distance_mm,training/empty.measurement_16.csv.6jlbnnti.ingestion-544b9ff949-kks7w.json,500,966d3ba76cdf8a0846f9cdd4cefc1d3d062312dc3c2e64b71408c46585d05f91
empty,Empty,16,sigma_like,training/empty.measurement_16.csv.6jlbnnti.ingestion-544b9ff949-kks7w.json,500,966d3ba76cdf8a0846f9cdd4cefc1d3d062312dc3c2e64b71408c46585d05f91
empty,Empty,16,signal_rate_mcps,training/empty.measurement_16.csv.6jlbnnti.ingestion-544b9ff949-kks7w.json,500,966d3ba76cdf8a0846f9cdd4cefc1d3d062312dc3c2e64b71408c46585d05f91
empty,Empty,17,ambient_rate_mcps,training/empty.measurement_17.csv.6jlbnnts.ingestion-544b9ff949-ft4f6.json,500,d3c21fc165e88067ed877070df483c2e8caf274f080dfc2b0d1f99ce8e1de755
empty,Empty,17,distance_mm,training/empty.measurement_17.csv.6jlbnnts.ingestion-544b9ff949-ft4f6.json,500,d3c21fc165e88067ed877070df483c2e8caf274f080dfc2b0d1f99ce8e1de755
empty,Empty,17,sigma_like,training/empty.measurement_17.csv.6jlbnnts.ingestion-544b9ff949-ft4f6.json,500,d3c21fc165e88067ed877070df483c2e8caf274f080dfc2b0d1f99ce8e1de755
empty,Empty,17,signal_rate_mcps,training/empty.measurement_17.csv.6jlbnnts.ingestion-544b9ff949-ft4f6.json,500,d3c21fc165e88067ed877070df483c2e8caf274f080dfc2b0d1f99ce8e1de755
empty,Empty,18,ambient_rate_mcps,training/empty.measurement_18.csv.6jlbnnts.ingestion-544b9ff949-rn5s8.json,500,dc35a25e590895abbca28ddcac59b3e38ea5be232506670380767b3ea977b4e9
empty,Empty,18,distance_mm,training/empty.measurement_18.csv.6jlbnnts.ingestion-544b9ff949-rn5s8.json,500,dc35a25e590895abbca28ddcac59b3e38ea5be232506670380767b3ea977b4e9
empty,Empty,18,sigma_like,training/empty.measurement_18.csv.6jlbnnts.ingestion-544b9ff949-rn5s8.json,500,dc35a25e590895abbca28ddcac59b3e38ea5be232506670380767b3ea977b4e9
empty,Empty,18,signal_rate_mcps,training/empty.measurement_18.csv.6jlbnnts.ingestion-544b9ff949-rn5s8.json,500,dc35a25e590895abbca28ddcac59b3e38ea5be232506670380767b3ea977b4e9
empty,Empty,19,ambient_rate_mcps,training/empty.measurement_19.csv.6jlbnnv8.ingestion-544b9ff949-kks7w.json,500,5a843d1b2961438aa9f488addd079c2443a217daa94750878dd7b5b46b33c808
empty,Empty,19,distance_mm,training/empty.measurement_19.csv.6jlbnnv8.ingestion-544b9ff949-kks7w.json,500,5a843d1b2961438aa9f488addd079c2443a217daa94750878dd7b5b46b33c808
empty,Empty,19,sigma_like,training/empty.measurement_19.csv.6jlbnnv8.ingestion-544b9ff949-kks7w.json,500,5a843d1b2961438aa9f488addd079c2443a217daa94750878dd7b5b46b33c808
empty,Empty,19,signal_rate_mcps,training/empty.measurement_19.csv.6jlbnnv8.ingestion-544b9ff949-kks7w.json,500,5a843d1b2961438aa9f488addd079c2443a217daa94750878dd7b5b46b33c808
empty,Empty,2,ambient_rate_mcps,training/empty.measurement_2.csv.6jlbnnu3.ingestion-544b9ff949-ft4f6.json,500,da8411c79ec4a945269dbe80211b85f6d4fd13c98ac1117d933646a5c6d4a612
empty,Empty,2,distance_mm,training/empty.measurement_2.csv.6jlbnnu3.ingestion-544b9ff949-ft4f6.json,500,da8411c79ec4a945269dbe80211b85f6d4fd13c98ac1117d933646a5c6d4a612
empty,Empty,2,sigma_like,training/empty.measurement_2.csv.6jlbnnu3.ingestion-544b9ff949-ft4f6.json,500,da8411c79ec4a945269dbe80211b85f6d4fd13c98ac1117d933646a5c6d4a612
empty,Empty,2,signal_rate_mcps,training/empty.measurement_2.csv.6jlbnnu3.ingestion-544b9ff949-ft4f6.json,500,da8411c79ec4a945269dbe80211b85f6d4fd13c98ac1117d933646a5c6d4a612
empty,Empty,21,ambient_rate_mcps,training/empty.measurement_21.csv.6jlbnnvs.ingestion-544b9ff949-kks7w.json,500,5f4a2cf39efa25a2786647a9e59a096c76dcff7a305a0e54b7218135806ef0b5
empty,Empty,21,distance_mm,training/empty.measurement_21.csv.6jlbnnvs.ingestion-544b9ff949-kks7w.json,500,5f4a2cf39efa25a2786647a9e59a096c76dcff7a305a0e54b7218135806ef0b5
empty,Empty,21,sigma_like,training/empty.measurement_21.csv.6jlbnnvs.ingestion-544b9ff949-kks7w.json,500,5f4a2cf39efa25a2786647a9e59a096c76dcff7a305a0e54b7218135806ef0b5
empty,Empty,21,signal_rate_mcps,training/empty.measurement_21.csv.6jlbnnvs.ingestion-544b9ff949-kks7w.json,500,5f4a2cf39efa25a2786647a9e59a096c76dcff7a305a0e54b7218135806ef0b5
empty,Empty,22,ambient_rate_mcps,training/empty.measurement_22.csv.6jlbnnvt.ingestion-544b9ff949-ft4f6.json,500,a2ebbd6090eb7eec5612b9ac18cceb860921a95120d8720654a61332cc3e2897
empty,Empty,22,distance_mm,training/empty.measurement_22.csv.6jlbnnvt.ingestion-544b9ff949-ft4f6.json,500,a2ebbd6090eb7eec5612b9ac18cceb860921a95120d8720654a61332cc3e2897
empty,Empty,22,sigma_like,training/empty.measurement_22.csv.6jlbnnvt.ingestion-544b9ff949-ft4f6.json,500,a2ebbd6090eb7eec5612b9ac18cceb860921a95120d8720654a61332cc3e2897
empty,Empty,22,signal_rate_mcps,training/empty.measurement_22.csv.6jlbnnvt.ingestion-544b9ff949-ft4f6.json,500,a2ebbd6090eb7eec5612b9ac18cceb860921a95120d8720654a61332cc3e2897
empty,Empty,23,ambient_rate_mcps,training/empty.measurement_23.csv.6jlbno06.ingestion-544b9ff949-rn5s8.json,500,644da3e25fe35fee991943ea90dc5b2ab319f5d29f1beac6434a92dd70c4088d
empty,Empty,23,distance_mm,training/empty.measurement_23.csv.6jlbno06.ingestion-544b9ff949-rn5s8.json,500,644da3e25fe35fee991943ea90dc5b2ab319f5d29f1beac6434a92dd70c4088d
empty,Empty,23,sigma_like,training/empty.measurement_23.csv.6jlbno06.ingestion-544b9ff949-rn5s8.json,500,644da3e25fe35fee991943ea90dc5b2ab319f5d29f1beac6434a92dd70c4088d
empty,Empty,23,signal_rate_mcps,training/empty.measurement_23.csv.6jlbno06.ingestion-544b9ff949-rn5s8.json,500,644da3e25fe35fee991943ea90dc5b2ab319f5d29f1beac6434a92dd70c4088d
empty,Empty,26,ambient_rate_mcps,training/empty.measurement_26.csv.6jlbno4m.ingestion-544b9ff949-rn5s8.json,500,656b6aa39d4767b1cdbef4054ceafc2e6a5e626a0db02dd6e3c5d8ad1f2c9e31
empty,Empty,26,distance_mm,training/empty.measurement_26.csv.6jlbno4m.ingestion-544b9ff949-rn5s8.json,500,656b6aa39d4767b1cdbef4054ceafc2e6a5e626a0db02dd6e3c5d8ad1f2c9e31
empty,Empty,26,sigma_like,training/empty.measurement_26.csv.6jlbno4m.ingestion-544b9ff949-rn5s8.json,500,656b6aa39d4767b1cdbef4054ceafc2e6a5e626a0db02dd6e3c5d8ad1f2c9e31
empty,Empty,26,signal_rate_mcps,training/empty.measurement_26.csv.6jlbno4m.ingestion-544b9ff949-rn5s8.json,500,656b6aa39d4767b1cdbef4054ceafc2e6a5e626a0db02dd6e3c5d8ad1f2c9e31
empty,Empty,27,ambient_rate_mcps,training/empty.measurement_27.csv.6jlbno5q.ingestion-544b9ff949-kks7w.json,500,c099f3efd401b91ec224c8f97051abdb686179ea2921327f78fbbf4af9402709
empty,Empty,27,distance_mm,training/empty.measurement_27.csv.6jlbno5q.ingestion-544b9ff949-kks7w.json,500,c099f3efd401b91ec224c8f97051abdb686179ea2921327f78fbbf4af9402709
empty,Empty,27,sigma_like,training/empty.measurement_27.csv.6jlbno5q.ingestion-544b9ff949-kks7w.json,500,c099f3efd401b91ec224c8f97051abdb686179ea2921327f78fbbf4af9402709
empty,Empty,27,signal_rate_mcps,training/empty.measurement_27.csv.6jlbno5q.ingestion-544b9ff949-kks7w.json,500,c099f3efd401b91ec224c8f97051abdb686179ea2921327f78fbbf4af9402709
empty,Empty,28,ambient_rate_mcps,training/empty.measurement_28.csv.6jlbno4t.ingestion-544b9ff949-ft4f6.json,500,0a69262447b928b0214bc2a2ae12a8262cd067aaf94ffba0c5120bf57c0ad43e
empty,Empty,28,distance_mm,training/empty.measurement_28.csv.6jlbno4t.ingestion-544b9ff949-ft4f6.json,500,0a69262447b928b0214bc2a2ae12a8262cd067aaf94ffba0c5120bf57c0ad43e
empty,Empty,28,sigma_like,training/empty.measurement_28.csv.6jlbno4t.ingestion-544b9ff949-ft4f6.json,500,0a69262447b928b0214bc2a2ae12a8262cd067aaf94ffba0c5120bf57c0ad43e
empty,Empty,28,signal_rate_mcps,training/empty.measurement_28.csv.6jlbno4t.ingestion-544b9ff949-ft4f6.json,500,0a69262447b928b0214bc2a2ae12a8262cd067aaf94ffba0c5120bf57c0ad43e
empty,Empty,29,ambient_rate_mcps,training/empty.measurement_29.csv.6jlbno51.ingestion-544b9ff949-rn5s8.json,500,29a7b5f47730da42dd2b9f634679e6b618816a2533760ede6e7c67028783b6b5
empty,Empty,29,distance_mm,training/empty.measurement_29.csv.6jlbno51.ingestion-544b9ff949-rn5s8.json,500,29a7b5f47730da42dd2b9f634679e6b618816a2533760ede6e7c67028783b6b5
empty,Empty,29,sigma_like,training/empty.measurement_29.csv.6jlbno51.ingestion-544b9ff949-rn5s8.json,500,29a7b5f47730da42dd2b9f634679e6b618816a2533760ede6e7c67028783b6b5
empty,Empty,29,signal_rate_mcps,training/empty.measurement_29.csv.6jlbno51.ingestion-544b9ff949-rn5s8.json,500,29a7b5f47730da42dd2b9f634679e6b618816a2533760ede6e7c67028783b6b5
empty,Empty,3,ambient_rate_mcps,training/empty.measurement_3.csv.6jlbno5q.ingestion-544b9ff949-kks7w.json,500,c41489a82231298280625eb6a756d9446b25543fa4368a35bfd8b0e741ef45cc
empty,Empty,3,distance_mm,training/empty.measurement_3.csv.6jlbno5q.ingestion-544b9ff949-kks7w.json,500,c41489a82231298280625eb6a756d9446b25543fa4368a35bfd8b0e741ef45cc
empty,Empty,3,sigma_like,training/empty.measurement_3.csv.6jlbno5q.ingestion-544b9ff949-kks7w.json,500,c41489a82231298280625eb6a756d9446b25543fa4368a35bfd8b0e741ef45cc
empty,Empty,3,signal_rate_mcps,training/empty.measurement_3.csv.6jlbno5q.ingestion-544b9ff949-kks7w.json,500,c41489a82231298280625eb6a756d9446b25543fa4368a35bfd8b0e741ef45cc
empty,Empty,30,ambient_rate_mcps,training/empty.measurement_30.csv.6jlbno5l.ingestion-544b9ff949-ft4f6.json,500,e095de4844cd64df812a34dc6b13e0f11184aa63610a60acbf25bee6ede521b4
empty,Empty,30,distance_mm,training/empty.measurement_30.csv.6jlbno5l.ingestion-544b9ff949-ft4f6.json,500,e095de4844cd64df812a34dc6b13e0f11184aa63610a60acbf25bee6ede521b4
empty,Empty,30,sigma_like,training/empty.measurement_30.csv.6jlbno5l.ingestion-544b9ff949-ft4f6.json,500,e095de4844cd64df812a34dc6b13e0f11184aa63610a60acbf25bee6ede521b4
empty,Empty,30,signal_rate_mcps,training/empty.measurement_30.csv.6jlbno5l.ingestion-544b9ff949-ft4f6.json,500,e095de4844cd64df812a34dc6b13e0f11184aa63610a60acbf25bee6ede521b4
empty,Empty,31,ambient_rate_mcps,training/empty.measurement_31.csv.6jlbno5n.ingestion-544b9ff949-rn5s8.json,500,6322112d927cc7ed4ca095a36fd90b3859e912279461c43910d37e231f6b93f7
empty,Empty,31,distance_mm,training/empty.measurement_31.csv.6jlbno5n.ingestion-544b9ff949-rn5s8.json,500,6322112d927cc7ed4ca095a36fd90b3859e912279461c43910d37e231f6b93f7
empty,Empty,31,sigma_like,training/empty.measurement_31.csv.6jlbno5n.ingestion-544b9ff949-rn5s8.json,500,6322112d927cc7ed4ca095a36fd90b3859e912279461c43910d37e231f6b93f7
empty,Empty,31,signal_rate_mcps,training/empty.measurement_31.csv.6jlbno5n.ingestion-544b9ff949-rn5s8.json,500,6322112d927cc7ed4ca095a36fd90b3859e912279461c43910d37e231f6b93f7
empty,Empty,33,ambient_rate_mcps,training/empty.measurement_33.csv.6jlbno6t.ingestion-544b9ff949-ft4f6.json,500,19c3c40e693d68d4d768a5356184db88d4d51da45ee1bbf9df38db9cd0965d4b
empty,Empty,33,distance_mm,training/empty.measurement_33.csv.6jlbno6t.ingestion-544b9ff949-ft4f6.json,500,19c3c40e693d68d4d768a5356184db88d4d51da45ee1bbf9df38db9cd0965d4b
empty,Empty,33,sigma_like,training/empty.measurement_33.csv.6jlbno6t.ingestion-544b9ff949-ft4f6.json,500,19c3c40e693d68d4d768a5356184db88d4d51da45ee1bbf9df38db9cd0965d4b
empty,Empty,33,signal_rate_mcps,training/empty.measurement_33.csv.6jlbno6t.ingestion-544b9ff949-ft4f6.json,500,19c3c40e693d68d4d768a5356184db88d4d51da45ee1bbf9df38db9cd0965d4b
empty,Empty,34,ambient_rate_mcps,training/empty.measurement_34.csv.6jlbno7v.ingestion-544b9ff949-rn5s8.json,500,414856aa344735cebfbcf0c954b4a494c54366e712415d41902693dc73fc1517
empty,Empty,34,distance_mm,training/empty.measurement_34.csv.6jlbno7v.ingestion-544b9ff949-rn5s8.json,500,414856aa344735cebfbcf0c954b4a494c54366e712415d41902693dc73fc1517
empty,Empty,34,sigma_like,training/empty.measurement_34.csv.6jlbno7v.ingestion-544b9ff949-rn5s8.json,500,414856aa344735cebfbcf0c954b4a494c54366e712415d41902693dc73fc1517
empty,Empty,34,signal_rate_mcps,training/empty.measurement_34.csv.6jlbno7v.ingestion-544b9ff949-rn5s8.json,500,414856aa344735cebfbcf0c954b4a494c54366e712415d41902693dc73fc1517
empty,Empty,35,ambient_rate_mcps,training/empty.measurement_35.csv.6jlbno8g.ingestion-544b9ff949-kks7w.json,500,50fb090e22630436e050d87a70179102fe7fa06734e72022613bbcab1eb389f1
empty,Empty,35,distance_mm,training/empty.measurement_35.csv.6jlbno8g.ingestion-544b9ff949-kks7w.json,500,50fb090e22630436e050d87a70179102fe7fa06734e72022613bbcab1eb389f1
empty,Empty,35,sigma_like,training/empty.measurement_35.csv.6jlbno8g.ingestion-544b9ff949-kks7w.json,500,50fb090e22630436e050d87a70179102fe7fa06734e72022613bbcab1eb389f1
empty,Empty,35,signal_rate_mcps,training/empty.measurement_35.csv.6jlbno8g.ingestion-544b9ff949-kks7w.json,500,50fb090e22630436e050d87a70179102fe7fa06734e72022613bbcab1eb389f1
empty,Empty,36,ambient_rate_mcps,training/empty.measurement_36.csv.6jlbno8b.ingestion-544b9ff949-ft4f6.json,500,e1cac61d55371c593d02bea0528f6f3638e5af20e00c8b5b12ce1fef3861b725
empty,Empty,36,distance_mm,training/empty.measurement_36.csv.6jlbno8b.ingestion-544b9ff949-ft4f6.json,500,e1cac61d55371c593d02bea0528f6f3638e5af20e00c8b5b12ce1fef3861b725
empty,Empty,36,sigma_like,training/empty.measurement_36.csv.6jlbno8b.ingestion-544b9ff949-ft4f6.json,500,e1cac61d55371c593d02bea0528f6f3638e5af20e00c8b5b12ce1fef3861b725
empty,Empty,36,signal_rate_mcps,training/empty.measurement_36.csv.6jlbno8b.ingestion-544b9ff949-ft4f6.json,500,e1cac61d55371c593d02bea0528f6f3638e5af20e00c8b5b12ce1fef3861b725
empty,Empty,38,ambient_rate_mcps,training/empty.measurement_38.csv.6jlbno9s.ingestion-544b9ff949-kks7w.json,500,3729137f92ccdfb75764daa34165791dc639557efac18896da2324549c246005
empty,Empty,38,distance_mm,training/empty.measurement_38.csv.6jlbno9s.ingestion-544b9ff949-kks7w.json,500,3729137f92ccdfb75764daa34165791dc639557efac18896da2324549c246005
empty,Empty,38,sigma_like,training/empty.measurement_38.csv.6jlbno9s.ingestion-544b9ff949-kks7w.json,500,3729137f92ccdfb75764daa34165791dc639557efac18896da2324549c246005
empty,Empty,38,signal_rate_mcps,training/empty.measurement_38.csv.6jlbno9s.ingestion-544b9ff949-kks7w.json,500,3729137f92ccdfb75764daa34165791dc639557efac18896da2324549c246005
empty,Empty,39,ambient_rate_mcps,training/empty.measurement_39.csv.6jlbnoa5.ingestion-544b9ff949-ft4f6.json,500,4db3450b40cb7fc9994966a3833f5ffc043959c49fd22c475370e47e61dd3797
empty,Empty,39,distance_mm,training/empty.measurement_39.csv.6jlbnoa5.ingestion-544b9ff949-ft4f6.json,500,4db3450b40cb7fc9994966a3833f5ffc043959c49fd22c475370e47e61dd3797
empty,Empty,39,sigma_like,training/empty.measurement_39.csv.6jlbnoa5.ingestion-544b9ff949-ft4f6.json,500,4db3450b40cb7fc9994966a3833f5ffc043959c49fd22c475370e47e61dd3797
empty,Empty,39,signal_rate_mcps,training/empty.measurement_39.csv.6jlbnoa5.ingestion-544b9ff949-ft4f6.json,500,4db3450b40cb7fc9994966a3833f5ffc043959c49fd22c475370e47e61dd3797
empty,Empty,4,ambient_rate_mcps,training/empty.measurement_4.csv.6jlbnodo.ingestion-544b9ff949-rn5s8.json,500,d47dd41c5a132386b66ed67886fdd596ac843ac5ee8fde5c53cca106b586a1f4
empty,Empty,4,distance_mm,training/empty.measurement_4.csv.6jlbnodo.ingestion-544b9ff949-rn5s8.json,500,d47dd41c5a132386b66ed67886fdd596ac843ac5ee8fde5c53cca106b586a1f4
empty,Empty,4,sigma_like,training/empty.measurement_4.csv.6jlbnodo.ingestion-544b9ff949-rn5s8.json,500,d47dd41c5a132386b66ed67886fdd596ac843ac5ee8fde5c53cca106b586a1f4
empty,Empty,4,signal_rate_mcps,training/empty.measurement_4.csv.6jlbnodo.ingestion-544b9ff949-rn5s8.json,500,d47dd41c5a132386b66ed67886fdd596ac843ac5ee8fde5c53cca106b586a1f4
empty,Empty,40,ambient_rate_mcps,training/empty.measurement_40.csv.6jlbnoek.ingestion-544b9ff949-kks7w.json,500,eefcde1713440972ced1aa63a47fe51e38d7c19aa8c23b7d08dfe93427d25408
empty,Empty,40,distance_mm,training/empty.measurement_40.csv.6jlbnoek.ingestion-544b9ff949-kks7w.json,500,eefcde1713440972ced1aa63a47fe51e38d7c19aa8c23b7d08dfe93427d25408
empty,Empty,40,sigma_like,training/empty.measurement_40.csv.6jlbnoek.ingestion-544b9ff949-kks7w.json,500,eefcde1713440972ced1aa63a47fe51e38d7c19aa8c23b7d08dfe93427d25408
empty,Empty,40,signal_rate_mcps,training/empty.measurement_40.csv.6jlbnoek.ingestion-544b9ff949-kks7w.json,500,eefcde1713440972ced1aa63a47fe51e38d7c19aa8c23b7d08dfe93427d25408
empty,Empty,42,ambient_rate_mcps,training/empty.measurement_42.csv.6jlbnofa.ingestion-544b9ff949-rn5s8.json,500,d2099cc23ffbbc3109091e1892e98f67f13643e3d0f51ff67b493088d23f1470
empty,Empty,42,distance_mm,training/empty.measurement_42.csv.6jlbnofa.ingestion-544b9ff949-rn5s8.json,500,d2099cc23ffbbc3109091e1892e98f67f13643e3d0f51ff67b493088d23f1470
empty,Empty,42,sigma_like,training/empty.measurement_42.csv.6jlbnofa.ingestion-544b9ff949-rn5s8.json,500,d2099cc23ffbbc3109091e1892e98f67f13643e3d0f51ff67b493088d23f1470
empty,Empty,42,signal_rate_mcps,training/empty.measurement_42.csv.6jlbnofa.ingestion-544b9ff949-rn5s8.json,500,d2099cc23ffbbc3109091e1892e98f67f13643e3d0f51ff67b493088d23f1470
empty,Empty,43,ambient_rate_mcps,training/empty.measurement_43.csv.6jlbnofc.ingestion-544b9ff949-kks7w.json,500,17d7af28bc4bf2fdd9966344a8a8ab9303cad63b115f18f999bd655fee1dbe79
empty,Empty,43,distance_mm,training/empty.measurement_43.csv.6jlbnofc.ingestion-544b9ff949-kks7w.json,500,17d7af28bc4bf2fdd9966344a8a8ab9303cad63b115f18f999bd655fee1dbe79
empty,Empty,43,sigma_like,training/empty.measurement_43.csv.6jlbnofc.ingestion-544b9ff949-kks7w.json,500,17d7af28bc4bf2fdd9966344a8a8ab9303cad63b115f18f999bd655fee1dbe79
empty,Empty,43,signal_rate_mcps,training/empty.measurement_43.csv.6jlbnofc.ingestion-544b9ff949-kks7w.json,500,17d7af28bc4bf2fdd9966344a8a8ab9303cad63b115f18f999bd655fee1dbe79
empty,Empty,44,ambient_rate_mcps,training/empty.measurement_44.csv.6jlbnofk.ingestion-544b9ff949-ft4f6.json,500,c20e0a50f3659e958dc7cc0c79801da263350db086429324d8e577862438183c
empty,Empty,44,distance_mm,training/empty.measurement_44.csv.6jlbnofk.ingestion-544b9ff949-ft4f6.json,500,c20e0a50f3659e958dc7cc0c79801da263350db086429324d8e577862438183c
empty,Empty,44,sigma_like,training/empty.measurement_44.csv.6jlbnofk.ingestion-544b9ff949-ft4f6.json,500,c20e0a50f3659e958dc7cc0c79801da263350db086429324d8e577862438183c
empty,Empty,44,signal_rate_mcps,training/empty.measurement_44.csv.6jlbnofk.ingestion-544b9ff949-ft4f6.json,500,c20e0a50f3659e958dc7cc0c79801da263350db086429324d8e577862438183c
empty,Empty,46,ambient_rate_mcps,training/empty.measurement_46.csv.6jlbnofn.ingestion-544b9ff949-kks7w.json,500,48075797535d8724afa84a3d77d2136e9f690525e6439217d5142a2e2aa9515d
empty,Empty,46,distance_mm,training/empty.measurement_46.csv.6jlbnofn.ingestion-544b9ff949-kks7w.json,500,48075797535d8724afa84a3d77d2136e9f690525e6439217d5142a2e2aa9515d
empty,Empty,46,sigma_like,training/empty.measurement_46.csv.6jlbnofn.ingestion-544b9ff949-kks7w.json,500,48075797535d8724afa84a3d77d2136e9f690525e6439217d5142a2e2aa9515d
empty,Empty,46,signal_rate_mcps,training/empty.measurement_46.csv.6jlbnofn.ingestion-544b9ff949-kks7w.json,500,48075797535d8724afa84a3d77d2136e9f690525e6439217d5142a2e2aa9515d
empty,Empty,47,ambient_rate_mcps,training/empty.measurement_47.csv.6jlbnogb.ingestion-544b9ff949-ft4f6.json,500,e1c4296a83904a4903d5777bd7828bfe834e342338bfbca7ff910999fc0ced9b
empty,Empty,47,distance_mm,training/empty.measurement_47.csv.6jlbnogb.ingestion-544b9ff949-ft4f6.json,500,e1c4296a83904a4903d5777bd7828bfe834e342338bfbca7ff910999fc0ced9b
empty,Empty,47,sigma_like,training/empty.measurement_47.csv.6jlbnogb.ingestion-544b9ff949-ft4f6.json,500,e1c4296a83904a4903d5777bd7828bfe834e342338bfbca7ff910999fc0ced9b
empty,Empty,47,signal_rate_mcps,training/empty.measurement_47.csv.6jlbnogb.ingestion-544b9ff949-ft4f6.json,500,e1c4296a83904a4903d5777bd7828bfe834e342338bfbca7ff910999fc0ced9b
empty,Empty,48,ambient_rate_mcps,training/empty.measurement_48.csv.6jlbnog4.ingestion-544b9ff949-rn5s8.json,500,81fb08ee50a692b743a6c3df7c05e24bebd6cb66df46e9dc5ee52b47cfc89472
empty,Empty,48,distance_mm,training/empty.measurement_48.csv.6jlbnog4.ingestion-544b9ff949-rn5s8.json,500,81fb08ee50a692b743a6c3df7c05e24bebd6cb66df46e9dc5ee52b47cfc89472
empty,Empty,48,sigma_like,training/empty.measurement_48.csv.6jlbnog4.ingestion-544b9ff949-rn5s8.json,500,81fb08ee50a692b743a6c3df7c05e24bebd6cb66df46e9dc5ee52b47cfc89472
empty,Empty,48,signal_rate_mcps,training/empty.measurement_48.csv.6jlbnog4.ingestion-544b9ff949-rn5s8.json,500,81fb08ee50a692b743a6c3df7c05e24bebd6cb66df46e9dc5ee52b47cfc89472
empty,Empty,49,ambient_rate_mcps,training/empty.measurement_49.csv.6jlbnoga.ingestion-544b9ff949-kks7w.json,500,eb85feb510b15194917fd673f79a2f8ad991803e601700db02d51b6d83c61256
empty,Empty,49,distance_mm,training/empty.measurement_49.csv.6jlbnoga.ingestion-544b9ff949-kks7w.json,500,eb85feb510b15194917fd673f79a2f8ad991803e601700db02d51b6d83c61256
empty,Empty,49,sigma_like,training/empty.measurement_49.csv.6jlbnoga.ingestion-544b9ff949-kks7w.json,500,eb85feb510b15194917fd673f79a2f8ad991803e601700db02d51b6d83c61256
empty,Empty,49,signal_rate_mcps,training/empty.measurement_49.csv.6jlbnoga.ingestion-544b9ff949-kks7w.json,500,eb85feb510b15194917fd673f79a2f8ad991803e601700db02d51b6d83c61256
empty,Empty,50,ambient_rate_mcps,training/empty.measurement_50.csv.6jlbnogc.ingestion-544b9ff949-rn5s8.json,500,10da0b797fca0be4f45d104cd04d604fa9399e8f357ec36d291652495f7f5a9c
empty,Empty,50,distance_mm,training/empty.measurement_50.csv.6jlbnogc.ingestion-544b9ff949-rn5s8.json,500,10da0b797fca0be4f45d104cd04d604fa9399e8f357ec36d291652495f7f5a9c
empty,Empty,50,sigma_like,training/empty.measurement_50.csv.6jlbnogc.ingestion-544b9ff949-rn5s8.json,500,10da0b797fca0be4f45d104cd04d604fa9399e8f357ec36d291652495f7f5a9c
empty,Empty,50,signal_rate_mcps,training/empty.measurement_50.csv.6jlbnogc.ingestion-544b9ff949-rn5s8.json,500,10da0b797fca0be4f45d104cd04d604fa9399e8f357ec36d291652495f7f5a9c
empty,Empty,51,ambient_rate_mcps,training/empty.measurement_51.csv.6jlbnoha.ingestion-544b9ff949-kks7w.json,500,9a6c98ebf2b55bfffde5d744f7bfea9cb3dc1221eb92e829a41b4319591622a9
empty,Empty,51,distance_mm,training/empty.measurement_51.csv.6jlbnoha.ingestion-544b9ff949-kks7w.json,500,9a6c98ebf2b55bfffde5d744f7bfea9cb3dc1221eb92e829a41b4319591622a9
empty,Empty,51,sigma_like,training/empty.measurement_51.csv.6jlbnoha.ingestion-544b9ff949-kks7w.json,500,9a6c98ebf2b55bfffde5d744f7bfea9cb3dc1221eb92e829a41b4319591622a9
empty,Empty,51,signal_rate_mcps,training/empty.measurement_51.csv.6jlbnoha.ingestion-544b9ff949-kks7w.json,500,9a6c98ebf2b55bfffde5d744f7bfea9cb3dc1221eb92e829a41b4319591622a9
empty,Empty,52,ambient_rate_mcps,training/empty.measurement_52.csv.6jlbnoi3.ingestion-544b9ff949-ft4f6.json,500,20901bfb840d6fcd3567a9cde7f8444a09d2a524f4be1fc2ec46556b6c379deb
empty,Empty,52,distance_mm,training/empty.measurement_52.csv.6jlbnoi3.ingestion-544b9ff949-ft4f6.json,500,20901bfb840d6fcd3567a9cde7f8444a09d2a524f4be1fc2ec46556b6c379deb
empty,Empty,52,sigma_like,training/empty.measurement_52.csv.6jlbnoi3.ingestion-544b9ff949-ft4f6.json,500,20901bfb840d6fcd3567a9cde7f8444a09d2a524f4be1fc2ec46556b6c379deb
empty,Empty,52,signal_rate_mcps,training/empty.measurement_52.csv.6jlbnoi3.ingestion-544b9ff949-ft4f6.json,500,20901bfb840d6fcd3567a9cde7f8444a09d2a524f4be1fc2ec46556b6c379deb
empty,Empty,53,ambient_rate_mcps,training/empty.measurement_53.csv.6jlbnoih.ingestion-544b9ff949-rn5s8.json,500,b68c3ee65e0831c9890e15c83c5dd9ddcedd727f6dd99b87050a4064b90fb4fa
empty,Empty,53,distance_mm,training/empty.measurement_53.csv.6jlbnoih.ingestion-544b9ff949-rn5s8.json,500,b68c3ee65e0831c9890e15c83c5dd9ddcedd727f6dd99b87050a4064b90fb4fa
empty,Empty,53,sigma_like,training/empty.measurement_53.csv.6jlbnoih.ingestion-544b9ff949-rn5s8.json,500,b68c3ee65e0831c9890e15c83c5dd9ddcedd727f6dd99b87050a4064b90fb4fa
empty,Empty,53,signal_rate_mcps,training/empty.measurement_53.csv.6jlbnoih.ingestion-544b9ff949-rn5s8.json,500,b68c3ee65e0831c9890e15c83c5dd9ddcedd727f6dd99b87050a4064b90fb4fa
empty,Empty,54,ambient_rate_mcps,training/empty.measurement_54.csv.6jlbnoir.ingestion-544b9ff949-kks7w.json,500,85a97bebfc05dc954aed261082c76f50e452d5bf151efecff8c750ba8699cc58
empty,Empty,54,distance_mm,training/empty.measurement_54.csv.6jlbnoir.ingestion-544b9ff949-kks7w.json,500,85a97bebfc05dc954aed261082c76f50e452d5bf151efecff8c750ba8699cc58
empty,Empty,54,sigma_like,training/empty.measurement_54.csv.6jlbnoir.ingestion-544b9ff949-kks7w.json,500,85a97bebfc05dc954aed261082c76f50e452d5bf151efecff8c750ba8699cc58
empty,Empty,54,signal_rate_mcps,training/empty.measurement_54.csv.6jlbnoir.ingestion-544b9ff949-kks7w.json,500,85a97bebfc05dc954aed261082c76f50e452d5bf151efecff8c750ba8699cc58
empty,Empty,56,ambient_rate_mcps,training/empty.measurement_56.csv.6jlbnokb.ingestion-544b9ff949-rn5s8.json,500,87f133fc4c6a4b30242223f9e78985e9805aced259b0e91f8fe0b0ca20a72c1f
empty,Empty,56,distance_mm,training/empty.measurement_56.csv.6jlbnokb.ingestion-544b9ff949-rn5s8.json,500,87f133fc4c6a4b30242223f9e78985e9805aced259b0e91f8fe0b0ca20a72c1f
empty,Empty,56,sigma_like,training/empty.measurement_56.csv.6jlbnokb.ingestion-544b9ff949-rn5s8.json,500,87f133fc4c6a4b30242223f9e78985e9805aced259b0e91f8fe0b0ca20a72c1f
empty,Empty,56,signal_rate_mcps,training/empty.measurement_56.csv.6jlbnokb.ingestion-544b9ff949-rn5s8.json,500,87f133fc4c6a4b30242223f9e78985e9805aced259b0e91f8fe0b0ca20a72c1f
empty,Empty,57,ambient_rate_mcps,training/empty.measurement_57.csv.6jlbnokl.ingestion-544b9ff949-kks7w.json,500,f0070f0f009bf48cf0bc9ad952b326ea3c32250c241f0e6c2335cef93f10b7b7
empty,Empty,57,distance_mm,training/empty.measurement_57.csv.6jlbnokl.ingestion-544b9ff949-kks7w.json,500,f0070f0f009bf48cf0bc9ad952b326ea3c32250c241f0e6c2335cef93f10b7b7
empty,Empty,57,sigma_like,training/empty.measurement_57.csv.6jlbnokl.ingestion-544b9ff949-kks7w.json,500,f0070f0f009bf48cf0bc9ad952b326ea3c32250c241f0e6c2335cef93f10b7b7
empty,Empty,57,signal_rate_mcps,training/empty.measurement_57.csv.6jlbnokl.ingestion-544b9ff949-kks7w.json,500,f0070f0f009bf48cf0bc9ad952b326ea3c32250c241f0e6c2335cef93f10b7b7
empty,Empty,58,ambient_rate_mcps,training/empty.measurement_58.csv.6jlbnonn.ingestion-544b9ff949-ft4f6.json,500,c7bae3333abeba482e6158afae0be8b157c1390dbf937c7a29033ee224eb55f3
empty,Empty,58,distance_mm,training/empty.measurement_58.csv.6jlbnonn.ingestion-544b9ff949-ft4f6.json,500,c7bae3333abeba482e6158afae0be8b157c1390dbf937c7a29033ee224eb55f3
empty,Empty,58,sigma_like,training/empty.measurement_58.csv.6jlbnonn.ingestion-544b9ff949-ft4f6.json,500,c7bae3333abeba482e6158afae0be8b157c1390dbf937c7a29033ee224eb55f3
empty,Empty,58,signal_rate_mcps,training/empty.measurement_58.csv.6jlbnonn.ingestion-544b9ff949-ft4f6.json,500,c7bae3333abeba482e6158afae0be8b157c1390dbf937c7a29033ee224eb55f3
empty,Empty,6,ambient_rate_mcps,training/empty.measurement_6.csv.6jlbnop7.ingestion-544b9ff949-kks7w.json,500,e14ecc24a267619fb60af4724a4c4d8baee61b751cb7b0632f2012a00f42ea51
empty,Empty,6,distance_mm,training/empty.measurement_6.csv.6jlbnop7.ingestion-544b9ff949-kks7w.json,500,e14ecc24a267619fb60af4724a4c4d8baee61b751cb7b0632f2012a00f42ea51
empty,Empty,6,sigma_like,training/empty.measurement_6.csv.6jlbnop7.ingestion-544b9ff949-kks7w.json,500,e14ecc24a267619fb60af4724a4c4d8baee61b751cb7b0632f2012a00f42ea51
empty,Empty,6,signal_rate_mcps,training/empty.measurement_6.csv.6jlbnop7.ingestion-544b9ff949-kks7w.json,500,e14ecc24a267619fb60af4724a4c4d8baee61b751cb7b0632f2012a00f42ea51
empty,Empty,60,ambient_rate_mcps,training/empty.measurement_60.csv.6jlbnops.ingestion-544b9ff949-ft4f6.json,500,27a42495f6d75438b010f227bdd1ab92cca5625892687359b873422781e5b4a7
empty,Empty,60,distance_mm,training/empty.measurement_60.csv.6jlbnops.ingestion-544b9ff949-ft4f6.json,500,27a42495f6d75438b010f227bdd1ab92cca5625892687359b873422781e5b4a7
empty,Empty,60,sigma_like,training/empty.measurement_60.csv.6jlbnops.ingestion-544b9ff949-ft4f6.json,500,27a42495f6d75438b010f227bdd1ab92cca5625892687359b873422781e5b4a7
empty,Empty,60,signal_rate_mcps,training/empty.measurement_60.csv.6jlbnops.ingestion-544b9ff949-ft4f6.json,500,27a42495f6d75438b010f227bdd1ab92cca5625892687359b873422781e5b4a7
empty,Empty,61,ambient_rate_mcps,training/empty.measurement_61.csv.6jlbnoqd.ingestion-544b9ff949-rn5s8.json,500,b6c87fee4d03cd9e2eda530a74204a241b5484983b4f13b4e269b549af900bf2
empty,Empty,61,distance_mm,training/empty.measurement_61.csv.6jlbnoqd.ingestion-544b9ff949-rn5s8.json,500,b6c87fee4d03cd9e2eda530a74204a241b5484983b4f13b4e269b549af900bf2
empty,Empty,61,sigma_like,training/empty.measurement_61.csv.6jlbnoqd.ingestion-544b9ff949-rn5s8.json,500,b6c87fee4d03cd9e2eda530a74204a241b5484983b4f13b4e269b549af900bf2
empty,Empty,61,signal_rate_mcps,training/empty.measurement_61.csv.6jlbnoqd.ingestion-544b9ff949-rn5s8.json,500,b6c87fee4d03cd9e2eda530a74204a241b5484983b4f13b4e269b549af900bf2
empty,Empty,62,ambient_rate_mcps,training/empty.measurement_62.csv.6jlbnoqm.ingestion-544b9ff949-kks7w.json,500,87f8fe5c2c473d229b09173c99013a5e20df9d273f61cd9fd7bb9d4b862a11cd
empty,Empty,62,distance_mm,training/empty.measurement_62.csv.6jlbnoqm.ingestion-544b9ff949-kks7w.json,500,87f8fe5c2c473d229b09173c99013a5e20df9d273f61cd9fd7bb9d4b862a11cd
empty,Empty,62,sigma_like,training/empty.measurement_62.csv.6jlbnoqm.ingestion-544b9ff949-kks7w.json,500,87f8fe5c2c473d229b09173c99013a5e20df9d273f61cd9fd7bb9d4b862a11cd
empty,Empty,62,signal_rate_mcps,training/empty.measurement_62.csv.6jlbnoqm.ingestion-544b9ff949-kks7w.json,500,87f8fe5c2c473d229b09173c99013a5e20df9d273f61cd9fd7bb9d4b862a11cd
empty,Empty,64,ambient_rate_mcps,training/empty.measurement_64.csv.6jlbnoqm.ingestion-544b9ff949-ft4f6.json,500,a466c8ea9a980dfacdd47e53f60d46b518461b4417c7d4645945d1ddd20897a1
empty,Empty,64,distance_mm,training/empty.measurement_64.csv.6jlbnoqm.ingestion-544b9ff949-ft4f6.json,500,a466c8ea9a980dfacdd47e53f60d46b518461b4417c7d4645945d1ddd20897a1
empty,Empty,64,sigma_like,training/empty.measurement_64.csv.6jlbnoqm.ingestion-544b9ff949-ft4f6.json,500,a466c8ea9a980dfacdd47e53f60d46b518461b4417c7d4645945d1ddd20897a1
empty,Empty,64,signal_rate_mcps,training/empty.measurement_64.csv.6jlbnoqm.ingestion-544b9ff949-ft4f6.json,500,a466c8ea9a980dfacdd47e53f60d46b518461b4417c7d4645945d1ddd20897a1
empty,Empty,65,ambient_rate_mcps,training/empty.measurement_65.csv.6jlbnor1.ingestion-544b9ff949-kks7w.json,500,fc99f98fa71034d72c8fb3802276d2b39ca1bd2303b5b68c2d4f16bb153b0fc7
empty,Empty,65,distance_mm,training/empty.measurement_65.csv.6jlbnor1.ingestion-544b9ff949-kks7w.json,500,fc99f98fa71034d72c8fb3802276d2b39ca1bd2303b5b68c2d4f16bb153b0fc7
empty,Empty,65,sigma_like,training/empty.measurement_65.csv.6jlbnor1.ingestion-544b9ff949-kks7w.json,500,fc99f98fa71034d72c8fb3802276d2b39ca1bd2303b5b68c2d4f16bb153b0fc7
empty,Empty,65,signal_rate_mcps,training/empty.measurement_65.csv.6jlbnor1.ingestion-544b9ff949-kks7w.json,500,fc99f98fa71034d72c8fb3802276d2b39ca1bd2303b5b68c2d4f16bb153b0fc7
empty,Empty,66,ambient_rate_mcps,training/empty.measurement_66.csv.6jlbnoqt.ingestion-544b9ff949-ft4f6.json,500,b1fa2ddd78207ce6ce5f89187e83649933d9421aedfa2e5c7ff4549eb13814ce
empty,Empty,66,distance_mm,training/empty.measurement_66.csv.6jlbnoqt.ingestion-544b9ff949-ft4f6.json,500,b1fa2ddd78207ce6ce5f89187e83649933d9421aedfa2e5c7ff4549eb13814ce
empty,Empty,66,sigma_like,training/empty.measurement_66.csv.6jlbnoqt.ingestion-544b9ff949-ft4f6.json,500,b1fa2ddd78207ce6ce5f89187e83649933d9421aedfa2e5c7ff4549eb13814ce
empty,Empty,66,signal_rate_mcps,training/empty.measurement_66.csv.6jlbnoqt.ingestion-544b9ff949-ft4f6.json,500,b1fa2ddd78207ce6ce5f89187e83649933d9421aedfa2e5c7ff4549eb13814ce
empty,Empty,67,ambient_rate_mcps,training/empty.measurement_67.csv.6jlbnor7.ingestion-544b9ff949-rn5s8.json,500,1ab878b96ec1db019e41f553b1fe40bafff1b0c9c533c6d440dc30d67c020774
empty,Empty,67,distance_mm,training/empty.measurement_67.csv.6jlbnor7.ingestion-544b9ff949-rn5s8.json,500,1ab878b96ec1db019e41f553b1fe40bafff1b0c9c533c6d440dc30d67c020774
empty,Empty,67,sigma_like,training/empty.measurement_67.csv.6jlbnor7.ingestion-544b9ff949-rn5s8.json,500,1ab878b96ec1db019e41f553b1fe40bafff1b0c9c533c6d440dc30d67c020774
empty,Empty,67,signal_rate_mcps,training/empty.measurement_67.csv.6jlbnor7.ingestion-544b9ff949-rn5s8.json,500,1ab878b96ec1db019e41f553b1fe40bafff1b0c9c533c6d440dc30d67c020774
empty,Empty,68,ambient_rate_mcps,training/empty.measurement_68.csv.6jlbnor2.ingestion-544b9ff949-kks7w.json,500,1d14838c7aba89841ddcd8319b8f72dbbf4b02f32159a2d8f3afa055dcfc5fe7
empty,Empty,68,distance_mm,training/empty.measurement_68.csv.6jlbnor2.ingestion-544b9ff949-kks7w.json,500,1d14838c7aba89841ddcd8319b8f72dbbf4b02f32159a2d8f3afa055dcfc5fe7
empty,Empty,68,sigma_like,training/empty.measurement_68.csv.6jlbnor2.ingestion-544b9ff949-kks7w.json,500,1d14838c7aba89841ddcd8319b8f72dbbf4b02f32159a2d8f3afa055dcfc5fe7
empty,Empty,68,signal_rate_mcps,training/empty.measurement_68.csv.6jlbnor2.ingestion-544b9ff949-kks7w.json,500,1d14838c7aba89841ddcd8319b8f72dbbf4b02f32159a2d8f3afa055dcfc5fe7
empty,Empty,69,ambient_rate_mcps,training/empty.measurement_69.csv.6jlbnor2.ingestion-544b9ff949-ft4f6.json,500,1935d112fdcab04be1b000647eba33ae231f675d28ffbd5917dac2e6c6dab46c
empty,Empty,69,distance_mm,training/empty.measurement_69.csv.6jlbnor2.ingestion-544b9ff949-ft4f6.json,500,1935d112fdcab04be1b000647eba33ae231f675d28ffbd5917dac2e6c6dab46c
empty,Empty,69,sigma_like,training/empty.measurement_69.csv.6jlbnor2.ingestion-544b9ff949-ft4f6.json,500,1935d112fdcab04be1b000647eba33ae231f675d28ffbd5917dac2e6c6dab46c
empty,Empty,69,signal_rate_mcps,training/empty.measurement_69.csv.6jlbnor2.ingestion-544b9ff949-ft4f6.json,500,1935d112fdcab04be1b000647eba33ae231f675d28ffbd5917dac2e6c6dab46c
empty,Empty,70,ambient_rate_mcps,training/empty.measurement_70.csv.6jlbnosk.ingestion-544b9ff949-kks7w.json,500,8ac63d7f561e2d22b02b9e9750a9a6b45d68d15733f5411cc5e8808b578e9dbb
empty,Empty,70,distance_mm,training/empty.measurement_70.csv.6jlbnosk.ingestion-544b9ff949-kks7w.json,500,8ac63d7f561e2d22b02b9e9750a9a6b45d68d15733f5411cc5e8808b578e9dbb
empty,Empty,70,sigma_like,training/empty.measurement_70.csv.6jlbnosk.ingestion-544b9ff949-kks7w.json,500,8ac63d7f561e2d22b02b9e9750a9a6b45d68d15733f5411cc5e8808b578e9dbb
empty,Empty,70,signal_rate_mcps,training/empty.measurement_70.csv.6jlbnosk.ingestion-544b9ff949-kks7w.json,500,8ac63d7f561e2d22b02b9e9750a9a6b45d68d15733f5411cc5e8808b578e9dbb
empty,Empty,72,ambient_rate_mcps,training/empty.measurement_72.csv.6jlbnost.ingestion-544b9ff949-rn5s8.json,500,21513378d691ab344884be8d3465788a88172e559fd3cc5cc1a1e55b72059969
empty,Empty,72,distance_mm,training/empty.measurement_72.csv.6jlbnost.ingestion-544b9ff949-rn5s8.json,500,21513378d691ab344884be8d3465788a88172e559fd3cc5cc1a1e55b72059969
empty,Empty,72,sigma_like,training/empty.measurement_72.csv.6jlbnost.ingestion-544b9ff949-rn5s8.json,500,21513378d691ab344884be8d3465788a88172e559fd3cc5cc1a1e55b72059969
empty,Empty,72,signal_rate_mcps,training/empty.measurement_72.csv.6jlbnost.ingestion-544b9ff949-rn5s8.json,500,21513378d691ab344884be8d3465788a88172e559fd3cc5cc1a1e55b72059969
empty,Empty,73,ambient_rate_mcps,training/empty.measurement_73.csv.6jlbnot2.ingestion-544b9ff949-kks7w.json,500,7af10bf5e1da177f959641afb7ec9a845330d72fa0d590c6a54d54f890cfaefb
empty,Empty,73,distance_mm,training/empty.measurement_73.csv.6jlbnot2.ingestion-544b9ff949-kks7w.json,500,7af10bf5e1da177f959641afb7ec9a845330d72fa0d590c6a54d54f890cfaefb
empty,Empty,73,sigma_like,training/empty.measurement_73.csv.6jlbnot2.ingestion-544b9ff949-kks7w.json,500,7af10bf5e1da177f959641afb7ec9a845330d72fa0d590c6a54d54f890cfaefb
empty,Empty,73,signal_rate_mcps,training/empty.measurement_73.csv.6jlbnot2.ingestion-544b9ff949-kks7w.json,500,7af10bf5e1da177f959641afb7ec9a845330d72fa0d590c6a54d54f890cfaefb
empty,Empty,74,ambient_rate_mcps,training/empty.measurement_74.csv.6jlbnou9.ingestion-544b9ff949-ft4f6.json,500,8f924cd81000660ba1babd177f0fdc46ed5d4fec420ae99b78ae90434114817b
empty,Empty,74,distance_mm,training/empty.measurement_74.csv.6jlbnou9.ingestion-544b9ff949-ft4f6.json,500,8f924cd81000660ba1babd177f0fdc46ed5d4fec420ae99b78ae90434114817b
empty,Empty,74,sigma_like,training/empty.measurement_74.csv.6jlbnou9.ingestion-544b9ff949-ft4f6.json,500,8f924cd81000660ba1babd177f0fdc46ed5d4fec420ae99b78ae90434114817b
empty,Empty,74,signal_rate_mcps,training/empty.measurement_74.csv.6jlbnou9.ingestion-544b9ff949-ft4f6.json,500,8f924cd81000660ba1babd177f0fdc46ed5d4fec420ae99b78ae90434114817b
empty,Empty,75,ambient_rate_mcps,training/empty.measurement_75.csv.6jlbnoum.ingestion-544b9ff949-rn5s8.json,500,f21df5c1939623cf00344f3e1789408e881b9de04e7b68cd619768edfb7bf102
empty,Empty,75,distance_mm,training/empty.measurement_75.csv.6jlbnoum.ingestion-544b9ff949-rn5s8.json,500,f21df5c1939623cf00344f3e1789408e881b9de04e7b68cd619768edfb7bf102
empty,Empty,75,sigma_like,training/empty.measurement_75.csv.6jlbnoum.ingestion-544b9ff949-rn5s8.json,500,f21df5c1939623cf00344f3e1789408e881b9de04e7b68cd619768edfb7bf102
empty,Empty,75,signal_rate_mcps,training/empty.measurement_75.csv.6jlbnoum.ingestion-544b9ff949-rn5s8.json,500,f21df5c1939623cf00344f3e1789408e881b9de04e7b68cd619768edfb7bf102
empty,Empty,76,ambient_rate_mcps,training/empty.measurement_76.csv.6jlbnp1o.ingestion-544b9ff949-kks7w.json,500,08844335e2d45f3bcd5fc5419561d86f4b07c96f7efa0264698f15c831409a80
empty,Empty,76,distance_mm,training/empty.measurement_76.csv.6jlbnp1o.ingestion-544b9ff949-kks7w.json,500,08844335e2d45f3bcd5fc5419561d86f4b07c96f7efa0264698f15c831409a80
empty,Empty,76,sigma_like,training/empty.measurement_76.csv.6jlbnp1o.ingestion-544b9ff949-kks7w.json,500,08844335e2d45f3bcd5fc5419561d86f4b07c96f7efa0264698f15c831409a80
empty,Empty,76,signal_rate_mcps,training/empty.measurement_76.csv.6jlbnp1o.ingestion-544b9ff949-kks7w.json,500,08844335e2d45f3bcd5fc5419561d86f4b07c96f7efa0264698f15c831409a80
empty,Empty,77,ambient_rate_mcps,training/empty.measurement_77.csv.6jlbnp3p.ingestion-544b9ff949-ft4f6.json,500,df333e168890aa610eb11eb6e06fa9c21f871986f946cd1cc19ebbc872f88e85
empty,Empty,77,distance_mm,training/empty.measurement_77.csv.6jlbnp3p.ingestion-544b9ff949-ft4f6.json,500,df333e168890aa610eb11eb6e06fa9c21f871986f946cd1cc19ebbc872f88e85
empty,Empty,77,sigma_like,training/empty.measurement_77.csv.6jlbnp3p.ingestion-544b9ff949-ft4f6.json,500,df333e168890aa610eb11eb6e06fa9c21f871986f946cd1cc19ebbc872f88e85
empty,Empty,77,signal_rate_mcps,training/empty.measurement_77.csv.6jlbnp3p.ingestion-544b9ff949-ft4f6.json,500,df333e168890aa610eb11eb6e06fa9c21f871986f946cd1cc19ebbc872f88e85
empty,Empty,78,ambient_rate_mcps,training/empty.measurement_78.csv.6jlbnp3u.ingestion-544b9ff949-rn5s8.json,500,610477ab745a798ba6787a8a6fcdd36d42169e393ab97a6af6621fa6538f180a
empty,Empty,78,distance_mm,training/empty.measurement_78.csv.6jlbnp3u.ingestion-544b9ff949-rn5s8.json,500,610477ab745a798ba6787a8a6fcdd36d42169e393ab97a6af6621fa6538f180a
empty,Empty,78,sigma_like,training/empty.measurement_78.csv.6jlbnp3u.ingestion-544b9ff949-rn5s8.json,500,610477ab745a798ba6787a8a6fcdd36d42169e393ab97a6af6621fa6538f180a
empty,Empty,78,signal_rate_mcps,training/empty.measurement_78.csv.6jlbnp3u.ingestion-544b9ff949-rn5s8.json,500,610477ab745a798ba6787a8a6fcdd36d42169e393ab97a6af6621fa6538f180a
empty,Empty,8,ambient_rate_mcps,training/empty.measurement_8.csv.6jlbnp4d.ingestion-544b9ff949-ft4f6.json,500,6c22ee1faa5ee47182f56f409a2b7cbf635c11b3b0f2c6db599479fcbe2cb793
empty,Empty,8,distance_mm,training/empty.measurement_8.csv.6jlbnp4d.ingestion-544b9ff949-ft4f6.json,500,6c22ee1faa5ee47182f56f409a2b7cbf635c11b3b0f2c6db599479fcbe2cb793
empty,Empty,8,sigma_like,training/empty.measurement_8.csv.6jlbnp4d.ingestion-544b9ff949-ft4f6.json,500,6c22ee1faa5ee47182f56f409a2b7cbf635c11b3b0f2c6db599479fcbe2cb793
empty,Empty,8,signal_rate_mcps,training/empty.measurement_8.csv.6jlbnp4d.ingestion-544b9ff949-ft4f6.json,500,6c22ee1faa5ee47182f56f409a2b7cbf635c11b3b0f2c6db599479fcbe2cb793
empty,Empty,80,ambient_rate_mcps,training/empty.measurement_80.csv.6jlbnp4q.ingestion-544b9ff949-rn5s8.json,500,73365116bcdb60c9e684eecf57f571b7a1ab32ef1493552f33ce0671b8c9a4e0
empty,Empty,80,distance_mm,training/empty.measurement_80.csv.6jlbnp4q.ingestion-544b9ff949-rn5s8.json,500,73365116bcdb60c9e684eecf57f571b7a1ab32ef1493552f33ce0671b8c9a4e0
empty,Empty,80,sigma_like,training/empty.measurement_80.csv.6jlbnp4q.ingestion-544b9ff949-rn5s8.json,500,73365116bcdb60c9e684eecf57f571b7a1ab32ef1493552f33ce0671b8c9a4e0
empty,Empty,80,signal_rate_mcps,training/empty.measurement_80.csv.6jlbnp4q.ingestion-544b9ff949-rn5s8.json,500,73365116bcdb60c9e684eecf57f571b7a1ab32ef1493552f33ce0671b8c9a4e0
empty,Empty,81,ambient_rate_mcps,training/empty.measurement_81.csv.6jlbnp50.ingestion-544b9ff949-kks7w.json,500,48eed248de8fd7b52518a1626c31e8f50b9ce1540ec90ee32f2aec3d12c50ce6
empty,Empty,81,distance_mm,training/empty.measurement_81.csv.6jlbnp50.ingestion-544b9ff949-kks7w.json,500,48eed248de8fd7b52518a1626c31e8f50b9ce1540ec90ee32f2aec3d12c50ce6
empty,Empty,81,sigma_like,training/empty.measurement_81.csv.6jlbnp50.ingestion-544b9ff949-kks7w.json,500,48eed248de8fd7b52518a1626c31e8f50b9ce1540ec90ee32f2aec3d12c50ce6
empty,Empty,81,signal_rate_mcps,training/empty.measurement_81.csv.6jlbnp50.ingestion-544b9ff949-kks7w.json,500,48eed248de8fd7b52518a1626c31e8f50b9ce1540ec90ee32f2aec3d12c50ce6
empty,Empty,82,ambient_rate_mcps,training/empty.measurement_82.csv.6jlbnp52.ingestion-544b9ff949-ft4f6.json,500,f25516d856c01181c19f66e91cf0ebee5c9f4113c7799dc09cd3b6e479c05e3c
empty,Empty,82,distance_mm,training/empty.measurement_82.csv.6jlbnp52.ingestion-544b9ff949-ft4f6.json,500,f25516d856c01181c19f66e91cf0ebee5c9f4113c7799dc09cd3b6e479c05e3c
empty,Empty,82,sigma_like,training/empty.measurement_82.csv.6jlbnp52.ingestion-544b9ff949-ft4f6.json,500,f25516d856c01181c19f66e91cf0ebee5c9f4113c7799dc09cd3b6e479c05e3c
empty,Empty,82,signal_rate_mcps,training/empty.measurement_82.csv.6jlbnp52.ingestion-544b9ff949-ft4f6.json,500,f25516d856c01181c19f66e91cf0ebee5c9f4113c7799dc09cd3b6e479c05e3c
empty,Empty,84,ambient_rate_mcps,training/empty.measurement_84.csv.6jlbnp56.ingestion-544b9ff949-kks7w.json,500,83193d14abc04b45b7daba43020f4749e81387e459e4538c84f31f09dd3a0ac9
empty,Empty,84,distance_mm,training/empty.measurement_84.csv.6jlbnp56.ingestion-544b9ff949-kks7w.json,500,83193d14abc04b45b7daba43020f4749e81387e459e4538c84f31f09dd3a0ac9
empty,Empty,84,sigma_like,training/empty.measurement_84.csv.6jlbnp56.ingestion-544b9ff949-kks7w.json,500,83193d14abc04b45b7daba43020f4749e81387e459e4538c84f31f09dd3a0ac9
empty,Empty,84,signal_rate_mcps,training/empty.measurement_84.csv.6jlbnp56.ingestion-544b9ff949-kks7w.json,500,83193d14abc04b45b7daba43020f4749e81387e459e4538c84f31f09dd3a0ac9
empty,Empty,85,ambient_rate_mcps,training/empty.measurement_85.csv.6jlbnp5k.ingestion-544b9ff949-ft4f6.json,500,cb9022e10b567c14e721a708807aba13fc8d1691d670bee689530d5a86832863
empty,Empty,85,distance_mm,training/empty.measurement_85.csv.6jlbnp5k.ingestion-544b9ff949-ft4f6.json,500,cb9022e10b567c14e721a708807aba13fc8d1691d670bee689530d5a86832863
empty,Empty,85,sigma_like,training/empty.measurement_85.csv.6jlbnp5k.ingestion-544b9ff949-ft4f6.json,500,cb9022e10b567c14e721a708807aba13fc8d1691d670bee689530d5a86832863
empty,Empty,85,signal_rate_mcps,training/empty.measurement_85.csv.6jlbnp5k.ingestion-544b9ff949-ft4f6.json,500,cb9022e10b567c14e721a708807aba13fc8d1691d670bee689530d5a86832863
empty,Empty,86,ambient_rate_mcps,training/empty.measurement_86.csv.6jlbnp5m.ingestion-544b9ff949-rn5s8.json,500,99c4fd5bd01a1354db4dcf7570b956e99a66dca36f52e0828d0dc9b77fedf9ff
empty,Empty,86,distance_mm,training/empty.measurement_86.csv.6jlbnp5m.ingestion-544b9ff949-rn5s8.json,500,99c4fd5bd01a1354db4dcf7570b956e99a66dca36f52e0828d0dc9b77fedf9ff
empty,Empty,86,sigma_like,training/empty.measurement_86.csv.6jlbnp5m.ingestion-544b9ff949-rn5s8.json,500,99c4fd5bd01a1354db4dcf7570b956e99a66dca36f52e0828d0dc9b77fedf9ff
empty,Empty,86,signal_rate_mcps,training/empty.measurement_86.csv.6jlbnp5m.ingestion-544b9ff949-rn5s8.json,500,99c4fd5bd01a1354db4dcf7570b956e99a66dca36f52e0828d0dc9b77fedf9ff
empty,Empty,88,ambient_rate_mcps,training/empty.measurement_88.csv.6jlbnp74.ingestion-544b9ff949-ft4f6.json,500,4e59164e7cb100b68dd001dd3801926e0981b457a521f5956f9851ada5cbc218
empty,Empty,88,distance_mm,training/empty.measurement_88.csv.6jlbnp74.ingestion-544b9ff949-ft4f6.json,500,4e59164e7cb100b68dd001dd3801926e0981b457a521f5956f9851ada5cbc218
empty,Empty,88,sigma_like,training/empty.measurement_88.csv.6jlbnp74.ingestion-544b9ff949-ft4f6.json,500,4e59164e7cb100b68dd001dd3801926e0981b457a521f5956f9851ada5cbc218
empty,Empty,88,signal_rate_mcps,training/empty.measurement_88.csv.6jlbnp74.ingestion-544b9ff949-ft4f6.json,500,4e59164e7cb100b68dd001dd3801926e0981b457a521f5956f9851ada5cbc218
empty,Empty,89,ambient_rate_mcps,training/empty.measurement_89.csv.6jlbnp7b.ingestion-544b9ff949-rn5s8.json,500,55106dc21f9fc4a203c286e49847cd96a2dd506c229bb77f12551183a4355189
empty,Empty,89,distance_mm,training/empty.measurement_89.csv.6jlbnp7b.ingestion-544b9ff949-rn5s8.json,500,55106dc21f9fc4a203c286e49847cd96a2dd506c229bb77f12551183a4355189
empty,Empty,89,sigma_like,training/empty.measurement_89.csv.6jlbnp7b.ingestion-544b9ff949-rn5s8.json,500,55106dc21f9fc4a203c286e49847cd96a2dd506c229bb77f12551183a4355189
empty,Empty,89,signal_rate_mcps,training/empty.measurement_89.csv.6jlbnp7b.ingestion-544b9ff949-rn5s8.json,500,55106dc21f9fc4a203c286e49847cd96a2dd506c229bb77f12551183a4355189
empty,Empty,9,ambient_rate_mcps,training/empty.measurement_9.csv.6jlbnp75.ingestion-544b9ff949-kks7w.json,500,521961308b8a6e90826d04e6a3eb6b41c61c1a3ee792322e8e81cd13e5dae87d
empty,Empty,9,distance_mm,training/empty.measurement_9.csv.6jlbnp75.ingestion-544b9ff949-kks7w.json,500,521961308b8a6e90826d04e6a3eb6b41c61c1a3ee792322e8e81cd13e5dae87d
empty,Empty,9,sigma_like,training/empty.measurement_9.csv.6jlbnp75.ingestion-544b9ff949-kks7w.json,500,521961308b8a6e90826d04e6a3eb6b41c61c1a3ee792322e8e81cd13e5dae87d
empty,Empty,9,signal_rate_mcps,training/empty.measurement_9.csv.6jlbnp75.ingestion-544b9ff949-kks7w.json,500,521961308b8a6e90826d04e6a3eb6b41c61c1a3ee792322e8e81cd13e5dae87d
empty,Empty,90,ambient_rate_mcps,training/empty.measurement_90.csv.6jlbnp82.ingestion-544b9ff949-ft4f6.json,500,8de12e343124ef03f3de4b38f03c3cbaf2cd881f22c5e647cf5b1622c4aa6850
empty,Empty,90,distance_mm,training/empty.measurement_90.csv.6jlbnp82.ingestion-544b9ff949-ft4f6.json,500,8de12e343124ef03f3de4b38f03c3cbaf2cd881f22c5e647cf5b1622c4aa6850
empty,Empty,90,sigma_like,training/empty.measurement_90.csv.6jlbnp82.ingestion-544b9ff949-ft4f6.json,500,8de12e343124ef03f3de4b38f03c3cbaf2cd881f22c5e647cf5b1622c4aa6850
empty,Empty,90,signal_rate_mcps,training/empty.measurement_90.csv.6jlbnp82.ingestion-544b9ff949-ft4f6.json,500,8de12e343124ef03f3de4b38f03c3cbaf2cd881f22c5e647cf5b1622c4aa6850
empty,Empty,91,ambient_rate_mcps,training/empty.measurement_91.csv.6jlbnp8b.ingestion-544b9ff949-rn5s8.json,500,63f9d174e7bbb27e0dc354e88fc0934c8d62c40913eff855b1a912862123a5eb
empty,Empty,91,distance_mm,training/empty.measurement_91.csv.6jlbnp8b.ingestion-544b9ff949-rn5s8.json,500,63f9d174e7bbb27e0dc354e88fc0934c8d62c40913eff855b1a912862123a5eb
empty,Empty,91,sigma_like,training/empty.measurement_91.csv.6jlbnp8b.ingestion-544b9ff949-rn5s8.json,500,63f9d174e7bbb27e0dc354e88fc0934c8d62c40913eff855b1a912862123a5eb
empty,Empty,91,signal_rate_mcps,training/empty.measurement_91.csv.6jlbnp8b.ingestion-544b9ff949-rn5s8.json,500,63f9d174e7bbb27e0dc354e88fc0934c8d62c40913eff855b1a912862123a5eb
empty,Empty,93,ambient_rate_mcps,training/empty.measurement_93.csv.6jlbnp8n.ingestion-544b9ff949-ft4f6.json,500,6bd7c3f3c32741e92b0614cb78f274fe90f94bfcb1aecba65aba0247d372b9bd
empty,Empty,93,distance_mm,training/empty.measurement_93.csv.6jlbnp8n.ingestion-544b9ff949-ft4f6.json,500,6bd7c3f3c32741e92b0614cb78f274fe90f94bfcb1aecba65aba0247d372b9bd
empty,Empty,93,sigma_like,training/empty.measurement_93.csv.6jlbnp8n.ingestion-544b9ff949-ft4f6.json,500,6bd7c3f3c32741e92b0614cb78f274fe90f94bfcb1aecba65aba0247d372b9bd
empty,Empty,93,signal_rate_mcps,training/empty.measurement_93.csv.6jlbnp8n.ingestion-544b9ff949-ft4f6.json,500,6bd7c3f3c32741e92b0614cb78f274fe90f94bfcb1aecba65aba0247d372b9bd
empty,Empty,94,ambient_rate_mcps,training/empty.measurement_94.csv.6jlbnpbj.ingestion-544b9ff949-rn5s8.json,500,f396910e4e21e85a941f9215e533bedda3476396b7df93e7355d948eae0a13a4
empty,Empty,94,distance_mm,training/empty.measurement_94.csv.6jlbnpbj.ingestion-544b9ff949-rn5s8.json,500,f396910e4e21e85a941f9215e533bedda3476396b7df93e7355d948eae0a13a4
empty,Empty,94,sigma_like,training/empty.measurement_94.csv.6jlbnpbj.ingestion-544b9ff949-rn5s8.json,500,f396910e4e21e85a941f9215e533bedda3476396b7df93e7355d948eae0a13a4
empty,Empty,94,signal_rate_mcps,training/empty.measurement_94.csv.6jlbnpbj.ingestion-544b9ff949-rn5s8.json,500,f396910e4e21e85a941f9215e533bedda3476396b7df93e7355d948eae0a13a4
empty,Empty,95,ambient_rate_mcps,training/empty.measurement_95.csv.6jlbnpdo.ingestion-544b9ff949-kks7w.json,500,348c785accd410813cb30678a7ea0f45d65b10e795f2d325887f1bfe6eca4776
empty,Empty,95,distance_mm,training/empty.measurement_95.csv.6jlbnpdo.ingestion-544b9ff949-kks7w.json,500,348c785accd410813cb30678a7ea0f45d65b10e795f2d325887f1bfe6eca4776
empty,Empty,95,sigma_like,training/empty.measurement_95.csv.6jlbnpdo.ingestion-544b9ff949-kks7w.json,500,348c785accd410813cb30678a7ea0f45d65b10e795f2d325887f1bfe6eca4776
empty,Empty,95,signal_rate_mcps,training/empty.measurement_95.csv.6jlbnpdo.ingestion-544b9ff949-kks7w.json,500,348c785accd410813cb30678a7ea0f45d65b10e795f2d325887f1bfe6eca4776
empty,Empty,97,ambient_rate_mcps,training/empty.measurement_97.csv.6jlbnpej.ingestion-544b9ff949-rn5s8.json,500,575c459c832290085b6ba14df989c3f9830acc2878bbe4924c8da7991d613022
empty,Empty,97,distance_mm,training/empty.measurement_97.csv.6jlbnpej.ingestion-544b9ff949-rn5s8.json,500,575c459c832290085b6ba14df989c3f9830acc2878bbe4924c8da7991d613022
empty,Empty,97,sigma_like,training/empty.measurement_97.csv.6jlbnpej.ingestion-544b9ff949-rn5s8.json,500,575c459c832290085b6ba14df989c3f9830acc2878bbe4924c8da7991d613022
empty,Empty,97,signal_rate_mcps,training/empty.measurement_97.csv.6jlbnpej.ingestion-544b9ff949-rn5s8.json,500,575c459c832290085b6ba14df989c3f9830acc2878bbe4924c8da7991d613022
empty,Empty,98,ambient_rate_mcps,training/empty.measurement_98.csv.6jlbnpf0.ingestion-544b9ff949-kks7w.json,500,b2d09ae2fee8bba51257020adbd791c4c2e1e527ca7309ed614d501486e2fbc8
empty,Empty,98,distance_mm,training/empty.measurement_98.csv.6jlbnpf0.ingestion-544b9ff949-kks7w.json,500,b2d09ae2fee8bba51257020adbd791c4c2e1e527ca7309ed614d501486e2fbc8
empty,Empty,98,sigma_like,training/empty.measurement_98.csv.6jlbnpf0.ingestion-544b9ff949-kks7w.json,500,b2d09ae2fee8bba51257020adbd791c4c2e1e527ca7309ed614d501486e2fbc8
empty,Empty,98,signal_rate_mcps,training/empty.measurement_98.csv.6jlbnpf0.ingestion-544b9ff949-kks7w.json,500,b2d09ae2fee8bba51257020adbd791c4c2e1e527ca7309ed614d501486e2fbc8
empty,Empty,99,ambient_rate_mcps,training/empty.measurement_99.csv.6jlbnpf0.ingestion-544b9ff949-ft4f6.json,500,7ea6a0a034e8d08e75bc2a002aee280ca0b7a802ebb74d3ed8873b4e18512c92
empty,Empty,99,distance_mm,training/empty.measurement_99.csv.6jlbnpf0.ingestion-544b9ff949-ft4f6.json,500,7ea6a0a034e8d08e75bc2a002aee280ca0b7a802ebb74d3ed8873b4e18512c92
empty,Empty,99,sigma_like,training/empty.measurement_99.csv.6jlbnpf0.ingestion-544b9ff949-ft4f6.json,500,7ea6a0a034e8d08e75bc2a002aee280ca0b7a802ebb74d3ed8873b4e18512c92
empty,Empty,99,signal_rate_mcps,training/empty.measurement_99.csv.6jlbnpf0.ingestion-544b9ff949-ft4f6.json,500,7ea6a0a034e8d08e75bc2a002aee280ca0b7a802ebb74d3ed8873b4e18512c92
misty,Misty,1,ambient_rate_mcps,training/misty.measurement_1.csv.6jlbp1gc.ingestion-544b9ff949-ft4f6.json,500,5534e5417b5809e49cd8adffded4c6d2ac3bc2cec7eec482df9a9ff5c84a7597
misty,Misty,1,distance_mm,training/misty.measurement_1.csv.6jlbp1gc.ingestion-544b9ff949-ft4f6.json,500,5534e5417b5809e49cd8adffded4c6d2ac3bc2cec7eec482df9a9ff5c84a7597
misty,Misty,1,sigma_like,training/misty.measurement_1.csv.6jlbp1gc.ingestion-544b9ff949-ft4f6.json,500,5534e5417b5809e49cd8adffded4c6d2ac3bc2cec7eec482df9a9ff5c84a7597
misty,Misty,1,signal_rate_mcps,training/misty.measurement_1.csv.6jlbp1gc.ingestion-544b9ff949-ft4f6.json,500,5534e5417b5809e49cd8adffded4c6d2ac3bc2cec7eec482df9a9ff5c84a7597
misty,Misty,10,ambient_rate_mcps,training/misty.measurement_10.csv.6jlbp1fo.ingestion-544b9ff949-kks7w.json,500,6e326f662d9cb53791cbd14d07d4f01e0c6a3258c3741bfe767f1d1eab8c39e8
misty,Misty,10,distance_mm,training/misty.measurement_10.csv.6jlbp1fo.ingestion-544b9ff949-kks7w.json,500,6e326f662d9cb53791cbd14d07d4f01e0c6a3258c3741bfe767f1d1eab8c39e8
misty,Misty,10,sigma_like,training/misty.measurement_10.csv.6jlbp1fo.ingestion-544b9ff949-kks7w.json,500,6e326f662d9cb53791cbd14d07d4f01e0c6a3258c3741bfe767f1d1eab8c39e8
misty,Misty,10,signal_rate_mcps,training/misty.measurement_10.csv.6jlbp1fo.ingestion-544b9ff949-kks7w.json,500,6e326f662d9cb53791cbd14d07d4f01e0c6a3258c3741bfe767f1d1eab8c39e8
misty,Misty,100,ambient_rate_mcps,training/misty.measurement_100.csv.6jlbp1fo.ingestion-544b9ff949-kks7w.json,500,190b987de58f415509d4414b79d12dbf4aa7a4777e83211333bd80a7af5eb12d
misty,Misty,100,distance_mm,training/misty.measurement_100.csv.6jlbp1fo.ingestion-544b9ff949-kks7w.json,500,190b987de58f415509d4414b79d12dbf4aa7a4777e83211333bd80a7af5eb12d
misty,Misty,100,sigma_like,training/misty.measurement_100.csv.6jlbp1fo.ingestion-544b9ff949-kks7w.json,500,190b987de58f415509d4414b79d12dbf4aa7a4777e83211333bd80a7af5eb12d
misty,Misty,100,signal_rate_mcps,training/misty.measurement_100.csv.6jlbp1fo.ingestion-544b9ff949-kks7w.json,500,190b987de58f415509d4414b79d12dbf4aa7a4777e83211333bd80a7af5eb12d
misty,Misty,101,ambient_rate_mcps,training/misty.measurement_101.csv.6jlbp1fp.ingestion-544b9ff949-rn5s8.json,500,e27d3925f05479d3b92ece35bc1a40472533f11a6d01cdf3624938089dc38e69
misty,Misty,101,distance_mm,training/misty.measurement_101.csv.6jlbp1fp.ingestion-544b9ff949-rn5s8.json,500,e27d3925f05479d3b92ece35bc1a40472533f11a6d01cdf3624938089dc38e69
misty,Misty,101,sigma_like,training/misty.measurement_101.csv.6jlbp1fp.ingestion-544b9ff949-rn5s8.json,500,e27d3925f05479d3b92ece35bc1a40472533f11a6d01cdf3624938089dc38e69
misty,Misty,101,signal_rate_mcps,training/misty.measurement_101.csv.6jlbp1fp.ingestion-544b9ff949-rn5s8.json,500,e27d3925f05479d3b92ece35bc1a40472533f11a6d01cdf3624938089dc38e69
misty,Misty,103,ambient_rate_mcps,training/misty.measurement_103.csv.6jlbp1g5.ingestion-544b9ff949-rn5s8.json,500,231ddc9a053e988c397d9a3da6e13f45f083fd8e196d556581ea8946e4d961eb
misty,Misty,103,distance_mm,training/misty.measurement_103.csv.6jlbp1g5.ingestion-544b9ff949-rn5s8.json,500,231ddc9a053e988c397d9a3da6e13f45f083fd8e196d556581ea8946e4d961eb
misty,Misty,103,sigma_like,training/misty.measurement_103.csv.6jlbp1g5.ingestion-544b9ff949-rn5s8.json,500,231ddc9a053e988c397d9a3da6e13f45f083fd8e196d556581ea8946e4d961eb
misty,Misty,103,signal_rate_mcps,training/misty.measurement_103.csv.6jlbp1g5.ingestion-544b9ff949-rn5s8.json,500,231ddc9a053e988c397d9a3da6e13f45f083fd8e196d556581ea8946e4d961eb
misty,Misty,105,ambient_rate_mcps,training/misty.measurement_105.csv.6jlbp1go.ingestion-544b9ff949-ft4f6.json,500,466c1e8a86dfd2203def6bca21058fa7383bc2519f3523c92b3df8930075c016
misty,Misty,105,distance_mm,training/misty.measurement_105.csv.6jlbp1go.ingestion-544b9ff949-ft4f6.json,500,466c1e8a86dfd2203def6bca21058fa7383bc2519f3523c92b3df8930075c016
misty,Misty,105,sigma_like,training/misty.measurement_105.csv.6jlbp1go.ingestion-544b9ff949-ft4f6.json,500,466c1e8a86dfd2203def6bca21058fa7383bc2519f3523c92b3df8930075c016
misty,Misty,105,signal_rate_mcps,training/misty.measurement_105.csv.6jlbp1go.ingestion-544b9ff949-ft4f6.json,500,466c1e8a86dfd2203def6bca21058fa7383bc2519f3523c92b3df8930075c016
misty,Misty,106,ambient_rate_mcps,training/misty.measurement_106.csv.6jlbp1gf.ingestion-544b9ff949-rn5s8.json,500,96f3d12b426462cae46146141f0189fcd541a1b2ce91f019d8968243e3ff4c28
misty,Misty,106,distance_mm,training/misty.measurement_106.csv.6jlbp1gf.ingestion-544b9ff949-rn5s8.json,500,96f3d12b426462cae46146141f0189fcd541a1b2ce91f019d8968243e3ff4c28
misty,Misty,106,sigma_like,training/misty.measurement_106.csv.6jlbp1gf.ingestion-544b9ff949-rn5s8.json,500,96f3d12b426462cae46146141f0189fcd541a1b2ce91f019d8968243e3ff4c28
misty,Misty,106,signal_rate_mcps,training/misty.measurement_106.csv.6jlbp1gf.ingestion-544b9ff949-rn5s8.json,500,96f3d12b426462cae46146141f0189fcd541a1b2ce91f019d8968243e3ff4c28
misty,Misty,107,ambient_rate_mcps,training/misty.measurement_107.csv.6jlbp1gs.ingestion-544b9ff949-kks7w.json,500,65b3037f345fc055012cbd2b17c09392dd407e2554b5c8279e91f548b0aab07f
misty,Misty,107,distance_mm,training/misty.measurement_107.csv.6jlbp1gs.ingestion-544b9ff949-kks7w.json,500,65b3037f345fc055012cbd2b17c09392dd407e2554b5c8279e91f548b0aab07f
misty,Misty,107,sigma_like,training/misty.measurement_107.csv.6jlbp1gs.ingestion-544b9ff949-kks7w.json,500,65b3037f345fc055012cbd2b17c09392dd407e2554b5c8279e91f548b0aab07f
misty,Misty,107,signal_rate_mcps,training/misty.measurement_107.csv.6jlbp1gs.ingestion-544b9ff949-kks7w.json,500,65b3037f345fc055012cbd2b17c09392dd407e2554b5c8279e91f548b0aab07f
misty,Misty,108,ambient_rate_mcps,training/misty.measurement_108.csv.6jlbp1h2.ingestion-544b9ff949-rn5s8.json,500,a979676018d925918e41bd59fb91e335ef502f91af3e223da1f7734ba8267dba
misty,Misty,108,distance_mm,training/misty.measurement_108.csv.6jlbp1h2.ingestion-544b9ff949-rn5s8.json,500,a979676018d925918e41bd59fb91e335ef502f91af3e223da1f7734ba8267dba
misty,Misty,108,sigma_like,training/misty.measurement_108.csv.6jlbp1h2.ingestion-544b9ff949-rn5s8.json,500,a979676018d925918e41bd59fb91e335ef502f91af3e223da1f7734ba8267dba
misty,Misty,108,signal_rate_mcps,training/misty.measurement_108.csv.6jlbp1h2.ingestion-544b9ff949-rn5s8.json,500,a979676018d925918e41bd59fb91e335ef502f91af3e223da1f7734ba8267dba
misty,Misty,11,ambient_rate_mcps,training/misty.measurement_11.csv.6jlbp1gv.ingestion-544b9ff949-kks7w.json,500,f83964b26e6e69f78631805274642fe675678db45e2e9bad9af5874edb379311
misty,Misty,11,distance_mm,training/misty.measurement_11.csv.6jlbp1gv.ingestion-544b9ff949-kks7w.json,500,f83964b26e6e69f78631805274642fe675678db45e2e9bad9af5874edb379311
misty,Misty,11,sigma_like,training/misty.measurement_11.csv.6jlbp1gv.ingestion-544b9ff949-kks7w.json,500,f83964b26e6e69f78631805274642fe675678db45e2e9bad9af5874edb379311
misty,Misty,11,signal_rate_mcps,training/misty.measurement_11.csv.6jlbp1gv.ingestion-544b9ff949-kks7w.json,500,f83964b26e6e69f78631805274642fe675678db45e2e9bad9af5874edb379311
misty,Misty,110,ambient_rate_mcps,training/misty.measurement_110.csv.6jlbp1h6.ingestion-544b9ff949-ft4f6.json,500,de48c7aaffb48bc4c2fe3be62da1b78cf98543c1a909451ac048ee225d0e18fa
misty,Misty,110,distance_mm,training/misty.measurement_110.csv.6jlbp1h6.ingestion-544b9ff949-ft4f6.json,500,de48c7aaffb48bc4c2fe3be62da1b78cf98543c1a909451ac048ee225d0e18fa
misty,Misty,110,sigma_like,training/misty.measurement_110.csv.6jlbp1h6.ingestion-544b9ff949-ft4f6.json,500,de48c7aaffb48bc4c2fe3be62da1b78cf98543c1a909451ac048ee225d0e18fa
misty,Misty,110,signal_rate_mcps,training/misty.measurement_110.csv.6jlbp1h6.ingestion-544b9ff949-ft4f6.json,500,de48c7aaffb48bc4c2fe3be62da1b78cf98543c1a909451ac048ee225d0e18fa
misty,Misty,111,ambient_rate_mcps,training/misty.measurement_111.csv.6jlbp1h3.ingestion-544b9ff949-rn5s8.json,500,640919568e3eced0499de09d72bbe820d7f1debece448c4d3d02b59823328355
misty,Misty,111,distance_mm,training/misty.measurement_111.csv.6jlbp1h3.ingestion-544b9ff949-rn5s8.json,500,640919568e3eced0499de09d72bbe820d7f1debece448c4d3d02b59823328355
misty,Misty,111,sigma_like,training/misty.measurement_111.csv.6jlbp1h3.ingestion-544b9ff949-rn5s8.json,500,640919568e3eced0499de09d72bbe820d7f1debece448c4d3d02b59823328355
misty,Misty,111,signal_rate_mcps,training/misty.measurement_111.csv.6jlbp1h3.ingestion-544b9ff949-rn5s8.json,500,640919568e3eced0499de09d72bbe820d7f1debece448c4d3d02b59823328355
misty,Misty,113,ambient_rate_mcps,training/misty.measurement_113.csv.6jlbp1ha.ingestion-544b9ff949-ft4f6.json,500,b2173bd5254bcb6edb863f1b0d18dcb3931e893ea8540faf69a023d7e00888d1
misty,Misty,113,distance_mm,training/misty.measurement_113.csv.6jlbp1ha.ingestion-544b9ff949-ft4f6.json,500,b2173bd5254bcb6edb863f1b0d18dcb3931e893ea8540faf69a023d7e00888d1
misty,Misty,113,sigma_like,training/misty.measurement_113.csv.6jlbp1ha.ingestion-544b9ff949-ft4f6.json,500,b2173bd5254bcb6edb863f1b0d18dcb3931e893ea8540faf69a023d7e00888d1
misty,Misty,113,signal_rate_mcps,training/misty.measurement_113.csv.6jlbp1ha.ingestion-544b9ff949-ft4f6.json,500,b2173bd5254bcb6edb863f1b0d18dcb3931e893ea8540faf69a023d7e00888d1
misty,Misty,114,ambient_rate_mcps,training/misty.measurement_114.csv.6jlbp1h7.ingestion-544b9ff949-rn5s8.json,500,3ae5ff29d5e95429716a249006d9d9cacf3b24afbfd5e12d9921ceba1948d6ad
misty,Misty,114,distance_mm,training/misty.measurement_114.csv.6jlbp1h7.ingestion-544b9ff949-rn5s8.json,500,3ae5ff29d5e95429716a249006d9d9cacf3b24afbfd5e12d9921ceba1948d6ad
misty,Misty,114,sigma_like,training/misty.measurement_114.csv.6jlbp1h7.ingestion-544b9ff949-rn5s8.json,500,3ae5ff29d5e95429716a249006d9d9cacf3b24afbfd5e12d9921ceba1948d6ad
misty,Misty,114,signal_rate_mcps,training/misty.measurement_114.csv.6jlbp1h7.ingestion-544b9ff949-rn5s8.json,500,3ae5ff29d5e95429716a249006d9d9cacf3b24afbfd5e12d9921ceba1948d6ad
misty,Misty,115,ambient_rate_mcps,training/misty.measurement_115.csv.6jlbp1h9.ingestion-544b9ff949-kks7w.json,500,10a836f47bd51b323a90045cb4b12211538a8b53c223e7b4d309448d5a7a9c48
misty,Misty,115,distance_mm,training/misty.measurement_115.csv.6jlbp1h9.ingestion-544b9ff949-kks7w.json,500,10a836f47bd51b323a90045cb4b12211538a8b53c223e7b4d309448d5a7a9c48
misty,Misty,115,sigma_like,training/misty.measurement_115.csv.6jlbp1h9.ingestion-544b9ff949-kks7w.json,500,10a836f47bd51b323a90045cb4b12211538a8b53c223e7b4d309448d5a7a9c48
misty,Misty,115,signal_rate_mcps,training/misty.measurement_115.csv.6jlbp1h9.ingestion-544b9ff949-kks7w.json,500,10a836f47bd51b323a90045cb4b12211538a8b53c223e7b4d309448d5a7a9c48
misty,Misty,116,ambient_rate_mcps,training/misty.measurement_116.csv.6jlbp1hb.ingestion-544b9ff949-ft4f6.json,500,c89ec7132454faf665a2c872a26c7e52b659fa2983907e009d5afd9fc427f6ac
misty,Misty,116,distance_mm,training/misty.measurement_116.csv.6jlbp1hb.ingestion-544b9ff949-ft4f6.json,500,c89ec7132454faf665a2c872a26c7e52b659fa2983907e009d5afd9fc427f6ac
misty,Misty,116,sigma_like,training/misty.measurement_116.csv.6jlbp1hb.ingestion-544b9ff949-ft4f6.json,500,c89ec7132454faf665a2c872a26c7e52b659fa2983907e009d5afd9fc427f6ac
misty,Misty,116,signal_rate_mcps,training/misty.measurement_116.csv.6jlbp1hb.ingestion-544b9ff949-ft4f6.json,500,c89ec7132454faf665a2c872a26c7e52b659fa2983907e009d5afd9fc427f6ac
misty,Misty,117,ambient_rate_mcps,training/misty.measurement_117.csv.6jlbp1rb.ingestion-544b9ff949-rn5s8.json,500,d105b9ae5a786c86c2afdcffaf239a04a9ddd9f54080b76c8611a278d4964152
misty,Misty,117,distance_mm,training/misty.measurement_117.csv.6jlbp1rb.ingestion-544b9ff949-rn5s8.json,500,d105b9ae5a786c86c2afdcffaf239a04a9ddd9f54080b76c8611a278d4964152
misty,Misty,117,sigma_like,training/misty.measurement_117.csv.6jlbp1rb.ingestion-544b9ff949-rn5s8.json,500,d105b9ae5a786c86c2afdcffaf239a04a9ddd9f54080b76c8611a278d4964152
misty,Misty,117,signal_rate_mcps,training/misty.measurement_117.csv.6jlbp1rb.ingestion-544b9ff949-rn5s8.json,500,d105b9ae5a786c86c2afdcffaf239a04a9ddd9f54080b76c8611a278d4964152
misty,Misty,119,ambient_rate_mcps,training/misty.measurement_119.csv.6jlbp1rn.ingestion-544b9ff949-ft4f6.json,500,3f669fea309d03701a2215f87eec8c63f91905bc36fad8c9c8974ac4192dcb97
misty,Misty,119,distance_mm,training/misty.measurement_119.csv.6jlbp1rn.ingestion-544b9ff949-ft4f6.json,500,3f669fea309d03701a2215f87eec8c63f91905bc36fad8c9c8974ac4192dcb97
misty,Misty,119,sigma_like,training/misty.measurement_119.csv.6jlbp1rn.ingestion-544b9ff949-ft4f6.json,500,3f669fea309d03701a2215f87eec8c63f91905bc36fad8c9c8974ac4192dcb97
misty,Misty,119,signal_rate_mcps,training/misty.measurement_119.csv.6jlbp1rn.ingestion-544b9ff949-ft4f6.json,500,3f669fea309d03701a2215f87eec8c63f91905bc36fad8c9c8974ac4192dcb97
misty,Misty,12,ambient_rate_mcps,training/misty.measurement_12.csv.6jlbp1tc.ingestion-544b9ff949-kks7w.json,500,7c14b83227ce3f7798394f778f03a69b371576ea8c1cecd40ebec62c0baacf26
misty,Misty,12,distance_mm,training/misty.measurement_12.csv.6jlbp1tc.ingestion-544b9ff949-kks7w.json,500,7c14b83227ce3f7798394f778f03a69b371576ea8c1cecd40ebec62c0baacf26
misty,Misty,12,sigma_like,training/misty.measurement_12.csv.6jlbp1tc.ingestion-544b9ff949-kks7w.json,500,7c14b83227ce3f7798394f778f03a69b371576ea8c1cecd40ebec62c0baacf26
misty,Misty,12,signal_rate_mcps,training/misty.measurement_12.csv.6jlbp1tc.ingestion-544b9ff949-kks7w.json,500,7c14b83227ce3f7798394f778f03a69b371576ea8c1cecd40ebec62c0baacf26
misty,Misty,120,ambient_rate_mcps,training/misty.measurement_120.csv.6jlbp1tb.ingestion-544b9ff949-rn5s8.json,500,91b3fe276fcc49a8177806415afdd6c27a35d8e4ac249d4f540855f770dc0e05
misty,Misty,120,distance_mm,training/misty.measurement_120.csv.6jlbp1tb.ingestion-544b9ff949-rn5s8.json,500,91b3fe276fcc49a8177806415afdd6c27a35d8e4ac249d4f540855f770dc0e05
misty,Misty,120,sigma_like,training/misty.measurement_120.csv.6jlbp1tb.ingestion-544b9ff949-rn5s8.json,500,91b3fe276fcc49a8177806415afdd6c27a35d8e4ac249d4f540855f770dc0e05
misty,Misty,120,signal_rate_mcps,training/misty.measurement_120.csv.6jlbp1tb.ingestion-544b9ff949-rn5s8.json,500,91b3fe276fcc49a8177806415afdd6c27a35d8e4ac249d4f540855f770dc0e05
misty,Misty,121,ambient_rate_mcps,training/misty.measurement_121.csv.6jlbp1td.ingestion-544b9ff949-ft4f6.json,500,1914524a09d476e00873edf03da8b7b46f9b91559c8ae7f69bc7bc3d08224263
misty,Misty,121,distance_mm,training/misty.measurement_121.csv.6jlbp1td.ingestion-544b9ff949-ft4f6.json,500,1914524a09d476e00873edf03da8b7b46f9b91559c8ae7f69bc7bc3d08224263
misty,Misty,121,sigma_like,training/misty.measurement_121.csv.6jlbp1td.ingestion-544b9ff949-ft4f6.json,500,1914524a09d476e00873edf03da8b7b46f9b91559c8ae7f69bc7bc3d08224263
misty,Misty,121,signal_rate_mcps,training/misty.measurement_121.csv.6jlbp1td.ingestion-544b9ff949-ft4f6.json,500,1914524a09d476e00873edf03da8b7b46f9b91559c8ae7f69bc7bc3d08224263
misty,Misty,122,ambient_rate_mcps,training/misty.measurement_122.csv.6jlbp1ti.ingestion-544b9ff949-rn5s8.json,500,4c52710e59d798a5bad6a014bd2a5cad44f73e38a41a5f35fc66f3bf9703ba92
misty,Misty,122,distance_mm,training/misty.measurement_122.csv.6jlbp1ti.ingestion-544b9ff949-rn5s8.json,500,4c52710e59d798a5bad6a014bd2a5cad44f73e38a41a5f35fc66f3bf9703ba92
misty,Misty,122,sigma_like,training/misty.measurement_122.csv.6jlbp1ti.ingestion-544b9ff949-rn5s8.json,500,4c52710e59d798a5bad6a014bd2a5cad44f73e38a41a5f35fc66f3bf9703ba92
misty,Misty,122,signal_rate_mcps,training/misty.measurement_122.csv.6jlbp1ti.ingestion-544b9ff949-rn5s8.json,500,4c52710e59d798a5bad6a014bd2a5cad44f73e38a41a5f35fc66f3bf9703ba92
misty,Misty,123,ambient_rate_mcps,training/misty.measurement_123.csv.6jlbp1tj.ingestion-544b9ff949-kks7w.json,500,5e85898b51ae49181cde2766588fd14c14f2f27f4a45d271c04207712d1704e1
misty,Misty,123,distance_mm,training/misty.measurement_123.csv.6jlbp1tj.ingestion-544b9ff949-kks7w.json,500,5e85898b51ae49181cde2766588fd14c14f2f27f4a45d271c04207712d1704e1
misty,Misty,123,sigma_like,training/misty.measurement_123.csv.6jlbp1tj.ingestion-544b9ff949-kks7w.json,500,5e85898b51ae49181cde2766588fd14c14f2f27f4a45d271c04207712d1704e1
misty,Misty,123,signal_rate_mcps,training/misty.measurement_123.csv.6jlbp1tj.ingestion-544b9ff949-kks7w.json,500,5e85898b51ae49181cde2766588fd14c14f2f27f4a45d271c04207712d1704e1
misty,Misty,124,ambient_rate_mcps,training/misty.measurement_124.csv.6jlbp1tm.ingestion-544b9ff949-ft4f6.json,500,26ab4a0b4d325710b999abf937c554b525cdaaad85c1fcdfa6a1011d8b4f4918
misty,Misty,124,distance_mm,training/misty.measurement_124.csv.6jlbp1tm.ingestion-544b9ff949-ft4f6.json,500,26ab4a0b4d325710b999abf937c554b525cdaaad85c1fcdfa6a1011d8b4f4918
misty,Misty,124,sigma_like,training/misty.measurement_124.csv.6jlbp1tm.ingestion-544b9ff949-ft4f6.json,500,26ab4a0b4d325710b999abf937c554b525cdaaad85c1fcdfa6a1011d8b4f4918
misty,Misty,124,signal_rate_mcps,training/misty.measurement_124.csv.6jlbp1tm.ingestion-544b9ff949-ft4f6.json,500,26ab4a0b4d325710b999abf937c554b525cdaaad85c1fcdfa6a1011d8b4f4918
misty,Misty,126,ambient_rate_mcps,training/misty.measurement_126.csv.6jlbp1tt.ingestion-544b9ff949-kks7w.json,500,5a9bf1451a1a998189812fe3fc064a8c582794bbf2574dd4203f7d1d3154cdc2
misty,Misty,126,distance_mm,training/misty.measurement_126.csv.6jlbp1tt.ingestion-544b9ff949-kks7w.json,500,5a9bf1451a1a998189812fe3fc064a8c582794bbf2574dd4203f7d1d3154cdc2
misty,Misty,126,sigma_like,training/misty.measurement_126.csv.6jlbp1tt.ingestion-544b9ff949-kks7w.json,500,5a9bf1451a1a998189812fe3fc064a8c582794bbf2574dd4203f7d1d3154cdc2
misty,Misty,126,signal_rate_mcps,training/misty.measurement_126.csv.6jlbp1tt.ingestion-544b9ff949-kks7w.json,500,5a9bf1451a1a998189812fe3fc064a8c582794bbf2574dd4203f7d1d3154cdc2
misty,Misty,128,ambient_rate_mcps,training/misty.measurement_128.csv.6jlbp1u9.ingestion-544b9ff949-rn5s8.json,500,7bcfd47aa6af3faa2fbe8a86f8c0b9c7399173e0a6e13c33f781e747834e9bc4
misty,Misty,128,distance_mm,training/misty.measurement_128.csv.6jlbp1u9.ingestion-544b9ff949-rn5s8.json,500,7bcfd47aa6af3faa2fbe8a86f8c0b9c7399173e0a6e13c33f781e747834e9bc4
misty,Misty,128,sigma_like,training/misty.measurement_128.csv.6jlbp1u9.ingestion-544b9ff949-rn5s8.json,500,7bcfd47aa6af3faa2fbe8a86f8c0b9c7399173e0a6e13c33f781e747834e9bc4
misty,Misty,128,signal_rate_mcps,training/misty.measurement_128.csv.6jlbp1u9.ingestion-544b9ff949-rn5s8.json,500,7bcfd47aa6af3faa2fbe8a86f8c0b9c7399173e0a6e13c33f781e747834e9bc4
misty,Misty,129,ambient_rate_mcps,training/misty.measurement_129.csv.6jlbp1tt.ingestion-544b9ff949-kks7w.json,500,26c6b24110a286a8bc917efaa65ad5279665d4b3956048dcd6cd81fc055e1b9c
misty,Misty,129,distance_mm,training/misty.measurement_129.csv.6jlbp1tt.ingestion-544b9ff949-kks7w.json,500,26c6b24110a286a8bc917efaa65ad5279665d4b3956048dcd6cd81fc055e1b9c
misty,Misty,129,sigma_like,training/misty.measurement_129.csv.6jlbp1tt.ingestion-544b9ff949-kks7w.json,500,26c6b24110a286a8bc917efaa65ad5279665d4b3956048dcd6cd81fc055e1b9c
misty,Misty,129,signal_rate_mcps,training/misty.measurement_129.csv.6jlbp1tt.ingestion-544b9ff949-kks7w.json,500,26c6b24110a286a8bc917efaa65ad5279665d4b3956048dcd6cd81fc055e1b9c
misty,Misty,13,ambient_rate_mcps,training/misty.measurement_13.csv.6jlbp1ue.ingestion-544b9ff949-ft4f6.json,500,17cc2c89b82e77a81b1a1ad1c5c08cdb16a8e0ca9dfbc393936615e8bc593cb5
misty,Misty,13,distance_mm,training/misty.measurement_13.csv.6jlbp1ue.ingestion-544b9ff949-ft4f6.json,500,17cc2c89b82e77a81b1a1ad1c5c08cdb16a8e0ca9dfbc393936615e8bc593cb5
misty,Misty,13,sigma_like,training/misty.measurement_13.csv.6jlbp1ue.ingestion-544b9ff949-ft4f6.json,500,17cc2c89b82e77a81b1a1ad1c5c08cdb16a8e0ca9dfbc393936615e8bc593cb5
misty,Misty,13,signal_rate_mcps,training/misty.measurement_13.csv.6jlbp1ue.ingestion-544b9ff949-ft4f6.json,500,17cc2c89b82e77a81b1a1ad1c5c08cdb16a8e0ca9dfbc393936615e8bc593cb5
misty,Misty,131,ambient_rate_mcps,training/misty.measurement_131.csv.6jlbp1ul.ingestion-544b9ff949-kks7w.json,500,0ff10b8d4535c0eb1fb61605469b3c2decf196d1ae31e51f15079bcd053751d1
misty,Misty,131,distance_mm,training/misty.measurement_131.csv.6jlbp1ul.ingestion-544b9ff949-kks7w.json,500,0ff10b8d4535c0eb1fb61605469b3c2decf196d1ae31e51f15079bcd053751d1
misty,Misty,131,sigma_like,training/misty.measurement_131.csv.6jlbp1ul.ingestion-544b9ff949-kks7w.json,500,0ff10b8d4535c0eb1fb61605469b3c2decf196d1ae31e51f15079bcd053751d1
misty,Misty,131,signal_rate_mcps,training/misty.measurement_131.csv.6jlbp1ul.ingestion-544b9ff949-kks7w.json,500,0ff10b8d4535c0eb1fb61605469b3c2decf196d1ae31e51f15079bcd053751d1
misty,Misty,132,ambient_rate_mcps,training/misty.measurement_132.csv.6jlbp1ud.ingestion-544b9ff949-ft4f6.json,500,51f4fab55692a9d15e9087340a48e82ae3a97b5667a197e090643f12baed8f7a
misty,Misty,132,distance_mm,training/misty.measurement_132.csv.6jlbp1ud.ingestion-544b9ff949-ft4f6.json,500,51f4fab55692a9d15e9087340a48e82ae3a97b5667a197e090643f12baed8f7a
misty,Misty,132,sigma_like,training/misty.measurement_132.csv.6jlbp1ud.ingestion-544b9ff949-ft4f6.json,500,51f4fab55692a9d15e9087340a48e82ae3a97b5667a197e090643f12baed8f7a
misty,Misty,132,signal_rate_mcps,training/misty.measurement_132.csv.6jlbp1ud.ingestion-544b9ff949-ft4f6.json,500,51f4fab55692a9d15e9087340a48e82ae3a97b5667a197e090643f12baed8f7a
misty,Misty,133,ambient_rate_mcps,training/misty.measurement_133.csv.6jlbp1um.ingestion-544b9ff949-rn5s8.json,500,2de54f5be3393be6e03b058cbc79d400d60120db02ab11fe0cbb55e517947e6c
misty,Misty,133,distance_mm,training/misty.measurement_133.csv.6jlbp1um.ingestion-544b9ff949-rn5s8.json,500,2de54f5be3393be6e03b058cbc79d400d60120db02ab11fe0cbb55e517947e6c
misty,Misty,133,sigma_like,training/misty.measurement_133.csv.6jlbp1um.ingestion-544b9ff949-rn5s8.json,500,2de54f5be3393be6e03b058cbc79d400d60120db02ab11fe0cbb55e517947e6c
misty,Misty,133,signal_rate_mcps,training/misty.measurement_133.csv.6jlbp1um.ingestion-544b9ff949-rn5s8.json,500,2de54f5be3393be6e03b058cbc79d400d60120db02ab11fe0cbb55e517947e6c
misty,Misty,134,ambient_rate_mcps,training/misty.measurement_134.csv.6jlbp1ul.ingestion-544b9ff949-kks7w.json,500,9952b7b3934231931e09378737bb3d39a7934964ebc8a90243a6106c47d51b4d
misty,Misty,134,distance_mm,training/misty.measurement_134.csv.6jlbp1ul.ingestion-544b9ff949-kks7w.json,500,9952b7b3934231931e09378737bb3d39a7934964ebc8a90243a6106c47d51b4d
misty,Misty,134,sigma_like,training/misty.measurement_134.csv.6jlbp1ul.ingestion-544b9ff949-kks7w.json,500,9952b7b3934231931e09378737bb3d39a7934964ebc8a90243a6106c47d51b4d
misty,Misty,134,signal_rate_mcps,training/misty.measurement_134.csv.6jlbp1ul.ingestion-544b9ff949-kks7w.json,500,9952b7b3934231931e09378737bb3d39a7934964ebc8a90243a6106c47d51b4d
misty,Misty,135,ambient_rate_mcps,training/misty.measurement_135.csv.6jlbp25k.ingestion-544b9ff949-ft4f6.json,500,4dc11c082384f7f7350f1d54aea4e013332c5f4f8030576c50ad75d9fe5e8fd6
misty,Misty,135,distance_mm,training/misty.measurement_135.csv.6jlbp25k.ingestion-544b9ff949-ft4f6.json,500,4dc11c082384f7f7350f1d54aea4e013332c5f4f8030576c50ad75d9fe5e8fd6
misty,Misty,135,sigma_like,training/misty.measurement_135.csv.6jlbp25k.ingestion-544b9ff949-ft4f6.json,500,4dc11c082384f7f7350f1d54aea4e013332c5f4f8030576c50ad75d9fe5e8fd6
misty,Misty,135,signal_rate_mcps,training/misty.measurement_135.csv.6jlbp25k.ingestion-544b9ff949-ft4f6.json,500,4dc11c082384f7f7350f1d54aea4e013332c5f4f8030576c50ad75d9fe5e8fd6
misty,Misty,136,ambient_rate_mcps,training/misty.measurement_136.csv.6jlbp25l.ingestion-544b9ff949-rn5s8.json,500,2a1b9d82aa8d367d304081841b36651983b1fc135be9f3b709dbfcc2020be8df
misty,Misty,136,distance_mm,training/misty.measurement_136.csv.6jlbp25l.ingestion-544b9ff949-rn5s8.json,500,2a1b9d82aa8d367d304081841b36651983b1fc135be9f3b709dbfcc2020be8df
misty,Misty,136,sigma_like,training/misty.measurement_136.csv.6jlbp25l.ingestion-544b9ff949-rn5s8.json,500,2a1b9d82aa8d367d304081841b36651983b1fc135be9f3b709dbfcc2020be8df
misty,Misty,136,signal_rate_mcps,training/misty.measurement_136.csv.6jlbp25l.ingestion-544b9ff949-rn5s8.json,500,2a1b9d82aa8d367d304081841b36651983b1fc135be9f3b709dbfcc2020be8df
misty,Misty,138,ambient_rate_mcps,training/misty.measurement_138.csv.6jlbp282.ingestion-544b9ff949-ft4f6.json,500,55b9bd5be2ec7f8cea64e168029af5f743f1ef4a9e3d9618fd0621978fbd0c53
misty,Misty,138,distance_mm,training/misty.measurement_138.csv.6jlbp282.ingestion-544b9ff949-ft4f6.json,500,55b9bd5be2ec7f8cea64e168029af5f743f1ef4a9e3d9618fd0621978fbd0c53
misty,Misty,138,sigma_like,training/misty.measurement_138.csv.6jlbp282.ingestion-544b9ff949-ft4f6.json,500,55b9bd5be2ec7f8cea64e168029af5f743f1ef4a9e3d9618fd0621978fbd0c53
misty,Misty,138,signal_rate_mcps,training/misty.measurement_138.csv.6jlbp282.ingestion-544b9ff949-ft4f6.json,500,55b9bd5be2ec7f8cea64e168029af5f743f1ef4a9e3d9618fd0621978fbd0c53
misty,Misty,139,ambient_rate_mcps,training/misty.measurement_139.csv.6jlbp287.ingestion-544b9ff949-rn5s8.json,500,b68bfb51d72ada2451ec862b939bbba3a350e8c86fc01fc0063623bf0bbe0273
misty,Misty,139,distance_mm,training/misty.measurement_139.csv.6jlbp287.ingestion-544b9ff949-rn5s8.json,500,b68bfb51d72ada2451ec862b939bbba3a350e8c86fc01fc0063623bf0bbe0273
misty,Misty,139,sigma_like,training/misty.measurement_139.csv.6jlbp287.ingestion-544b9ff949-rn5s8.json,500,b68bfb51d72ada2451ec862b939bbba3a350e8c86fc01fc0063623bf0bbe0273
misty,Misty,139,signal_rate_mcps,training/misty.measurement_139.csv.6jlbp287.ingestion-544b9ff949-rn5s8.json,500,b68bfb51d72ada2451ec862b939bbba3a350e8c86fc01fc0063623bf0bbe0273
misty,Misty,14,ambient_rate_mcps,training/misty.measurement_14.csv.6jlbp299.ingestion-544b9ff949-kks7w.json,500,0c4a80fb5fb4683de16e192969e46edddc0196d90316f01d4b79cf7b93a3f572
misty,Misty,14,distance_mm,training/misty.measurement_14.csv.6jlbp299.ingestion-544b9ff949-kks7w.json,500,0c4a80fb5fb4683de16e192969e46edddc0196d90316f01d4b79cf7b93a3f572
misty,Misty,14,sigma_like,training/misty.measurement_14.csv.6jlbp299.ingestion-544b9ff949-kks7w.json,500,0c4a80fb5fb4683de16e192969e46edddc0196d90316f01d4b79cf7b93a3f572
misty,Misty,14,signal_rate_mcps,training/misty.measurement_14.csv.6jlbp299.ingestion-544b9ff949-kks7w.json,500,0c4a80fb5fb4683de16e192969e46edddc0196d90316f01d4b79cf7b93a3f572
misty,Misty,140,ambient_rate_mcps,training/misty.measurement_140.csv.6jlbp29i.ingestion-544b9ff949-ft4f6.json,500,2b72213ca453c0b4a6033f2de8b9c149800ad60c02f31cb0387277b497f90cc9
misty,Misty,140,distance_mm,training/misty.measurement_140.csv.6jlbp29i.ingestion-544b9ff949-ft4f6.json,500,2b72213ca453c0b4a6033f2de8b9c149800ad60c02f31cb0387277b497f90cc9
misty,Misty,140,sigma_like,training/misty.measurement_140.csv.6jlbp29i.ingestion-544b9ff949-ft4f6.json,500,2b72213ca453c0b4a6033f2de8b9c149800ad60c02f31cb0387277b497f90cc9
misty,Misty,140,signal_rate_mcps,training/misty.measurement_140.csv.6jlbp29i.ingestion-544b9ff949-ft4f6.json,500,2b72213ca453c0b4a6033f2de8b9c149800ad60c02f31cb0387277b497f90cc9
misty,Misty,15,ambient_rate_mcps,training/misty.measurement_15.csv.6jlbp299.ingestion-544b9ff949-rn5s8.json,500,a0d84fd0672fe3a38063c53af99c7c4e02c0d0a2986b1ea59dc44c09fc6c30cc
misty,Misty,15,distance_mm,training/misty.measurement_15.csv.6jlbp299.ingestion-544b9ff949-rn5s8.json,500,a0d84fd0672fe3a38063c53af99c7c4e02c0d0a2986b1ea59dc44c09fc6c30cc
misty,Misty,15,sigma_like,training/misty.measurement_15.csv.6jlbp299.ingestion-544b9ff949-rn5s8.json,500,a0d84fd0672fe3a38063c53af99c7c4e02c0d0a2986b1ea59dc44c09fc6c30cc
misty,Misty,15,signal_rate_mcps,training/misty.measurement_15.csv.6jlbp299.ingestion-544b9ff949-rn5s8.json,500,a0d84fd0672fe3a38063c53af99c7c4e02c0d0a2986b1ea59dc44c09fc6c30cc
misty,Misty,16,ambient_rate_mcps,training/misty.measurement_16.csv.6jlbp29r.ingestion-544b9ff949-kks7w.json,500,9e80f23c8bb45196ad4e70a6a34c88cd6e2ec06aba32fc647c35c6cea7065031
misty,Misty,16,distance_mm,training/misty.measurement_16.csv.6jlbp29r.ingestion-544b9ff949-kks7w.json,500,9e80f23c8bb45196ad4e70a6a34c88cd6e2ec06aba32fc647c35c6cea7065031
misty,Misty,16,sigma_like,training/misty.measurement_16.csv.6jlbp29r.ingestion-544b9ff949-kks7w.json,500,9e80f23c8bb45196ad4e70a6a34c88cd6e2ec06aba32fc647c35c6cea7065031
misty,Misty,16,signal_rate_mcps,training/misty.measurement_16.csv.6jlbp29r.ingestion-544b9ff949-kks7w.json,500,9e80f23c8bb45196ad4e70a6a34c88cd6e2ec06aba32fc647c35c6cea7065031
misty,Misty,17,ambient_rate_mcps,training/misty.measurement_17.csv.6jlbp2a6.ingestion-544b9ff949-ft4f6.json,500,01a6754afe0dcca5903d32aa7aba9c048ee90d43f7f47c3dfb265a0b8cab9152
misty,Misty,17,distance_mm,training/misty.measurement_17.csv.6jlbp2a6.ingestion-544b9ff949-ft4f6.json,500,01a6754afe0dcca5903d32aa7aba9c048ee90d43f7f47c3dfb265a0b8cab9152
misty,Misty,17,sigma_like,training/misty.measurement_17.csv.6jlbp2a6.ingestion-544b9ff949-ft4f6.json,500,01a6754afe0dcca5903d32aa7aba9c048ee90d43f7f47c3dfb265a0b8cab9152
misty,Misty,17,signal_rate_mcps,training/misty.measurement_17.csv.6jlbp2a6.ingestion-544b9ff949-ft4f6.json,500,01a6754afe0dcca5903d32aa7aba9c048ee90d43f7f47c3dfb265a0b8cab9152
misty,Misty,19,ambient_rate_mcps,training/misty.measurement_19.csv.6jlbp2a7.ingestion-544b9ff949-kks7w.json,500,0656f7e69f2a6b540c2b1ffbdfe60fe91f2df2f8d48d0ff7d7fdc36e60204f27
misty,Misty,19,distance_mm,training/misty.measurement_19.csv.6jlbp2a7.ingestion-544b9ff949-kks7w.json,500,0656f7e69f2a6b540c2b1ffbdfe60fe91f2df2f8d48d0ff7d7fdc36e60204f27
misty,Misty,19,sigma_like,training/misty.measurement_19.csv.6jlbp2a7.ingestion-544b9ff949-kks7w.json,500,0656f7e69f2a6b540c2b1ffbdfe60fe91f2df2f8d48d0ff7d7fdc36e60204f27
misty,Misty,19,signal_rate_mcps,training/misty.measurement_19.csv.6jlbp2a7.ingestion-544b9ff949-kks7w.json,500,0656f7e69f2a6b540c2b1ffbdfe60fe91f2df2f8d48d0ff7d7fdc36e60204f27
misty,Misty,2,ambient_rate_mcps,training/misty.measurement_2.csv.6jlbp2a7.ingestion-544b9ff949-ft4f6.json,500,77cd1b3a65868d628e1207c21efeb40778512ac772922bf280c8daf676d81296
misty,Misty,2,distance_mm,training/misty.measurement_2.csv.6jlbp2a7.ingestion-544b9ff949-ft4f6.json,500,77cd1b3a65868d628e1207c21efeb40778512ac772922bf280c8daf676d81296
misty,Misty,2,sigma_like,training/misty.measurement_2.csv.6jlbp2a7.ingestion-544b9ff949-ft4f6.json,500,77cd1b3a65868d628e1207c21efeb40778512ac772922bf280c8daf676d81296
misty,Misty,2,signal_rate_mcps,training/misty.measurement_2.csv.6jlbp2a7.ingestion-544b9ff949-ft4f6.json,500,77cd1b3a65868d628e1207c21efeb40778512ac772922bf280c8daf676d81296
misty,Misty,21,ambient_rate_mcps,training/misty.measurement_21.csv.6jlbp2a8.ingestion-544b9ff949-kks7w.json,500,741672922e775021c5e4944fd58278b6109c356af276ab1b0372d6747d3af71e
misty,Misty,21,distance_mm,training/misty.measurement_21.csv.6jlbp2a8.ingestion-544b9ff949-kks7w.json,500,741672922e775021c5e4944fd58278b6109c356af276ab1b0372d6747d3af71e
misty,Misty,21,sigma_like,training/misty.measurement_21.csv.6jlbp2a8.ingestion-544b9ff949-kks7w.json,500,741672922e775021c5e4944fd58278b6109c356af276ab1b0372d6747d3af71e
misty,Misty,21,signal_rate_mcps,training/misty.measurement_21.csv.6jlbp2a8.ingestion-544b9ff949-kks7w.json,500,741672922e775021c5e4944fd58278b6109c356af276ab1b0372d6747d3af71e
misty,Misty,22,ambient_rate_mcps,training/misty.measurement_22.csv.6jlbp2a7.ingestion-544b9ff949-ft4f6.json,500,426d41ec1bea7d3c9d2549ac75469f02783b4154aeec7e24c39a38d2ee1ecbdf
misty,Misty,22,distance_mm,training/misty.measurement_22.csv.6jlbp2a7.ingestion-544b9ff949-ft4f6.json,500,426d41ec1bea7d3c9d2549ac75469f02783b4154aeec7e24c39a38d2ee1ecbdf
misty,Misty,22,sigma_like,training/misty.measurement_22.csv.6jlbp2a7.ingestion-544b9ff949-ft4f6.json,500,426d41ec1bea7d3c9d2549ac75469f02783b4154aeec7e24c39a38d2ee1ecbdf
misty,Misty,22,signal_rate_mcps,training/misty.measurement_22.csv.6jlbp2a7.ingestion-544b9ff949-ft4f6.json,500,426d41ec1bea7d3c9d2549ac75469f02783b4154aeec7e24c39a38d2ee1ecbdf
misty,Misty,23,ambient_rate_mcps,training/misty.measurement_23.csv.6jlbp2ad.ingestion-544b9ff949-rn5s8.json,500,6e84a7003b262b436f8245b8b5a6e6dca99d7cf2d03f62f04a1daf55c0fda09a
misty,Misty,23,distance_mm,training/misty.measurement_23.csv.6jlbp2ad.ingestion-544b9ff949-rn5s8.json,500,6e84a7003b262b436f8245b8b5a6e6dca99d7cf2d03f62f04a1daf55c0fda09a
misty,Misty,23,sigma_like,training/misty.measurement_23.csv.6jlbp2ad.ingestion-544b9ff949-rn5s8.json,500,6e84a7003b262b436f8245b8b5a6e6dca99d7cf2d03f62f04a1daf55c0fda09a
misty,Misty,23,signal_rate_mcps,training/misty.measurement_23.csv.6jlbp2ad.ingestion-544b9ff949-rn5s8.json,500,6e84a7003b262b436f8245b8b5a6e6dca99d7cf2d03f62f04a1daf55c0fda09a
misty,Misty,24,ambient_rate_mcps,training/misty.measurement_24.csv.6jlbp2a9.ingestion-544b9ff949-kks7w.json,500,a97e52043ffc72ac74813dda77932e1431cc422c6eba2239d7b2e9ac1ec10922
misty,Misty,24,distance_mm,training/misty.measurement_24.csv.6jlbp2a9.ingestion-544b9ff949-kks7w.json,500,a97e52043ffc72ac74813dda77932e1431cc422c6eba2239d7b2e9ac1ec10922
misty,Misty,24,sigma_like,training/misty.measurement_24.csv.6jlbp2a9.ingestion-544b9ff949-kks7w.json,500,a97e52043ffc72ac74813dda77932e1431cc422c6eba2239d7b2e9ac1ec10922
misty,Misty,24,signal_rate_mcps,training/misty.measurement_24.csv.6jlbp2a9.ingestion-544b9ff949-kks7w.json,500,a97e52043ffc72ac74813dda77932e1431cc422c6eba2239d7b2e9ac1ec10922
misty,Misty,25,ambient_rate_mcps,training/misty.measurement_25.csv.6jlbp2ad.ingestion-544b9ff949-ft4f6.json,500,0ab5ee02972cd886714bc08b7661ea1564ffc0cff886fe189d2d5a675d9e33d4
misty,Misty,25,distance_mm,training/misty.measurement_25.csv.6jlbp2ad.ingestion-544b9ff949-ft4f6.json,500,0ab5ee02972cd886714bc08b7661ea1564ffc0cff886fe189d2d5a675d9e33d4
misty,Misty,25,sigma_like,training/misty.measurement_25.csv.6jlbp2ad.ingestion-544b9ff949-ft4f6.json,500,0ab5ee02972cd886714bc08b7661ea1564ffc0cff886fe189d2d5a675d9e33d4
misty,Misty,25,signal_rate_mcps,training/misty.measurement_25.csv.6jlbp2ad.ingestion-544b9ff949-ft4f6.json,500,0ab5ee02972cd886714bc08b7661ea1564ffc0cff886fe189d2d5a675d9e33d4
misty,Misty,27,ambient_rate_mcps,training/misty.measurement_27.csv.6jlbp2fj.ingestion-544b9ff949-kks7w.json,500,e51aeb1fab13cbea72b742133032e3ac7d01f7723fcf715bcf48f24069dc7983
misty,Misty,27,distance_mm,training/misty.measurement_27.csv.6jlbp2fj.ingestion-544b9ff949-kks7w.json,500,e51aeb1fab13cbea72b742133032e3ac7d01f7723fcf715bcf48f24069dc7983
misty,Misty,27,sigma_like,training/misty.measurement_27.csv.6jlbp2fj.ingestion-544b9ff949-kks7w.json,500,e51aeb1fab13cbea72b742133032e3ac7d01f7723fcf715bcf48f24069dc7983
misty,Misty,27,signal_rate_mcps,training/misty.measurement_27.csv.6jlbp2fj.ingestion-544b9ff949-kks7w.json,500,e51aeb1fab13cbea72b742133032e3ac7d01f7723fcf715bcf48f24069dc7983
misty,Misty,28,ambient_rate_mcps,training/misty.measurement_28.csv.6jlbp2gq.ingestion-544b9ff949-ft4f6.json,500,023589916da1fe5d7208ccc3a1d7eb2e593e8b0d57c9e1a67bd1633df0aaabb2
misty,Misty,28,distance_mm,training/misty.measurement_28.csv.6jlbp2gq.ingestion-544b9ff949-ft4f6.json,500,023589916da1fe5d7208ccc3a1d7eb2e593e8b0d57c9e1a67bd1633df0aaabb2
misty,Misty,28,sigma_like,training/misty.measurement_28.csv.6jlbp2gq.ingestion-544b9ff949-ft4f6.json,500,023589916da1fe5d7208ccc3a1d7eb2e593e8b0d57c9e1a67bd1633df0aaabb2
misty,Misty,28,signal_rate_mcps,training/misty.measurement_28.csv.6jlbp2gq.ingestion-544b9ff949-ft4f6.json,500,023589916da1fe5d7208ccc3a1d7eb2e593e8b0d57c9e1a67bd1633df0aaabb2
misty,Misty,3,ambient_rate_mcps,training/misty.measurement_3.csv.6jlbp2j3.ingestion-544b9ff949-kks7w.json,500,bce26d7829352d06adbc17a7587bded7a3f80b26d5361f691fc6aa852b58bc85
misty,Misty,3,distance_mm,training/misty.measurement_3.csv.6jlbp2j3.ingestion-544b9ff949-kks7w.json,500,bce26d7829352d06adbc17a7587bded7a3f80b26d5361f691fc6aa852b58bc85
misty,Misty,3,sigma_like,training/misty.measurement_3.csv.6jlbp2j3.ingestion-544b9ff949-kks7w.json,500,bce26d7829352d06adbc17a7587bded7a3f80b26d5361f691fc6aa852b58bc85
misty,Misty,3,signal_rate_mcps,training/misty.measurement_3.csv.6jlbp2j3.ingestion-544b9ff949-kks7w.json,500,bce26d7829352d06adbc17a7587bded7a3f80b26d5361f691fc6aa852b58bc85
misty,Misty,30,ambient_rate_mcps,training/misty.measurement_30.csv.6jlbp2je.ingestion-544b9ff949-ft4f6.json,500,30862b699022e65d9f596851311cc937aaee3e5eb69f677afe40bad3d313acd1
misty,Misty,30,distance_mm,training/misty.measurement_30.csv.6jlbp2je.ingestion-544b9ff949-ft4f6.json,500,30862b699022e65d9f596851311cc937aaee3e5eb69f677afe40bad3d313acd1
misty,Misty,30,sigma_like,training/misty.measurement_30.csv.6jlbp2je.ingestion-544b9ff949-ft4f6.json,500,30862b699022e65d9f596851311cc937aaee3e5eb69f677afe40bad3d313acd1
misty,Misty,30,signal_rate_mcps,training/misty.measurement_30.csv.6jlbp2je.ingestion-544b9ff949-ft4f6.json,500,30862b699022e65d9f596851311cc937aaee3e5eb69f677afe40bad3d313acd1
misty,Misty,31,ambient_rate_mcps,training/misty.measurement_31.csv.6jlbp2jg.ingestion-544b9ff949-rn5s8.json,500,61706aab1a0c6e8994e2338c17149cbce0c53d26a9f03c1a60972bb7636ad313
misty,Misty,31,distance_mm,training/misty.measurement_31.csv.6jlbp2jg.ingestion-544b9ff949-rn5s8.json,500,61706aab1a0c6e8994e2338c17149cbce0c53d26a9f03c1a60972bb7636ad313
misty,Misty,31,sigma_like,training/misty.measurement_31.csv.6jlbp2jg.ingestion-544b9ff949-rn5s8.json,500,61706aab1a0c6e8994e2338c17149cbce0c53d26a9f03c1a60972bb7636ad313
misty,Misty,31,signal_rate_mcps,training/misty.measurement_31.csv.6jlbp2jg.ingestion-544b9ff949-rn5s8.json,500,61706aab1a0c6e8994e2338c17149cbce0c53d26a9f03c1a60972bb7636ad313
misty,Misty,32,ambient_rate_mcps,training/misty.measurement_32.csv.6jlbp2jr.ingestion-544b9ff949-kks7w.json,500,fdc6f2bf87853c182c050de7c357bd45bfcdc04d6dd4ac20e4fa4f33a4b501b1
misty,Misty,32,distance_mm,training/misty.measurement_32.csv.6jlbp2jr.ingestion-544b9ff949-kks7w.json,500,fdc6f2bf87853c182c050de7c357bd45bfcdc04d6dd4ac20e4fa4f33a4b501b1
misty,Misty,32,sigma_like,training/misty.measurement_32.csv.6jlbp2jr.ingestion-544b9ff949-kks7w.json,500,fdc6f2bf87853c182c050de7c357bd45bfcdc04d6dd4ac20e4fa4f33a4b501b1
misty,Misty,32,signal_rate_mcps,training/misty.measurement_32.csv.6jlbp2jr.ingestion-544b9ff949-kks7w.json,500,fdc6f2bf87853c182c050de7c357bd45bfcdc04d6dd4ac20e4fa4f33a4b501b1
misty,Misty,33,ambient_rate_mcps,training/misty.measurement_33.csv.6jlbp2ka.ingestion-544b9ff949-ft4f6.json,500,227b039ec573580a5a82f4fe3c6bd1cb27024a9ede02dc85931fe3bef4e9ee78
misty,Misty,33,distance_mm,training/misty.measurement_33.csv.6jlbp2ka.ingestion-544b9ff949-ft4f6.json,500,227b039ec573580a5a82f4fe3c6bd1cb27024a9ede02dc85931fe3bef4e9ee78
misty,Misty,33,sigma_like,training/misty.measurement_33.csv.6jlbp2ka.ingestion-544b9ff949-ft4f6.json,500,227b039ec573580a5a82f4fe3c6bd1cb27024a9ede02dc85931fe3bef4e9ee78
misty,Misty,33,signal_rate_mcps,training/misty.measurement_33.csv.6jlbp2ka.ingestion-544b9ff949-ft4f6.json,500,227b039ec573580a5a82f4fe3c6bd1cb27024a9ede02dc85931fe3bef4e9ee78
misty,Misty,34,ambient_rate_mcps,training/misty.measurement_34.csv.6jlbp2kc.ingestion-544b9ff949-rn5s8.json,500,2960a15f9d1c4134d4cad1b11bc2e1248406236e00dd57ee3e546a23312d93eb
misty,Misty,34,distance_mm,training/misty.measurement_34.csv.6jlbp2kc.ingestion-544b9ff949-rn5s8.json,500,2960a15f9d1c4134d4cad1b11bc2e1248406236e00dd57ee3e546a23312d93eb
misty,Misty,34,sigma_like,training/misty.measurement_34.csv.6jlbp2kc.ingestion-544b9ff949-rn5s8.json,500,2960a15f9d1c4134d4cad1b11bc2e1248406236e00dd57ee3e546a23312d93eb
misty,Misty,34,signal_rate_mcps,training/misty.measurement_34.csv.6jlbp2kc.ingestion-544b9ff949-rn5s8.json,500,2960a15f9d1c4134d4cad1b11bc2e1248406236e00dd57ee3e546a23312d93eb
misty,Misty,35,ambient_rate_mcps,training/misty.measurement_35.csv.6jlbp2ke.ingestion-544b9ff949-kks7w.json,500,d14e68c9a907eb3fa79b928a90074a4fe33ddd4e7fd25d76a77cd00cd0dffd77
misty,Misty,35,distance_mm,training/misty.measurement_35.csv.6jlbp2ke.ingestion-544b9ff949-kks7w.json,500,d14e68c9a907eb3fa79b928a90074a4fe33ddd4e7fd25d76a77cd00cd0dffd77
misty,Misty,35,sigma_like,training/misty.measurement_35.csv.6jlbp2ke.ingestion-544b9ff949-kks7w.json,500,d14e68c9a907eb3fa79b928a90074a4fe33ddd4e7fd25d76a77cd00cd0dffd77
misty,Misty,35,signal_rate_mcps,training/misty.measurement_35.csv.6jlbp2ke.ingestion-544b9ff949-kks7w.json,500,d14e68c9a907eb3fa79b928a90074a4fe33ddd4e7fd25d76a77cd00cd0dffd77
misty,Misty,38,ambient_rate_mcps,training/misty.measurement_38.csv.6jlbp2kk.ingestion-544b9ff949-kks7w.json,500,8e511774e75fa0e84713f023e83eed19c726d125986f55848be0efbbb3c68725
misty,Misty,38,distance_mm,training/misty.measurement_38.csv.6jlbp2kk.ingestion-544b9ff949-kks7w.json,500,8e511774e75fa0e84713f023e83eed19c726d125986f55848be0efbbb3c68725
misty,Misty,38,sigma_like,training/misty.measurement_38.csv.6jlbp2kk.ingestion-544b9ff949-kks7w.json,500,8e511774e75fa0e84713f023e83eed19c726d125986f55848be0efbbb3c68725
misty,Misty,38,signal_rate_mcps,training/misty.measurement_38.csv.6jlbp2kk.ingestion-544b9ff949-kks7w.json,500,8e511774e75fa0e84713f023e83eed19c726d125986f55848be0efbbb3c68725
misty,Misty,39,ambient_rate_mcps,training/misty.measurement_39.csv.6jlbp2km.ingestion-544b9ff949-ft4f6.json,500,cf7258fcad0af03c6ef6989527e221be96ff0af2bfbbb000cc9996b2a3fbb361
misty,Misty,39,distance_mm,training/misty.measurement_39.csv.6jlbp2km.ingestion-544b9ff949-ft4f6.json,500,cf7258fcad0af03c6ef6989527e221be96ff0af2bfbbb000cc9996b2a3fbb361
misty,Misty,39,sigma_like,training/misty.measurement_39.csv.6jlbp2km.ingestion-544b9ff949-ft4f6.json,500,cf7258fcad0af03c6ef6989527e221be96ff0af2bfbbb000cc9996b2a3fbb361
misty,Misty,39,signal_rate_mcps,training/misty.measurement_39.csv.6jlbp2km.ingestion-544b9ff949-ft4f6.json,500,cf7258fcad0af03c6ef6989527e221be96ff0af2bfbbb000cc9996b2a3fbb361
misty,Misty,4,ambient_rate_mcps,training/misty.measurement_4.csv.6jlbp2ld.ingestion-544b9ff949-rn5s8.json,500,33474c96602b589f585d76fba1b1d1104ebe3f6ccbae6225578efd26b0240800
misty,Misty,4,distance_mm,training/misty.measurement_4.csv.6jlbp2ld.ingestion-544b9ff949-rn5s8.json,500,33474c96602b589f585d76fba1b1d1104ebe3f6ccbae6225578efd26b0240800
misty,Misty,4,sigma_like,training/misty.measurement_4.csv.6jlbp2ld.ingestion-544b9ff949-rn5s8.json,500,33474c96602b589f585d76fba1b1d1104ebe3f6ccbae6225578efd26b0240800
misty,Misty,4,signal_rate_mcps,training/misty.measurement_4.csv.6jlbp2ld.ingestion-544b9ff949-rn5s8.json,500,33474c96602b589f585d76fba1b1d1104ebe3f6ccbae6225578efd26b0240800
misty,Misty,40,ambient_rate_mcps,training/misty.measurement_40.csv.6jlbp2l6.ingestion-544b9ff949-kks7w.json,500,ffe2a68bf8397d0b2dc74af0f97a7f8f354e53a1dc1b63f99ceeb0261a1a7869
misty,Misty,40,distance_mm,training/misty.measurement_40.csv.6jlbp2l6.ingestion-544b9ff949-kks7w.json,500,ffe2a68bf8397d0b2dc74af0f97a7f8f354e53a1dc1b63f99ceeb0261a1a7869
misty,Misty,40,sigma_like,training/misty.measurement_40.csv.6jlbp2l6.ingestion-544b9ff949-kks7w.json,500,ffe2a68bf8397d0b2dc74af0f97a7f8f354e53a1dc1b63f99ceeb0261a1a7869
misty,Misty,40,signal_rate_mcps,training/misty.measurement_40.csv.6jlbp2l6.ingestion-544b9ff949-kks7w.json,500,ffe2a68bf8397d0b2dc74af0f97a7f8f354e53a1dc1b63f99ceeb0261a1a7869
misty,Misty,41,ambient_rate_mcps,training/misty.measurement_41.csv.6jlbp2le.ingestion-544b9ff949-ft4f6.json,500,75cd1ed5c2c5bcdb25f84603d7cd9f6a9600c548ccac4c58ba2907ccfc7529d3
misty,Misty,41,distance_mm,training/misty.measurement_41.csv.6jlbp2le.ingestion-544b9ff949-ft4f6.json,500,75cd1ed5c2c5bcdb25f84603d7cd9f6a9600c548ccac4c58ba2907ccfc7529d3
misty,Misty,41,sigma_like,training/misty.measurement_41.csv.6jlbp2le.ingestion-544b9ff949-ft4f6.json,500,75cd1ed5c2c5bcdb25f84603d7cd9f6a9600c548ccac4c58ba2907ccfc7529d3
misty,Misty,41,signal_rate_mcps,training/misty.measurement_41.csv.6jlbp2le.ingestion-544b9ff949-ft4f6.json,500,75cd1ed5c2c5bcdb25f84603d7cd9f6a9600c548ccac4c58ba2907ccfc7529d3
misty,Misty,42,ambient_rate_mcps,training/misty.measurement_42.csv.6jlbp2ld.ingestion-544b9ff949-rn5s8.json,500,faaf8f69ddaf28d08b12af55bcf9c11b1a7dd8d7842ff5939444869b99d55d64
misty,Misty,42,distance_mm,training/misty.measurement_42.csv.6jlbp2ld.ingestion-544b9ff949-rn5s8.json,500,faaf8f69ddaf28d08b12af55bcf9c11b1a7dd8d7842ff5939444869b99d55d64
misty,Misty,42,sigma_like,training/misty.measurement_42.csv.6jlbp2ld.ingestion-544b9ff949-rn5s8.json,500,faaf8f69ddaf28d08b12af55bcf9c11b1a7dd8d7842ff5939444869b99d55d64
misty,Misty,42,signal_rate_mcps,training/misty.measurement_42.csv.6jlbp2ld.ingestion-544b9ff949-rn5s8.json,500,faaf8f69ddaf28d08b12af55bcf9c11b1a7dd8d7842ff5939444869b99d55d64
misty,Misty,43,ambient_rate_mcps,training/misty.measurement_43.csv.6jlbp2ma.ingestion-544b9ff949-kks7w.json,500,d81f899bfeced6132cec4e102f9d8df3dd593eb82a0886fcbf9d2fdfa40f7610
misty,Misty,43,distance_mm,training/misty.measurement_43.csv.6jlbp2ma.ingestion-544b9ff949-kks7w.json,500,d81f899bfeced6132cec4e102f9d8df3dd593eb82a0886fcbf9d2fdfa40f7610
misty,Misty,43,sigma_like,training/misty.measurement_43.csv.6jlbp2ma.ingestion-544b9ff949-kks7w.json,500,d81f899bfeced6132cec4e102f9d8df3dd593eb82a0886fcbf9d2fdfa40f7610
misty,Misty,43,signal_rate_mcps,training/misty.measurement_43.csv.6jlbp2ma.ingestion-544b9ff949-kks7w.json,500,d81f899bfeced6132cec4e102f9d8df3dd593eb82a0886fcbf9d2fdfa40f7610
misty,Misty,45,ambient_rate_mcps,training/misty.measurement_45.csv.6jlbp2po.ingestion-544b9ff949-rn5s8.json,500,02ad9fa9cffda810b7b2fd262830f11758405b4567f8966fc26ece2cd8bae9be
misty,Misty,45,distance_mm,training/misty.measurement_45.csv.6jlbp2po.ingestion-544b9ff949-rn5s8.json,500,02ad9fa9cffda810b7b2fd262830f11758405b4567f8966fc26ece2cd8bae9be
misty,Misty,45,sigma_like,training/misty.measurement_45.csv.6jlbp2po.ingestion-544b9ff949-rn5s8.json,500,02ad9fa9cffda810b7b2fd262830f11758405b4567f8966fc26ece2cd8bae9be
misty,Misty,45,signal_rate_mcps,training/misty.measurement_45.csv.6jlbp2po.ingestion-544b9ff949-rn5s8.json,500,02ad9fa9cffda810b7b2fd262830f11758405b4567f8966fc26ece2cd8bae9be
misty,Misty,46,ambient_rate_mcps,training/misty.measurement_46.csv.6jlbp2qs.ingestion-544b9ff949-kks7w.json,500,f2bf7c881fd89b30435065a5f0ff431da306b9a015666b8cff07e51731238d59
misty,Misty,46,distance_mm,training/misty.measurement_46.csv.6jlbp2qs.ingestion-544b9ff949-kks7w.json,500,f2bf7c881fd89b30435065a5f0ff431da306b9a015666b8cff07e51731238d59
misty,Misty,46,sigma_like,training/misty.measurement_46.csv.6jlbp2qs.ingestion-544b9ff949-kks7w.json,500,f2bf7c881fd89b30435065a5f0ff431da306b9a015666b8cff07e51731238d59
misty,Misty,46,signal_rate_mcps,training/misty.measurement_46.csv.6jlbp2qs.ingestion-544b9ff949-kks7w.json,500,f2bf7c881fd89b30435065a5f0ff431da306b9a015666b8cff07e51731238d59
misty,Misty,48,ambient_rate_mcps,training/misty.measurement_48.csv.6jlbp2tp.ingestion-544b9ff949-rn5s8.json,500,9adbe2eaf4f5a8485bb46bb1159bc3d43d6438e8f164b47ad71626d97805dfe3
misty,Misty,48,distance_mm,training/misty.measurement_48.csv.6jlbp2tp.ingestion-544b9ff949-rn5s8.json,500,9adbe2eaf4f5a8485bb46bb1159bc3d43d6438e8f164b47ad71626d97805dfe3
misty,Misty,48,sigma_like,training/misty.measurement_48.csv.6jlbp2tp.ingestion-544b9ff949-rn5s8.json,500,9adbe2eaf4f5a8485bb46bb1159bc3d43d6438e8f164b47ad71626d97805dfe3
misty,Misty,48,signal_rate_mcps,training/misty.measurement_48.csv.6jlbp2tp.ingestion-544b9ff949-rn5s8.json,500,9adbe2eaf4f5a8485bb46bb1159bc3d43d6438e8f164b47ad71626d97805dfe3
misty,Misty,49,ambient_rate_mcps,training/misty.measurement_49.csv.6jlbp2ts.ingestion-544b9ff949-kks7w.json,500,cb9c7756e529967a302e3fe28db126fab34921a89d29ba33bebe671ba284cb43
misty,Misty,49,distance_mm,training/misty.measurement_49.csv.6jlbp2ts.ingestion-544b9ff949-kks7w.json,500,cb9c7756e529967a302e3fe28db126fab34921a89d29ba33bebe671ba284cb43
misty,Misty,49,sigma_like,training/misty.measurement_49.csv.6jlbp2ts.ingestion-544b9ff949-kks7w.json,500,cb9c7756e529967a302e3fe28db126fab34921a89d29ba33bebe671ba284cb43
misty,Misty,49,signal_rate_mcps,training/misty.measurement_49.csv.6jlbp2ts.ingestion-544b9ff949-kks7w.json,500,cb9c7756e529967a302e3fe28db126fab34921a89d29ba33bebe671ba284cb43
misty,Misty,5,ambient_rate_mcps,training/misty.measurement_5.csv.6jlbp2u9.ingestion-544b9ff949-ft4f6.json,500,2b5646d44cf7b47d90fe18892e0bb533d5e6cbe10d642cb1e8e2f73da8ff2b04
misty,Misty,5,distance_mm,training/misty.measurement_5.csv.6jlbp2u9.ingestion-544b9ff949-ft4f6.json,500,2b5646d44cf7b47d90fe18892e0bb533d5e6cbe10d642cb1e8e2f73da8ff2b04
misty,Misty,5,sigma_like,training/misty.measurement_5.csv.6jlbp2u9.ingestion-544b9ff949-ft4f6.json,500,2b5646d44cf7b47d90fe18892e0bb533d5e6cbe10d642cb1e8e2f73da8ff2b04
misty,Misty,5,signal_rate_mcps,training/misty.measurement_5.csv.6jlbp2u9.ingestion-544b9ff949-ft4f6.json,500,2b5646d44cf7b47d90fe18892e0bb533d5e6cbe10d642cb1e8e2f73da8ff2b04
misty,Misty,50,ambient_rate_mcps,training/misty.measurement_50.csv.6jlbp2ul.ingestion-544b9ff949-rn5s8.json,500,b10f5dcb47792ea97009ceab907fdbd5b10632873437b2d0836a2ac0fbb9a1f3
misty,Misty,50,distance_mm,training/misty.measurement_50.csv.6jlbp2ul.ingestion-544b9ff949-rn5s8.json,500,b10f5dcb47792ea97009ceab907fdbd5b10632873437b2d0836a2ac0fbb9a1f3
misty,Misty,50,sigma_like,training/misty.measurement_50.csv.6jlbp2ul.ingestion-544b9ff949-rn5s8.json,500,b10f5dcb47792ea97009ceab907fdbd5b10632873437b2d0836a2ac0fbb9a1f3
misty,Misty,50,signal_rate_mcps,training/misty.measurement_50.csv.6jlbp2ul.ingestion-544b9ff949-rn5s8.json,500,b10f5dcb47792ea97009ceab907fdbd5b10632873437b2d0836a2ac0fbb9a1f3
misty,Misty,51,ambient_rate_mcps,training/misty.measurement_51.csv.6jlbp2uv.ingestion-544b9ff949-kks7w.json,500,a6512237766ae8ca481cdbd5503afcac5038297d5a6981bacb5aac79909b99c6
misty,Misty,51,distance_mm,training/misty.measurement_51.csv.6jlbp2uv.ingestion-544b9ff949-kks7w.json,500,a6512237766ae8ca481cdbd5503afcac5038297d5a6981bacb5aac79909b99c6
misty,Misty,51,sigma_like,training/misty.measurement_51.csv.6jlbp2uv.ingestion-544b9ff949-kks7w.json,500,a6512237766ae8ca481cdbd5503afcac5038297d5a6981bacb5aac79909b99c6
misty,Misty,51,signal_rate_mcps,training/misty.measurement_51.csv.6jlbp2uv.ingestion-544b9ff949-kks7w.json,500,a6512237766ae8ca481cdbd5503afcac5038297d5a6981bacb5aac79909b99c6
misty,Misty,52,ambient_rate_mcps,training/misty.measurement_52.csv.6jlbp2v6.ingestion-544b9ff949-ft4f6.json,500,afe2c5157537e89f16bf3f018984965af3c017ccdf1ecb347037b3b6af8c66e9
misty,Misty,52,distance_mm,training/misty.measurement_52.csv.6jlbp2v6.ingestion-544b9ff949-ft4f6.json,500,afe2c5157537e89f16bf3f018984965af3c017ccdf1ecb347037b3b6af8c66e9
misty,Misty,52,sigma_like,training/misty.measurement_52.csv.6jlbp2v6.ingestion-544b9ff949-ft4f6.json,500,afe2c5157537e89f16bf3f018984965af3c017ccdf1ecb347037b3b6af8c66e9
misty,Misty,52,signal_rate_mcps,training/misty.measurement_52.csv.6jlbp2v6.ingestion-544b9ff949-ft4f6.json,500,afe2c5157537e89f16bf3f018984965af3c017ccdf1ecb347037b3b6af8c66e9
misty,Misty,53,ambient_rate_mcps,training/misty.measurement_53.csv.6jlbp2v7.ingestion-544b9ff949-rn5s8.json,500,b8d2c8f16b23b6f2c2baa1bc301312df0560cf9d0984cc8e581a7287a675c8f7
misty,Misty,53,distance_mm,training/misty.measurement_53.csv.6jlbp2v7.ingestion-544b9ff949-rn5s8.json,500,b8d2c8f16b23b6f2c2baa1bc301312df0560cf9d0984cc8e581a7287a675c8f7
misty,Misty,53,sigma_like,training/misty.measurement_53.csv.6jlbp2v7.ingestion-544b9ff949-rn5s8.json,500,b8d2c8f16b23b6f2c2baa1bc301312df0560cf9d0984cc8e581a7287a675c8f7
misty,Misty,53,signal_rate_mcps,training/misty.measurement_53.csv.6jlbp2v7.ingestion-544b9ff949-rn5s8.json,500,b8d2c8f16b23b6f2c2baa1bc301312df0560cf9d0984cc8e581a7287a675c8f7
misty,Misty,54,ambient_rate_mcps,training/misty.measurement_54.csv.6jlbp2vh.ingestion-544b9ff949-kks7w.json,500,b2da50d496e3f25b40ae625b9330bd73998c14b9a049a327d81689327d1cdbf6
misty,Misty,54,distance_mm,training/misty.measurement_54.csv.6jlbp2vh.ingestion-544b9ff949-kks7w.json,500,b2da50d496e3f25b40ae625b9330bd73998c14b9a049a327d81689327d1cdbf6
misty,Misty,54,sigma_like,training/misty.measurement_54.csv.6jlbp2vh.ingestion-544b9ff949-kks7w.json,500,b2da50d496e3f25b40ae625b9330bd73998c14b9a049a327d81689327d1cdbf6
misty,Misty,54,signal_rate_mcps,training/misty.measurement_54.csv.6jlbp2vh.ingestion-544b9ff949-kks7w.json,500,b2da50d496e3f25b40ae625b9330bd73998c14b9a049a327d81689327d1cdbf6
misty,Misty,55,ambient_rate_mcps,training/misty.measurement_55.csv.6jlbp2vc.ingestion-544b9ff949-ft4f6.json,500,e3bcccbff0648a76234da0526c30448c6efe3f54a8f6045c481fbe5a76e503e8
misty,Misty,55,distance_mm,training/misty.measurement_55.csv.6jlbp2vc.ingestion-544b9ff949-ft4f6.json,500,e3bcccbff0648a76234da0526c30448c6efe3f54a8f6045c481fbe5a76e503e8
misty,Misty,55,sigma_like,training/misty.measurement_55.csv.6jlbp2vc.ingestion-544b9ff949-ft4f6.json,500,e3bcccbff0648a76234da0526c30448c6efe3f54a8f6045c481fbe5a76e503e8
misty,Misty,55,signal_rate_mcps,training/misty.measurement_55.csv.6jlbp2vc.ingestion-544b9ff949-ft4f6.json,500,e3bcccbff0648a76234da0526c30448c6efe3f54a8f6045c481fbe5a76e503e8
misty,Misty,57,ambient_rate_mcps,training/misty.measurement_57.csv.6jlbp306.ingestion-544b9ff949-kks7w.json,500,1b36a7b269f834f32c71d43ec86c5201ec44155924272d72ee7168fcce3c65b5
misty,Misty,57,distance_mm,training/misty.measurement_57.csv.6jlbp306.ingestion-544b9ff949-kks7w.json,500,1b36a7b269f834f32c71d43ec86c5201ec44155924272d72ee7168fcce3c65b5
misty,Misty,57,sigma_like,training/misty.measurement_57.csv.6jlbp306.ingestion-544b9ff949-kks7w.json,500,1b36a7b269f834f32c71d43ec86c5201ec44155924272d72ee7168fcce3c65b5
misty,Misty,57,signal_rate_mcps,training/misty.measurement_57.csv.6jlbp306.ingestion-544b9ff949-kks7w.json,500,1b36a7b269f834f32c71d43ec86c5201ec44155924272d72ee7168fcce3c65b5
misty,Misty,59,ambient_rate_mcps,training/misty.measurement_59.csv.6jlbp2vl.ingestion-544b9ff949-rn5s8.json,500,60d42bbce008793aeeb3677d91eee26983a26ee0dccba6d8351d1eb4d76f525b
misty,Misty,59,distance_mm,training/misty.measurement_59.csv.6jlbp2vl.ingestion-544b9ff949-rn5s8.json,500,60d42bbce008793aeeb3677d91eee26983a26ee0dccba6d8351d1eb4d76f525b
misty,Misty,59,sigma_like,training/misty.measurement_59.csv.6jlbp2vl.ingestion-544b9ff949-rn5s8.json,500,60d42bbce008793aeeb3677d91eee26983a26ee0dccba6d8351d1eb4d76f525b
misty,Misty,59,signal_rate_mcps,training/misty.measurement_59.csv.6jlbp2vl.ingestion-544b9ff949-rn5s8.json,500,60d42bbce008793aeeb3677d91eee26983a26ee0dccba6d8351d1eb4d76f525b
misty,Misty,60,ambient_rate_mcps,training/misty.measurement_60.csv.6jlbp308.ingestion-544b9ff949-ft4f6.json,500,9f65172c877c59c917cea2c594bc872ae94228773c22be470ac5ad5e1695dea9
misty,Misty,60,distance_mm,training/misty.measurement_60.csv.6jlbp308.ingestion-544b9ff949-ft4f6.json,500,9f65172c877c59c917cea2c594bc872ae94228773c22be470ac5ad5e1695dea9
misty,Misty,60,sigma_like,training/misty.measurement_60.csv.6jlbp308.ingestion-544b9ff949-ft4f6.json,500,9f65172c877c59c917cea2c594bc872ae94228773c22be470ac5ad5e1695dea9
misty,Misty,60,signal_rate_mcps,training/misty.measurement_60.csv.6jlbp308.ingestion-544b9ff949-ft4f6.json,500,9f65172c877c59c917cea2c594bc872ae94228773c22be470ac5ad5e1695dea9
misty,Misty,61,ambient_rate_mcps,training/misty.measurement_61.csv.6jlbp30e.ingestion-544b9ff949-rn5s8.json,500,95371e066938872242bedad5aa7788db626fbb7e2a304792bab4a537a78758c3
misty,Misty,61,distance_mm,training/misty.measurement_61.csv.6jlbp30e.ingestion-544b9ff949-rn5s8.json,500,95371e066938872242bedad5aa7788db626fbb7e2a304792bab4a537a78758c3
misty,Misty,61,sigma_like,training/misty.measurement_61.csv.6jlbp30e.ingestion-544b9ff949-rn5s8.json,500,95371e066938872242bedad5aa7788db626fbb7e2a304792bab4a537a78758c3
misty,Misty,61,signal_rate_mcps,training/misty.measurement_61.csv.6jlbp30e.ingestion-544b9ff949-rn5s8.json,500,95371e066938872242bedad5aa7788db626fbb7e2a304792bab4a537a78758c3
misty,Misty,62,ambient_rate_mcps,training/misty.measurement_62.csv.6jlbp30s.ingestion-544b9ff949-kks7w.json,500,8644705cee2c81d6226a8f637c659b7726407e843927d61d72a338f216ceac0f
misty,Misty,62,distance_mm,training/misty.measurement_62.csv.6jlbp30s.ingestion-544b9ff949-kks7w.json,500,8644705cee2c81d6226a8f637c659b7726407e843927d61d72a338f216ceac0f
misty,Misty,62,sigma_like,training/misty.measurement_62.csv.6jlbp30s.ingestion-544b9ff949-kks7w.json,500,8644705cee2c81d6226a8f637c659b7726407e843927d61d72a338f216ceac0f
misty,Misty,62,signal_rate_mcps,training/misty.measurement_62.csv.6jlbp30s.ingestion-544b9ff949-kks7w.json,500,8644705cee2c81d6226a8f637c659b7726407e843927d61d72a338f216ceac0f
misty,Misty,63,ambient_rate_mcps,training/misty.measurement_63.csv.6jlbp34q.ingestion-544b9ff949-ft4f6.json,500,a2b43334f1093da682b290c1e41742c578ad5bf6361262c283d6c58e767ec0da
misty,Misty,63,distance_mm,training/misty.measurement_63.csv.6jlbp34q.ingestion-544b9ff949-ft4f6.json,500,a2b43334f1093da682b290c1e41742c578ad5bf6361262c283d6c58e767ec0da
misty,Misty,63,sigma_like,training/misty.measurement_63.csv.6jlbp34q.ingestion-544b9ff949-ft4f6.json,500,a2b43334f1093da682b290c1e41742c578ad5bf6361262c283d6c58e767ec0da
misty,Misty,63,signal_rate_mcps,training/misty.measurement_63.csv.6jlbp34q.ingestion-544b9ff949-ft4f6.json,500,a2b43334f1093da682b290c1e41742c578ad5bf6361262c283d6c58e767ec0da
misty,Misty,64,ambient_rate_mcps,training/misty.measurement_64.csv.6jlbp34s.ingestion-544b9ff949-rn5s8.json,500,9d5078df21be08721b532c9fae785d932ff603c06ccb68b049f34acf1660313a
misty,Misty,64,distance_mm,training/misty.measurement_64.csv.6jlbp34s.ingestion-544b9ff949-rn5s8.json,500,9d5078df21be08721b532c9fae785d932ff603c06ccb68b049f34acf1660313a
misty,Misty,64,sigma_like,training/misty.measurement_64.csv.6jlbp34s.ingestion-544b9ff949-rn5s8.json,500,9d5078df21be08721b532c9fae785d932ff603c06ccb68b049f34acf1660313a
misty,Misty,64,signal_rate_mcps,training/misty.measurement_64.csv.6jlbp34s.ingestion-544b9ff949-rn5s8.json,500,9d5078df21be08721b532c9fae785d932ff603c06ccb68b049f34acf1660313a
misty,Misty,65,ambient_rate_mcps,training/misty.measurement_65.csv.6jlbp38d.ingestion-544b9ff949-kks7w.json,500,c55fb235e7add6ae58ac3b205a1a2a0a33cd5a3ee28dad83f7ac414448794496
misty,Misty,65,distance_mm,training/misty.measurement_65.csv.6jlbp38d.ingestion-544b9ff949-kks7w.json,500,c55fb235e7add6ae58ac3b205a1a2a0a33cd5a3ee28dad83f7ac414448794496
misty,Misty,65,sigma_like,training/misty.measurement_65.csv.6jlbp38d.ingestion-544b9ff949-kks7w.json,500,c55fb235e7add6ae58ac3b205a1a2a0a33cd5a3ee28dad83f7ac414448794496
misty,Misty,65,signal_rate_mcps,training/misty.measurement_65.csv.6jlbp38d.ingestion-544b9ff949-kks7w.json,500,c55fb235e7add6ae58ac3b205a1a2a0a33cd5a3ee28dad83f7ac414448794496
misty,Misty,67,ambient_rate_mcps,training/misty.measurement_67.csv.6jlbp390.ingestion-544b9ff949-rn5s8.json,500,7f8c3036b8659e3ab2db4aa0ed1c5d3a93fafa7812bda654e668b31d6235da04
misty,Misty,67,distance_mm,training/misty.measurement_67.csv.6jlbp390.ingestion-544b9ff949-rn5s8.json,500,7f8c3036b8659e3ab2db4aa0ed1c5d3a93fafa7812bda654e668b31d6235da04
misty,Misty,67,sigma_like,training/misty.measurement_67.csv.6jlbp390.ingestion-544b9ff949-rn5s8.json,500,7f8c3036b8659e3ab2db4aa0ed1c5d3a93fafa7812bda654e668b31d6235da04
misty,Misty,67,signal_rate_mcps,training/misty.measurement_67.csv.6jlbp390.ingestion-544b9ff949-rn5s8.json,500,7f8c3036b8659e3ab2db4aa0ed1c5d3a93fafa7812bda654e668b31d6235da04
misty,Misty,68,ambient_rate_mcps,training/misty.measurement_68.csv.6jlbp39c.ingestion-544b9ff949-kks7w.json,500,5e90dcf4ca299079c1876f5b857a3409d2f77853673221ad366d64868662bb13
misty,Misty,68,distance_mm,training/misty.measurement_68.csv.6jlbp39c.ingestion-544b9ff949-kks7w.json,500,5e90dcf4ca299079c1876f5b857a3409d2f77853673221ad366d64868662bb13
misty,Misty,68,sigma_like,training/misty.measurement_68.csv.6jlbp39c.ingestion-544b9ff949-kks7w.json,500,5e90dcf4ca299079c1876f5b857a3409d2f77853673221ad366d64868662bb13
misty,Misty,68,signal_rate_mcps,training/misty.measurement_68.csv.6jlbp39c.ingestion-544b9ff949-kks7w.json,500,5e90dcf4ca299079c1876f5b857a3409d2f77853673221ad366d64868662bb13
misty,Misty,7,ambient_rate_mcps,training/misty.measurement_7.csv.6jlbp39m.ingestion-544b9ff949-rn5s8.json,500,d2e6daf8f2102d3c21fe708fc189d8c43b0bba3572078f8186a121d493ac82ba
misty,Misty,7,distance_mm,training/misty.measurement_7.csv.6jlbp39m.ingestion-544b9ff949-rn5s8.json,500,d2e6daf8f2102d3c21fe708fc189d8c43b0bba3572078f8186a121d493ac82ba
misty,Misty,7,sigma_like,training/misty.measurement_7.csv.6jlbp39m.ingestion-544b9ff949-rn5s8.json,500,d2e6daf8f2102d3c21fe708fc189d8c43b0bba3572078f8186a121d493ac82ba
misty,Misty,7,signal_rate_mcps,training/misty.measurement_7.csv.6jlbp39m.ingestion-544b9ff949-rn5s8.json,500,d2e6daf8f2102d3c21fe708fc189d8c43b0bba3572078f8186a121d493ac82ba
misty,Misty,70,ambient_rate_mcps,training/misty.measurement_70.csv.6jlbp3a4.ingestion-544b9ff949-kks7w.json,500,e45279488d0b116fc173ea1b47929bad1e7424acc323f80d797701a79db5431d
misty,Misty,70,distance_mm,training/misty.measurement_70.csv.6jlbp3a4.ingestion-544b9ff949-kks7w.json,500,e45279488d0b116fc173ea1b47929bad1e7424acc323f80d797701a79db5431d
misty,Misty,70,sigma_like,training/misty.measurement_70.csv.6jlbp3a4.ingestion-544b9ff949-kks7w.json,500,e45279488d0b116fc173ea1b47929bad1e7424acc323f80d797701a79db5431d
misty,Misty,70,signal_rate_mcps,training/misty.measurement_70.csv.6jlbp3a4.ingestion-544b9ff949-kks7w.json,500,e45279488d0b116fc173ea1b47929bad1e7424acc323f80d797701a79db5431d
misty,Misty,71,ambient_rate_mcps,training/misty.measurement_71.csv.6jlbp3aa.ingestion-544b9ff949-ft4f6.json,500,a89cce66bd95a3b8eca30c41729a3042b21acb98e09c15e0037dc85113319100
misty,Misty,71,distance_mm,training/misty.measurement_71.csv.6jlbp3aa.ingestion-544b9ff949-ft4f6.json,500,a89cce66bd95a3b8eca30c41729a3042b21acb98e09c15e0037dc85113319100
misty,Misty,71,sigma_like,training/misty.measurement_71.csv.6jlbp3aa.ingestion-544b9ff949-ft4f6.json,500,a89cce66bd95a3b8eca30c41729a3042b21acb98e09c15e0037dc85113319100
misty,Misty,71,signal_rate_mcps,training/misty.measurement_71.csv.6jlbp3aa.ingestion-544b9ff949-ft4f6.json,500,a89cce66bd95a3b8eca30c41729a3042b21acb98e09c15e0037dc85113319100
misty,Misty,73,ambient_rate_mcps,training/misty.measurement_73.csv.6jlbp3av.ingestion-544b9ff949-kks7w.json,500,debcc815122a968af065bf82dc7e26681e19dc41305107d327363e104021fdbf
misty,Misty,73,distance_mm,training/misty.measurement_73.csv.6jlbp3av.ingestion-544b9ff949-kks7w.json,500,debcc815122a968af065bf82dc7e26681e19dc41305107d327363e104021fdbf
misty,Misty,73,sigma_like,training/misty.measurement_73.csv.6jlbp3av.ingestion-544b9ff949-kks7w.json,500,debcc815122a968af065bf82dc7e26681e19dc41305107d327363e104021fdbf
misty,Misty,73,signal_rate_mcps,training/misty.measurement_73.csv.6jlbp3av.ingestion-544b9ff949-kks7w.json,500,debcc815122a968af065bf82dc7e26681e19dc41305107d327363e104021fdbf
misty,Misty,74,ambient_rate_mcps,training/misty.measurement_74.csv.6jlbp3b1.ingestion-544b9ff949-ft4f6.json,500,0200ee5795f3995a71cd229b1e4c93e238ed3a95f5606451b05b65c29779a02f
misty,Misty,74,distance_mm,training/misty.measurement_74.csv.6jlbp3b1.ingestion-544b9ff949-ft4f6.json,500,0200ee5795f3995a71cd229b1e4c93e238ed3a95f5606451b05b65c29779a02f
misty,Misty,74,sigma_like,training/misty.measurement_74.csv.6jlbp3b1.ingestion-544b9ff949-ft4f6.json,500,0200ee5795f3995a71cd229b1e4c93e238ed3a95f5606451b05b65c29779a02f
misty,Misty,74,signal_rate_mcps,training/misty.measurement_74.csv.6jlbp3b1.ingestion-544b9ff949-ft4f6.json,500,0200ee5795f3995a71cd229b1e4c93e238ed3a95f5606451b05b65c29779a02f
misty,Misty,75,ambient_rate_mcps,training/misty.measurement_75.csv.6jlbp3bl.ingestion-544b9ff949-rn5s8.json,500,0617b78805a78558e31dd858f4470f9d2ef558b5159e844876271e74d6a71a21
misty,Misty,75,distance_mm,training/misty.measurement_75.csv.6jlbp3bl.ingestion-544b9ff949-rn5s8.json,500,0617b78805a78558e31dd858f4470f9d2ef558b5159e844876271e74d6a71a21
misty,Misty,75,sigma_like,training/misty.measurement_75.csv.6jlbp3bl.ingestion-544b9ff949-rn5s8.json,500,0617b78805a78558e31dd858f4470f9d2ef558b5159e844876271e74d6a71a21
misty,Misty,75,signal_rate_mcps,training/misty.measurement_75.csv.6jlbp3bl.ingestion-544b9ff949-rn5s8.json,500,0617b78805a78558e31dd858f4470f9d2ef558b5159e844876271e74d6a71a21
misty,Misty,76,ambient_rate_mcps,training/misty.measurement_76.csv.6jlbp3bb.ingestion-544b9ff949-kks7w.json,500,d1313f984865196109af5bd4ea39f8b84906cee16b27e64e3ef042a204377e59
misty,Misty,76,distance_mm,training/misty.measurement_76.csv.6jlbp3bb.ingestion-544b9ff949-kks7w.json,500,d1313f984865196109af5bd4ea39f8b84906cee16b27e64e3ef042a204377e59
misty,Misty,76,sigma_like,training/misty.measurement_76.csv.6jlbp3bb.ingestion-544b9ff949-kks7w.json,500,d1313f984865196109af5bd4ea39f8b84906cee16b27e64e3ef042a204377e59
misty,Misty,76,signal_rate_mcps,training/misty.measurement_76.csv.6jlbp3bb.ingestion-544b9ff949-kks7w.json,500,d1313f984865196109af5bd4ea39f8b84906cee16b27e64e3ef042a204377e59
misty,Misty,77,ambient_rate_mcps,training/misty.measurement_77.csv.6jlbp3bk.ingestion-544b9ff949-ft4f6.json,500,5e4af546a2182f5ee584508da8b000262f9123594014ee5ea803bd7c1cd0cd56
misty,Misty,77,distance_mm,training/misty.measurement_77.csv.6jlbp3bk.ingestion-544b9ff949-ft4f6.json,500,5e4af546a2182f5ee584508da8b000262f9123594014ee5ea803bd7c1cd0cd56
misty,Misty,77,sigma_like,training/misty.measurement_77.csv.6jlbp3bk.ingestion-544b9ff949-ft4f6.json,500,5e4af546a2182f5ee584508da8b000262f9123594014ee5ea803bd7c1cd0cd56
misty,Misty,77,signal_rate_mcps,training/misty.measurement_77.csv.6jlbp3bk.ingestion-544b9ff949-ft4f6.json,500,5e4af546a2182f5ee584508da8b000262f9123594014ee5ea803bd7c1cd0cd56
misty,Misty,79,ambient_rate_mcps,training/misty.measurement_79.csv.6jlbp3bl.ingestion-544b9ff949-ft4f6.json,500,3cd78f3a2dd6fd6e655c5eba01d6c082cf6285d1dd78e9e68fba057d7fe63710
misty,Misty,79,distance_mm,training/misty.measurement_79.csv.6jlbp3bl.ingestion-544b9ff949-ft4f6.json,500,3cd78f3a2dd6fd6e655c5eba01d6c082cf6285d1dd78e9e68fba057d7fe63710
misty,Misty,79,sigma_like,training/misty.measurement_79.csv.6jlbp3bl.ingestion-544b9ff949-ft4f6.json,500,3cd78f3a2dd6fd6e655c5eba01d6c082cf6285d1dd78e9e68fba057d7fe63710
misty,Misty,79,signal_rate_mcps,training/misty.measurement_79.csv.6jlbp3bl.ingestion-544b9ff949-ft4f6.json,500,3cd78f3a2dd6fd6e655c5eba01d6c082cf6285d1dd78e9e68fba057d7fe63710
misty,Misty,8,ambient_rate_mcps,training/misty.measurement_8.csv.6jlbp3bh.ingestion-544b9ff949-kks7w.json,500,f1994ba6d991567c3d38fcf568be7c9ac4a2d9b2f9471e7144c1a3c20904d5c0
misty,Misty,8,distance_mm,training/misty.measurement_8.csv.6jlbp3bh.ingestion-544b9ff949-kks7w.json,500,f1994ba6d991567c3d38fcf568be7c9ac4a2d9b2f9471e7144c1a3c20904d5c0
misty,Misty,8,sigma_like,training/misty.measurement_8.csv.6jlbp3bh.ingestion-544b9ff949-kks7w.json,500,f1994ba6d991567c3d38fcf568be7c9ac4a2d9b2f9471e7144c1a3c20904d5c0
misty,Misty,8,signal_rate_mcps,training/misty.measurement_8.csv.6jlbp3bh.ingestion-544b9ff949-kks7w.json,500,f1994ba6d991567c3d38fcf568be7c9ac4a2d9b2f9471e7144c1a3c20904d5c0
misty,Misty,80,ambient_rate_mcps,training/misty.measurement_80.csv.6jlbp3bs.ingestion-544b9ff949-rn5s8.json,500,2052de471f9309a74d9b50000f9a4ce3af4899242d12805e0289052c8934e5da
misty,Misty,80,distance_mm,training/misty.measurement_80.csv.6jlbp3bs.ingestion-544b9ff949-rn5s8.json,500,2052de471f9309a74d9b50000f9a4ce3af4899242d12805e0289052c8934e5da
misty,Misty,80,sigma_like,training/misty.measurement_80.csv.6jlbp3bs.ingestion-544b9ff949-rn5s8.json,500,2052de471f9309a74d9b50000f9a4ce3af4899242d12805e0289052c8934e5da
misty,Misty,80,signal_rate_mcps,training/misty.measurement_80.csv.6jlbp3bs.ingestion-544b9ff949-rn5s8.json,500,2052de471f9309a74d9b50000f9a4ce3af4899242d12805e0289052c8934e5da
misty,Misty,81,ambient_rate_mcps,training/misty.measurement_81.csv.6jlbp3el.ingestion-544b9ff949-kks7w.json,500,a237468e70670c10ad19b1bd086ffd25a22cf5c3d017c7f41091cd2729846f36
misty,Misty,81,distance_mm,training/misty.measurement_81.csv.6jlbp3el.ingestion-544b9ff949-kks7w.json,500,a237468e70670c10ad19b1bd086ffd25a22cf5c3d017c7f41091cd2729846f36
misty,Misty,81,sigma_like,training/misty.measurement_81.csv.6jlbp3el.ingestion-544b9ff949-kks7w.json,500,a237468e70670c10ad19b1bd086ffd25a22cf5c3d017c7f41091cd2729846f36
misty,Misty,81,signal_rate_mcps,training/misty.measurement_81.csv.6jlbp3el.ingestion-544b9ff949-kks7w.json,500,a237468e70670c10ad19b1bd086ffd25a22cf5c3d017c7f41091cd2729846f36
misty,Misty,82,ambient_rate_mcps,training/misty.measurement_82.csv.6jlbp3g0.ingestion-544b9ff949-ft4f6.json,500,c7188b13f91825c2b4c716df5f559f1d4ce4bace7b8b9d9534864c41d295b2a7
misty,Misty,82,distance_mm,training/misty.measurement_82.csv.6jlbp3g0.ingestion-544b9ff949-ft4f6.json,500,c7188b13f91825c2b4c716df5f559f1d4ce4bace7b8b9d9534864c41d295b2a7
misty,Misty,82,sigma_like,training/misty.measurement_82.csv.6jlbp3g0.ingestion-544b9ff949-ft4f6.json,500,c7188b13f91825c2b4c716df5f559f1d4ce4bace7b8b9d9534864c41d295b2a7
misty,Misty,82,signal_rate_mcps,training/misty.measurement_82.csv.6jlbp3g0.ingestion-544b9ff949-ft4f6.json,500,c7188b13f91825c2b4c716df5f559f1d4ce4bace7b8b9d9534864c41d295b2a7
misty,Misty,84,ambient_rate_mcps,training/misty.measurement_84.csv.6jlbp3jv.ingestion-544b9ff949-kks7w.json,500,4dc55f9633cf3fd283e646febf66cffffc3d829dc94a32b6e64056467e9cb623
misty,Misty,84,distance_mm,training/misty.measurement_84.csv.6jlbp3jv.ingestion-544b9ff949-kks7w.json,500,4dc55f9633cf3fd283e646febf66cffffc3d829dc94a32b6e64056467e9cb623
misty,Misty,84,sigma_like,training/misty.measurement_84.csv.6jlbp3jv.ingestion-544b9ff949-kks7w.json,500,4dc55f9633cf3fd283e646febf66cffffc3d829dc94a32b6e64056467e9cb623
misty,Misty,84,signal_rate_mcps,training/misty.measurement_84.csv.6jlbp3jv.ingestion-544b9ff949-kks7w.json,500,4dc55f9633cf3fd283e646febf66cffffc3d829dc94a32b6e64056467e9cb623
misty,Misty,85,ambient_rate_mcps,training/misty.measurement_85.csv.6jlbp3k0.ingestion-544b9ff949-ft4f6.json,500,10f4d4c377c329908216b01b2885f67806bddadde397a557e063037d458c0789
misty,Misty,85,distance_mm,training/misty.measurement_85.csv.6jlbp3k0.ingestion-544b9ff949-ft4f6.json,500,10f4d4c377c329908216b01b2885f67806bddadde397a557e063037d458c0789
misty,Misty,85,sigma_like,training/misty.measurement_85.csv.6jlbp3k0.ingestion-544b9ff949-ft4f6.json,500,10f4d4c377c329908216b01b2885f67806bddadde397a557e063037d458c0789
misty,Misty,85,signal_rate_mcps,training/misty.measurement_85.csv.6jlbp3k0.ingestion-544b9ff949-ft4f6.json,500,10f4d4c377c329908216b01b2885f67806bddadde397a557e063037d458c0789
misty,Misty,86,ambient_rate_mcps,training/misty.measurement_86.csv.6jlbp3jr.ingestion-544b9ff949-rn5s8.json,500,be2bf7f0a02fe3ba9ab5d333101fde2fb5794f3b92feb0a526ddf071f5566c2b
misty,Misty,86,distance_mm,training/misty.measurement_86.csv.6jlbp3jr.ingestion-544b9ff949-rn5s8.json,500,be2bf7f0a02fe3ba9ab5d333101fde2fb5794f3b92feb0a526ddf071f5566c2b
misty,Misty,86,sigma_like,training/misty.measurement_86.csv.6jlbp3jr.ingestion-544b9ff949-rn5s8.json,500,be2bf7f0a02fe3ba9ab5d333101fde2fb5794f3b92feb0a526ddf071f5566c2b
misty,Misty,86,signal_rate_mcps,training/misty.measurement_86.csv.6jlbp3jr.ingestion-544b9ff949-rn5s8.json,500,be2bf7f0a02fe3ba9ab5d333101fde2fb5794f3b92feb0a526ddf071f5566c2b
misty,Misty,87,ambient_rate_mcps,training/misty.measurement_87.csv.6jlbp3k5.ingestion-544b9ff949-kks7w.json,500,04b21322c16213d07b8954806d1afb64feb8f2956e15938a064daf0159ff3892
misty,Misty,87,distance_mm,training/misty.measurement_87.csv.6jlbp3k5.ingestion-544b9ff949-kks7w.json,500,04b21322c16213d07b8954806d1afb64feb8f2956e15938a064daf0159ff3892
misty,Misty,87,sigma_like,training/misty.measurement_87.csv.6jlbp3k5.ingestion-544b9ff949-kks7w.json,500,04b21322c16213d07b8954806d1afb64feb8f2956e15938a064daf0159ff3892
misty,Misty,87,signal_rate_mcps,training/misty.measurement_87.csv.6jlbp3k5.ingestion-544b9ff949-kks7w.json,500,04b21322c16213d07b8954806d1afb64feb8f2956e15938a064daf0159ff3892
misty,Misty,88,ambient_rate_mcps,training/misty.measurement_88.csv.6jlbp3ki.ingestion-544b9ff949-ft4f6.json,500,9f98adaa33310f0758f53bb4fb0cbece496da8fd973ee4b53a785d88145c4047
misty,Misty,88,distance_mm,training/misty.measurement_88.csv.6jlbp3ki.ingestion-544b9ff949-ft4f6.json,500,9f98adaa33310f0758f53bb4fb0cbece496da8fd973ee4b53a785d88145c4047
misty,Misty,88,sigma_like,training/misty.measurement_88.csv.6jlbp3ki.ingestion-544b9ff949-ft4f6.json,500,9f98adaa33310f0758f53bb4fb0cbece496da8fd973ee4b53a785d88145c4047
misty,Misty,88,signal_rate_mcps,training/misty.measurement_88.csv.6jlbp3ki.ingestion-544b9ff949-ft4f6.json,500,9f98adaa33310f0758f53bb4fb0cbece496da8fd973ee4b53a785d88145c4047
misty,Misty,89,ambient_rate_mcps,training/misty.measurement_89.csv.6jlbp3kl.ingestion-544b9ff949-rn5s8.json,500,2b1942933562dc9600f43f467a1b75500c0d6c0ca4c751f34add9af29e733004
misty,Misty,89,distance_mm,training/misty.measurement_89.csv.6jlbp3kl.ingestion-544b9ff949-rn5s8.json,500,2b1942933562dc9600f43f467a1b75500c0d6c0ca4c751f34add9af29e733004
misty,Misty,89,sigma_like,training/misty.measurement_89.csv.6jlbp3kl.ingestion-544b9ff949-rn5s8.json,500,2b1942933562dc9600f43f467a1b75500c0d6c0ca4c751f34add9af29e733004
misty,Misty,89,signal_rate_mcps,training/misty.measurement_89.csv.6jlbp3kl.ingestion-544b9ff949-rn5s8.json,500,2b1942933562dc9600f43f467a1b75500c0d6c0ca4c751f34add9af29e733004
misty,Misty,90,ambient_rate_mcps,training/misty.measurement_90.csv.6jlbp3lc.ingestion-544b9ff949-ft4f6.json,500,fd99f19b2fb6c8fff4278a357abace87b109db76bbe820670a729b71ae36e7e4
misty,Misty,90,distance_mm,training/misty.measurement_90.csv.6jlbp3lc.ingestion-544b9ff949-ft4f6.json,500,fd99f19b2fb6c8fff4278a357abace87b109db76bbe820670a729b71ae36e7e4
misty,Misty,90,sigma_like,training/misty.measurement_90.csv.6jlbp3lc.ingestion-544b9ff949-ft4f6.json,500,fd99f19b2fb6c8fff4278a357abace87b109db76bbe820670a729b71ae36e7e4
misty,Misty,90,signal_rate_mcps,training/misty.measurement_90.csv.6jlbp3lc.ingestion-544b9ff949-ft4f6.json,500,fd99f19b2fb6c8fff4278a357abace87b109db76bbe820670a729b71ae36e7e4
misty,Misty,91,ambient_rate_mcps,training/misty.measurement_91.csv.6jlbp3lp.ingestion-544b9ff949-rn5s8.json,500,baf2ad4029ca390152b9c8fab8f64bbdea426657e29423002160a20feeb52f04
misty,Misty,91,distance_mm,training/misty.measurement_91.csv.6jlbp3lp.ingestion-544b9ff949-rn5s8.json,500,baf2ad4029ca390152b9c8fab8f64bbdea426657e29423002160a20feeb52f04
misty,Misty,91,sigma_like,training/misty.measurement_91.csv.6jlbp3lp.ingestion-544b9ff949-rn5s8.json,500,baf2ad4029ca390152b9c8fab8f64bbdea426657e29423002160a20feeb52f04
misty,Misty,91,signal_rate_mcps,training/misty.measurement_91.csv.6jlbp3lp.ingestion-544b9ff949-rn5s8.json,500,baf2ad4029ca390152b9c8fab8f64bbdea426657e29423002160a20feeb52f04
misty,Misty,92,ambient_rate_mcps,training/misty.measurement_92.csv.6jlbp3ld.ingestion-544b9ff949-kks7w.json,500,e303788e8ecc77cdf079c0d5c6f2b54acc7318ed7a5867ebe49600ceee18d804
misty,Misty,92,distance_mm,training/misty.measurement_92.csv.6jlbp3ld.ingestion-544b9ff949-kks7w.json,500,e303788e8ecc77cdf079c0d5c6f2b54acc7318ed7a5867ebe49600ceee18d804
misty,Misty,92,sigma_like,training/misty.measurement_92.csv.6jlbp3ld.ingestion-544b9ff949-kks7w.json,500,e303788e8ecc77cdf079c0d5c6f2b54acc7318ed7a5867ebe49600ceee18d804
misty,Misty,92,signal_rate_mcps,training/misty.measurement_92.csv.6jlbp3ld.ingestion-544b9ff949-kks7w.json,500,e303788e8ecc77cdf079c0d5c6f2b54acc7318ed7a5867ebe49600ceee18d804
misty,Misty,94,ambient_rate_mcps,training/misty.measurement_94.csv.6jlbp3m1.ingestion-544b9ff949-rn5s8.json,500,ab0c89753f9d54780a0e4524b50ae87ebf0e17229e14d725f07b87f7f597c6c1
misty,Misty,94,distance_mm,training/misty.measurement_94.csv.6jlbp3m1.ingestion-544b9ff949-rn5s8.json,500,ab0c89753f9d54780a0e4524b50ae87ebf0e17229e14d725f07b87f7f597c6c1
misty,Misty,94,sigma_like,training/misty.measurement_94.csv.6jlbp3m1.ingestion-544b9ff949-rn5s8.json,500,ab0c89753f9d54780a0e4524b50ae87ebf0e17229e14d725f07b87f7f597c6c1
misty,Misty,94,signal_rate_mcps,training/misty.measurement_94.csv.6jlbp3m1.ingestion-544b9ff949-rn5s8.json,500,ab0c89753f9d54780a0e4524b50ae87ebf0e17229e14d725f07b87f7f597c6c1
misty,Misty,95,ambient_rate_mcps,training/misty.measurement_95.csv.6jlbp3ln.ingestion-544b9ff949-kks7w.json,500,6c0d6717ee10064736029607cc62dee93ad6697f7b0f6dc42b31e9ab60789b8f
misty,Misty,95,distance_mm,training/misty.measurement_95.csv.6jlbp3ln.ingestion-544b9ff949-kks7w.json,500,6c0d6717ee10064736029607cc62dee93ad6697f7b0f6dc42b31e9ab60789b8f
misty,Misty,95,sigma_like,training/misty.measurement_95.csv.6jlbp3ln.ingestion-544b9ff949-kks7w.json,500,6c0d6717ee10064736029607cc62dee93ad6697f7b0f6dc42b31e9ab60789b8f
misty,Misty,95,signal_rate_mcps,training/misty.measurement_95.csv.6jlbp3ln.ingestion-544b9ff949-kks7w.json,500,6c0d6717ee10064736029607cc62dee93ad6697f7b0f6dc42b31e9ab60789b8f
misty,Misty,96,ambient_rate_mcps,training/misty.measurement_96.csv.6jlbp3lp.ingestion-544b9ff949-ft4f6.json,500,2d018979dcadfe088a37c8e3cd2871efa4f01b0def2816aa1f7d2501a33f5c5f
misty,Misty,96,distance_mm,training/misty.measurement_96.csv.6jlbp3lp.ingestion-544b9ff949-ft4f6.json,500,2d018979dcadfe088a37c8e3cd2871efa4f01b0def2816aa1f7d2501a33f5c5f
misty,Misty,96,sigma_like,training/misty.measurement_96.csv.6jlbp3lp.ingestion-544b9ff949-ft4f6.json,500,2d018979dcadfe088a37c8e3cd2871efa4f01b0def2816aa1f7d2501a33f5c5f
misty,Misty,96,signal_rate_mcps,training/misty.measurement_96.csv.6jlbp3lp.ingestion-544b9ff949-ft4f6.json,500,2d018979dcadfe088a37c8e3cd2871efa4f01b0def2816aa1f7d2501a33f5c5f
misty,Misty,97,ambient_rate_mcps,training/misty.measurement_97.csv.6jlbp3m6.ingestion-544b9ff949-rn5s8.json,500,f8dce695183a31aaf82e61fac82b8f3ae41c672d195f8a77987b510387a21d44
misty,Misty,97,distance_mm,training/misty.measurement_97.csv.6jlbp3m6.ingestion-544b9ff949-rn5s8.json,500,f8dce695183a31aaf82e61fac82b8f3ae41c672d195f8a77987b510387a21d44
misty,Misty,97,sigma_like,training/misty.measurement_97.csv.6jlbp3m6.ingestion-544b9ff949-rn5s8.json,500,f8dce695183a31aaf82e61fac82b8f3ae41c672d195f8a77987b510387a21d44
misty,Misty,97,signal_rate_mcps,training/misty.measurement_97.csv.6jlbp3m6.ingestion-544b9ff949-rn5s8.json,500,f8dce695183a31aaf82e61fac82b8f3ae41c672d195f8a77987b510387a21d44
misty,Misty,99,ambient_rate_mcps,training/misty.measurement_99.csv.6jlbp3ob.ingestion-544b9ff949-ft4f6.json,500,30e6191a9bf39215abc742983b388271fe83047bd12e04c81b77daf737d9e9fc
misty,Misty,99,distance_mm,training/misty.measurement_99.csv.6jlbp3ob.ingestion-544b9ff949-ft4f6.json,500,30e6191a9bf39215abc742983b388271fe83047bd12e04c81b77daf737d9e9fc
misty,Misty,99,sigma_like,training/misty.measurement_99.csv.6jlbp3ob.ingestion-544b9ff949-ft4f6.json,500,30e6191a9bf39215abc742983b388271fe83047bd12e04c81b77daf737d9e9fc
misty,Misty,99,signal_rate_mcps,training/misty.measurement_99.csv.6jlbp3ob.ingestion-544b9ff949-ft4f6.json,500,30e6191a9bf39215abc742983b388271fe83047bd12e04c81b77daf737d9e9fc
water-filled,Water-filled,1,ambient_rate_mcps,training/water-filled.measurement_1.csv.6jlbo756.ingestion-544b9ff949-ft4f6.json,500,18c2fbadae20885c78fcfe4370ef9ed13d316fe5a10ccf8b81df97f18ec5b7de
water-filled,Water-filled,1,distance_mm,training/water-filled.measurement_1.csv.6jlbo756.ingestion-544b9ff949-ft4f6.json,500,18c2fbadae20885c78fcfe4370ef9ed13d316fe5a10ccf8b81df97f18ec5b7de
water-filled,Water-filled,1,sigma_like,training/water-filled.measurement_1.csv.6jlbo756.ingestion-544b9ff949-ft4f6.json,500,18c2fbadae20885c78fcfe4370ef9ed13d316fe5a10ccf8b81df97f18ec5b7de
water-filled,Water-filled,1,signal_rate_mcps,training/water-filled.measurement_1.csv.6jlbo756.ingestion-544b9ff949-ft4f6.json,500,18c2fbadae20885c78fcfe4370ef9ed13d316fe5a10ccf8b81df97f18ec5b7de
water-filled,Water-filled,10,ambient_rate_mcps,training/water-filled.measurement_10.csv.6jlbo74t.ingestion-544b9ff949-rn5s8.json,500,26225b772b0327bb2ce8c8dff436019bb4910a74b185f64320a895abfec21380
water-filled,Water-filled,10,distance_mm,training/water-filled.measurement_10.csv.6jlbo74t.ingestion-544b9ff949-rn5s8.json,500,26225b772b0327bb2ce8c8dff436019bb4910a74b185f64320a895abfec21380
water-filled,Water-filled,10,sigma_like,training/water-filled.measurement_10.csv.6jlbo74t.ingestion-544b9ff949-rn5s8.json,500,26225b772b0327bb2ce8c8dff436019bb4910a74b185f64320a895abfec21380
water-filled,Water-filled,10,signal_rate_mcps,training/water-filled.measurement_10.csv.6jlbo74t.ingestion-544b9ff949-rn5s8.json,500,26225b772b0327bb2ce8c8dff436019bb4910a74b185f64320a895abfec21380
water-filled,Water-filled,100,ambient_rate_mcps,training/water-filled.measurement_100.csv.6jlbo74t.ingestion-544b9ff949-kks7w.json,500,078e3bb87e837b31b26600f5520f0cfdf4e6b0e1ef68d7b9904a03611edc8686
water-filled,Water-filled,100,distance_mm,training/water-filled.measurement_100.csv.6jlbo74t.ingestion-544b9ff949-kks7w.json,500,078e3bb87e837b31b26600f5520f0cfdf4e6b0e1ef68d7b9904a03611edc8686
water-filled,Water-filled,100,sigma_like,training/water-filled.measurement_100.csv.6jlbo74t.ingestion-544b9ff949-kks7w.json,500,078e3bb87e837b31b26600f5520f0cfdf4e6b0e1ef68d7b9904a03611edc8686
water-filled,Water-filled,100,signal_rate_mcps,training/water-filled.measurement_100.csv.6jlbo74t.ingestion-544b9ff949-kks7w.json,500,078e3bb87e837b31b26600f5520f0cfdf4e6b0e1ef68d7b9904a03611edc8686
water-filled,Water-filled,101,ambient_rate_mcps,training/water-filled.measurement_101.csv.6jlbo757.ingestion-544b9ff949-ft4f6.json,500,0617824b0a7cc9eb2524defa4915fac3500b985e7968a74986b591400b36889b
water-filled,Water-filled,101,distance_mm,training/water-filled.measurement_101.csv.6jlbo757.ingestion-544b9ff949-ft4f6.json,500,0617824b0a7cc9eb2524defa4915fac3500b985e7968a74986b591400b36889b
water-filled,Water-filled,101,sigma_like,training/water-filled.measurement_101.csv.6jlbo757.ingestion-544b9ff949-ft4f6.json,500,0617824b0a7cc9eb2524defa4915fac3500b985e7968a74986b591400b36889b
water-filled,Water-filled,101,signal_rate_mcps,training/water-filled.measurement_101.csv.6jlbo757.ingestion-544b9ff949-ft4f6.json,500,0617824b0a7cc9eb2524defa4915fac3500b985e7968a74986b591400b36889b
water-filled,Water-filled,102,ambient_rate_mcps,training/water-filled.measurement_102.csv.6jlbo754.ingestion-544b9ff949-rn5s8.json,500,f5186e2718711ac5f9bca9c03677360cd0372067826c387fd23a7c3d0f0a890d
water-filled,Water-filled,102,distance_mm,training/water-filled.measurement_102.csv.6jlbo754.ingestion-544b9ff949-rn5s8.json,500,f5186e2718711ac5f9bca9c03677360cd0372067826c387fd23a7c3d0f0a890d
water-filled,Water-filled,102,sigma_like,training/water-filled.measurement_102.csv.6jlbo754.ingestion-544b9ff949-rn5s8.json,500,f5186e2718711ac5f9bca9c03677360cd0372067826c387fd23a7c3d0f0a890d
water-filled,Water-filled,102,signal_rate_mcps,training/water-filled.measurement_102.csv.6jlbo754.ingestion-544b9ff949-rn5s8.json,500,f5186e2718711ac5f9bca9c03677360cd0372067826c387fd23a7c3d0f0a890d
water-filled,Water-filled,103,ambient_rate_mcps,training/water-filled.measurement_103.csv.6jlbo754.ingestion-544b9ff949-kks7w.json,500,3e42e2f0fc6220f17f527bb83979a529b9efd8df35ba62153233fa55169edb83
water-filled,Water-filled,103,distance_mm,training/water-filled.measurement_103.csv.6jlbo754.ingestion-544b9ff949-kks7w.json,500,3e42e2f0fc6220f17f527bb83979a529b9efd8df35ba62153233fa55169edb83
water-filled,Water-filled,103,sigma_like,training/water-filled.measurement_103.csv.6jlbo754.ingestion-544b9ff949-kks7w.json,500,3e42e2f0fc6220f17f527bb83979a529b9efd8df35ba62153233fa55169edb83
water-filled,Water-filled,103,signal_rate_mcps,training/water-filled.measurement_103.csv.6jlbo754.ingestion-544b9ff949-kks7w.json,500,3e42e2f0fc6220f17f527bb83979a529b9efd8df35ba62153233fa55169edb83
water-filled,Water-filled,105,ambient_rate_mcps,training/water-filled.measurement_105.csv.6jlbo75h.ingestion-544b9ff949-rn5s8.json,500,edac4eff7c0bb58ea6f172c4d8e7e3c8cf3582225245987d7a4dac3922b411ed
water-filled,Water-filled,105,distance_mm,training/water-filled.measurement_105.csv.6jlbo75h.ingestion-544b9ff949-rn5s8.json,500,edac4eff7c0bb58ea6f172c4d8e7e3c8cf3582225245987d7a4dac3922b411ed
water-filled,Water-filled,105,sigma_like,training/water-filled.measurement_105.csv.6jlbo75h.ingestion-544b9ff949-rn5s8.json,500,edac4eff7c0bb58ea6f172c4d8e7e3c8cf3582225245987d7a4dac3922b411ed
water-filled,Water-filled,105,signal_rate_mcps,training/water-filled.measurement_105.csv.6jlbo75h.ingestion-544b9ff949-rn5s8.json,500,edac4eff7c0bb58ea6f172c4d8e7e3c8cf3582225245987d7a4dac3922b411ed
water-filled,Water-filled,106,ambient_rate_mcps,training/water-filled.measurement_106.csv.6jlbo75h.ingestion-544b9ff949-kks7w.json,500,d48875e39894ad9444c74a862e66ca164895e9ee5b5fac6b69819dcc1ee34a36
water-filled,Water-filled,106,distance_mm,training/water-filled.measurement_106.csv.6jlbo75h.ingestion-544b9ff949-kks7w.json,500,d48875e39894ad9444c74a862e66ca164895e9ee5b5fac6b69819dcc1ee34a36
water-filled,Water-filled,106,sigma_like,training/water-filled.measurement_106.csv.6jlbo75h.ingestion-544b9ff949-kks7w.json,500,d48875e39894ad9444c74a862e66ca164895e9ee5b5fac6b69819dcc1ee34a36
water-filled,Water-filled,106,signal_rate_mcps,training/water-filled.measurement_106.csv.6jlbo75h.ingestion-544b9ff949-kks7w.json,500,d48875e39894ad9444c74a862e66ca164895e9ee5b5fac6b69819dcc1ee34a36
water-filled,Water-filled,107,ambient_rate_mcps,training/water-filled.measurement_107.csv.6jlbo767.ingestion-544b9ff949-ft4f6.json,500,f2a6ab3a398731aad3391e38047016dce07c164ec92b245e12c7b94d5e6ea0ca
water-filled,Water-filled,107,distance_mm,training/water-filled.measurement_107.csv.6jlbo767.ingestion-544b9ff949-ft4f6.json,500,f2a6ab3a398731aad3391e38047016dce07c164ec92b245e12c7b94d5e6ea0ca
water-filled,Water-filled,107,sigma_like,training/water-filled.measurement_107.csv.6jlbo767.ingestion-544b9ff949-ft4f6.json,500,f2a6ab3a398731aad3391e38047016dce07c164ec92b245e12c7b94d5e6ea0ca
water-filled,Water-filled,107,signal_rate_mcps,training/water-filled.measurement_107.csv.6jlbo767.ingestion-544b9ff949-ft4f6.json,500,f2a6ab3a398731aad3391e38047016dce07c164ec92b245e12c7b94d5e6ea0ca
water-filled,Water-filled,108,ambient_rate_mcps,training/water-filled.measurement_108.csv.6jlbo75i.ingestion-544b9ff949-rn5s8.json,500,ebbddf792a4e0881fe7c73c283b13bad8642d816673418f8ebf9b7f8f34f8446
water-filled,Water-filled,108,distance_mm,training/water-filled.measurement_108.csv.6jlbo75i.ingestion-544b9ff949-rn5s8.json,500,ebbddf792a4e0881fe7c73c283b13bad8642d816673418f8ebf9b7f8f34f8446
water-filled,Water-filled,108,sigma_like,training/water-filled.measurement_108.csv.6jlbo75i.ingestion-544b9ff949-rn5s8.json,500,ebbddf792a4e0881fe7c73c283b13bad8642d816673418f8ebf9b7f8f34f8446
water-filled,Water-filled,108,signal_rate_mcps,training/water-filled.measurement_108.csv.6jlbo75i.ingestion-544b9ff949-rn5s8.json,500,ebbddf792a4e0881fe7c73c283b13bad8642d816673418f8ebf9b7f8f34f8446
water-filled,Water-filled,11,ambient_rate_mcps,training/water-filled.measurement_11.csv.6jlbo76j.ingestion-544b9ff949-ft4f6.json,500,b7d07fb4fb04c85c6e906cd30d40a65fdfdfba7beffd6aba866f080d96caf01f
water-filled,Water-filled,11,distance_mm,training/water-filled.measurement_11.csv.6jlbo76j.ingestion-544b9ff949-ft4f6.json,500,b7d07fb4fb04c85c6e906cd30d40a65fdfdfba7beffd6aba866f080d96caf01f
water-filled,Water-filled,11,sigma_like,training/water-filled.measurement_11.csv.6jlbo76j.ingestion-544b9ff949-ft4f6.json,500,b7d07fb4fb04c85c6e906cd30d40a65fdfdfba7beffd6aba866f080d96caf01f
water-filled,Water-filled,11,signal_rate_mcps,training/water-filled.measurement_11.csv.6jlbo76j.ingestion-544b9ff949-ft4f6.json,500,b7d07fb4fb04c85c6e906cd30d40a65fdfdfba7beffd6aba866f080d96caf01f
water-filled,Water-filled,110,ambient_rate_mcps,training/water-filled.measurement_110.csv.6jlbo768.ingestion-544b9ff949-ft4f6.json,500,f505b896d441270e2f068b1103e1974101e480c29db1d0abe9db6c215fe7e3e8
water-filled,Water-filled,110,distance_mm,training/water-filled.measurement_110.csv.6jlbo768.ingestion-544b9ff949-ft4f6.json,500,f505b896d441270e2f068b1103e1974101e480c29db1d0abe9db6c215fe7e3e8
water-filled,Water-filled,110,sigma_like,training/water-filled.measurement_110.csv.6jlbo768.ingestion-544b9ff949-ft4f6.json,500,f505b896d441270e2f068b1103e1974101e480c29db1d0abe9db6c215fe7e3e8
water-filled,Water-filled,110,signal_rate_mcps,training/water-filled.measurement_110.csv.6jlbo768.ingestion-544b9ff949-ft4f6.json,500,f505b896d441270e2f068b1103e1974101e480c29db1d0abe9db6c215fe7e3e8
water-filled,Water-filled,111,ambient_rate_mcps,training/water-filled.measurement_111.csv.6jlbo76b.ingestion-544b9ff949-rn5s8.json,500,dda6309dc9ab117c79758656d6c4bcd8bb6619ca51c8f31473b5c6e90d92eda1
water-filled,Water-filled,111,distance_mm,training/water-filled.measurement_111.csv.6jlbo76b.ingestion-544b9ff949-rn5s8.json,500,dda6309dc9ab117c79758656d6c4bcd8bb6619ca51c8f31473b5c6e90d92eda1
water-filled,Water-filled,111,sigma_like,training/water-filled.measurement_111.csv.6jlbo76b.ingestion-544b9ff949-rn5s8.json,500,dda6309dc9ab117c79758656d6c4bcd8bb6619ca51c8f31473b5c6e90d92eda1
water-filled,Water-filled,111,signal_rate_mcps,training/water-filled.measurement_111.csv.6jlbo76b.ingestion-544b9ff949-rn5s8.json,500,dda6309dc9ab117c79758656d6c4bcd8bb6619ca51c8f31473b5c6e90d92eda1
water-filled,Water-filled,113,ambient_rate_mcps,training/water-filled.measurement_113.csv.6jlbo766.ingestion-544b9ff949-kks7w.json,500,a7ad399892e6a2d584ba1a92cde8d166817d65ffab44dfea2e43a9bde9f24090
water-filled,Water-filled,113,distance_mm,training/water-filled.measurement_113.csv.6jlbo766.ingestion-544b9ff949-kks7w.json,500,a7ad399892e6a2d584ba1a92cde8d166817d65ffab44dfea2e43a9bde9f24090
water-filled,Water-filled,113,sigma_like,training/water-filled.measurement_113.csv.6jlbo766.ingestion-544b9ff949-kks7w.json,500,a7ad399892e6a2d584ba1a92cde8d166817d65ffab44dfea2e43a9bde9f24090
water-filled,Water-filled,113,signal_rate_mcps,training/water-filled.measurement_113.csv.6jlbo766.ingestion-544b9ff949-kks7w.json,500,a7ad399892e6a2d584ba1a92cde8d166817d65ffab44dfea2e43a9bde9f24090
water-filled,Water-filled,114,ambient_rate_mcps,training/water-filled.measurement_114.csv.6jlbo766.ingestion-544b9ff949-kks7w.json,500,0dbb16efba124c3e5af2d27f0b74fe60baa3b8fd677a606232cc0d21e336506c
water-filled,Water-filled,114,distance_mm,training/water-filled.measurement_114.csv.6jlbo766.ingestion-544b9ff949-kks7w.json,500,0dbb16efba124c3e5af2d27f0b74fe60baa3b8fd677a606232cc0d21e336506c
water-filled,Water-filled,114,sigma_like,training/water-filled.measurement_114.csv.6jlbo766.ingestion-544b9ff949-kks7w.json,500,0dbb16efba124c3e5af2d27f0b74fe60baa3b8fd677a606232cc0d21e336506c
water-filled,Water-filled,114,signal_rate_mcps,training/water-filled.measurement_114.csv.6jlbo766.ingestion-544b9ff949-kks7w.json,500,0dbb16efba124c3e5af2d27f0b74fe60baa3b8fd677a606232cc0d21e336506c
water-filled,Water-filled,115,ambient_rate_mcps,training/water-filled.measurement_115.csv.6jlbo76k.ingestion-544b9ff949-ft4f6.json,500,cd4cebc2b8b1435227d0c97fa031e68608c089d471dfea1552cd9e366453f56b
water-filled,Water-filled,115,distance_mm,training/water-filled.measurement_115.csv.6jlbo76k.ingestion-544b9ff949-ft4f6.json,500,cd4cebc2b8b1435227d0c97fa031e68608c089d471dfea1552cd9e366453f56b
water-filled,Water-filled,115,sigma_like,training/water-filled.measurement_115.csv.6jlbo76k.ingestion-544b9ff949-ft4f6.json,500,cd4cebc2b8b1435227d0c97fa031e68608c089d471dfea1552cd9e366453f56b
water-filled,Water-filled,115,signal_rate_mcps,training/water-filled.measurement_115.csv.6jlbo76k.ingestion-544b9ff949-ft4f6.json,500,cd4cebc2b8b1435227d0c97fa031e68608c089d471dfea1552cd9e366453f56b
water-filled,Water-filled,117,ambient_rate_mcps,training/water-filled.measurement_117.csv.6jlbo7fk.ingestion-544b9ff949-kks7w.json,500,9d8833c3daf5cb49695640ef81feb28e8059c1eebf4ee3b7ebc1875b4bb414c4
water-filled,Water-filled,117,distance_mm,training/water-filled.measurement_117.csv.6jlbo7fk.ingestion-544b9ff949-kks7w.json,500,9d8833c3daf5cb49695640ef81feb28e8059c1eebf4ee3b7ebc1875b4bb414c4
water-filled,Water-filled,117,sigma_like,training/water-filled.measurement_117.csv.6jlbo7fk.ingestion-544b9ff949-kks7w.json,500,9d8833c3daf5cb49695640ef81feb28e8059c1eebf4ee3b7ebc1875b4bb414c4
water-filled,Water-filled,117,signal_rate_mcps,training/water-filled.measurement_117.csv.6jlbo7fk.ingestion-544b9ff949-kks7w.json,500,9d8833c3daf5cb49695640ef81feb28e8059c1eebf4ee3b7ebc1875b4bb414c4
water-filled,Water-filled,118,ambient_rate_mcps,training/water-filled.measurement_118.csv.6jlbo7fm.ingestion-544b9ff949-ft4f6.json,500,b5f3cef5b287d31bace8a246653b8ab6b7515403197a91f16621621678d74f76
water-filled,Water-filled,118,distance_mm,training/water-filled.measurement_118.csv.6jlbo7fm.ingestion-544b9ff949-ft4f6.json,500,b5f3cef5b287d31bace8a246653b8ab6b7515403197a91f16621621678d74f76
water-filled,Water-filled,118,sigma_like,training/water-filled.measurement_118.csv.6jlbo7fm.ingestion-544b9ff949-ft4f6.json,500,b5f3cef5b287d31bace8a246653b8ab6b7515403197a91f16621621678d74f76
water-filled,Water-filled,118,signal_rate_mcps,training/water-filled.measurement_118.csv.6jlbo7fm.ingestion-544b9ff949-ft4f6.json,500,b5f3cef5b287d31bace8a246653b8ab6b7515403197a91f16621621678d74f76
water-filled,Water-filled,119,ambient_rate_mcps,training/water-filled.measurement_119.csv.6jlbo7fk.ingestion-544b9ff949-rn5s8.json,500,f1de7a90d1fe048949c5dfb190522042d7f76e0c22ccaf11c792ada429babaac
water-filled,Water-filled,119,distance_mm,training/water-filled.measurement_119.csv.6jlbo7fk.ingestion-544b9ff949-rn5s8.json,500,f1de7a90d1fe048949c5dfb190522042d7f76e0c22ccaf11c792ada429babaac
water-filled,Water-filled,119,sigma_like,training/water-filled.measurement_119.csv.6jlbo7fk.ingestion-544b9ff949-rn5s8.json,500,f1de7a90d1fe048949c5dfb190522042d7f76e0c22ccaf11c792ada429babaac
water-filled,Water-filled,119,signal_rate_mcps,training/water-filled.measurement_119.csv.6jlbo7fk.ingestion-544b9ff949-rn5s8.json,500,f1de7a90d1fe048949c5dfb190522042d7f76e0c22ccaf11c792ada429babaac
water-filled,Water-filled,12,ambient_rate_mcps,training/water-filled.measurement_12.csv.6jlbo7fs.ingestion-544b9ff949-kks7w.json,500,bd79e3ac84440241e89ccdbfddd1528976790410d086c18178964b40a9f362ba
water-filled,Water-filled,12,distance_mm,training/water-filled.measurement_12.csv.6jlbo7fs.ingestion-544b9ff949-kks7w.json,500,bd79e3ac84440241e89ccdbfddd1528976790410d086c18178964b40a9f362ba
water-filled,Water-filled,12,sigma_like,training/water-filled.measurement_12.csv.6jlbo7fs.ingestion-544b9ff949-kks7w.json,500,bd79e3ac84440241e89ccdbfddd1528976790410d086c18178964b40a9f362ba
water-filled,Water-filled,12,signal_rate_mcps,training/water-filled.measurement_12.csv.6jlbo7fs.ingestion-544b9ff949-kks7w.json,500,bd79e3ac84440241e89ccdbfddd1528976790410d086c18178964b40a9f362ba
water-filled,Water-filled,121,ambient_rate_mcps,training/water-filled.measurement_121.csv.6jlbo7fr.ingestion-544b9ff949-rn5s8.json,500,080449bdca29a5f4839a1fab327e90d0266a861bb0bbd7ad38546e42a33968b2
water-filled,Water-filled,121,distance_mm,training/water-filled.measurement_121.csv.6jlbo7fr.ingestion-544b9ff949-rn5s8.json,500,080449bdca29a5f4839a1fab327e90d0266a861bb0bbd7ad38546e42a33968b2
water-filled,Water-filled,121,sigma_like,training/water-filled.measurement_121.csv.6jlbo7fr.ingestion-544b9ff949-rn5s8.json,500,080449bdca29a5f4839a1fab327e90d0266a861bb0bbd7ad38546e42a33968b2
water-filled,Water-filled,121,signal_rate_mcps,training/water-filled.measurement_121.csv.6jlbo7fr.ingestion-544b9ff949-rn5s8.json,500,080449bdca29a5f4839a1fab327e90d0266a861bb0bbd7ad38546e42a33968b2
water-filled,Water-filled,122,ambient_rate_mcps,training/water-filled.measurement_122.csv.6jlbo7g1.ingestion-544b9ff949-kks7w.json,500,7fcc291db7bb70f27d276f263f2948bc7a44ad0477dfc5b971eb803f8783d8b3
water-filled,Water-filled,122,distance_mm,training/water-filled.measurement_122.csv.6jlbo7g1.ingestion-544b9ff949-kks7w.json,500,7fcc291db7bb70f27d276f263f2948bc7a44ad0477dfc5b971eb803f8783d8b3
water-filled,Water-filled,122,sigma_like,training/water-filled.measurement_122.csv.6jlbo7g1.ingestion-544b9ff949-kks7w.json,500,7fcc291db7bb70f27d276f263f2948bc7a44ad0477dfc5b971eb803f8783d8b3
water-filled,Water-filled,122,signal_rate_mcps,training/water-filled.measurement_122.csv.6jlbo7g1.ingestion-544b9ff949-kks7w.json,500,7fcc291db7bb70f27d276f263f2948bc7a44ad0477dfc5b971eb803f8783d8b3
water-filled,Water-filled,123,ambient_rate_mcps,training/water-filled.measurement_123.csv.6jlbo7g2.ingestion-544b9ff949-ft4f6.json,500,32ccb6429012e5a10870b1cdfdf0330b956536bd9040b85962215f996416dc69
water-filled,Water-filled,123,distance_mm,training/water-filled.measurement_123.csv.6jlbo7g2.ingestion-544b9ff949-ft4f6.json,500,32ccb6429012e5a10870b1cdfdf0330b956536bd9040b85962215f996416dc69
water-filled,Water-filled,123,sigma_like,training/water-filled.measurement_123.csv.6jlbo7g2.ingestion-544b9ff949-ft4f6.json,500,32ccb6429012e5a10870b1cdfdf0330b956536bd9040b85962215f996416dc69
water-filled,Water-filled,123,signal_rate_mcps,training/water-filled.measurement_123.csv.6jlbo7g2.ingestion-544b9ff949-ft4f6.json,500,32ccb6429012e5a10870b1cdfdf0330b956536bd9040b85962215f996416dc69
water-filled,Water-filled,124,ambient_rate_mcps,training/water-filled.measurement_124.csv.6jlbo7g3.ingestion-544b9ff949-rn5s8.json,500,89301f928e1e21f25a934c25af3ead243eba271123c5ab301eb396eb955192ad
water-filled,Water-filled,124,distance_mm,training/water-filled.measurement_124.csv.6jlbo7g3.ingestion-544b9ff949-rn5s8.json,500,89301f928e1e21f25a934c25af3ead243eba271123c5ab301eb396eb955192ad
water-filled,Water-filled,124,sigma_like,training/water-filled.measurement_124.csv.6jlbo7g3.ingestion-544b9ff949-rn5s8.json,500,89301f928e1e21f25a934c25af3ead243eba271123c5ab301eb396eb955192ad
water-filled,Water-filled,124,signal_rate_mcps,training/water-filled.measurement_124.csv.6jlbo7g3.ingestion-544b9ff949-rn5s8.json,500,89301f928e1e21f25a934c25af3ead243eba271123c5ab301eb396eb955192ad
water-filled,Water-filled,126,ambient_rate_mcps,training/water-filled.measurement_126.csv.6jlbo7hb.ingestion-544b9ff949-ft4f6.json,500,2fab41cb4f3c9d65e9e99106ba30e1c9465c519f868e7f7866858c39f346f4a4
water-filled,Water-filled,126,distance_mm,training/water-filled.measurement_126.csv.6jlbo7hb.ingestion-544b9ff949-ft4f6.json,500,2fab41cb4f3c9d65e9e99106ba30e1c9465c519f868e7f7866858c39f346f4a4
water-filled,Water-filled,126,sigma_like,training/water-filled.measurement_126.csv.6jlbo7hb.ingestion-544b9ff949-ft4f6.json,500,2fab41cb4f3c9d65e9e99106ba30e1c9465c519f868e7f7866858c39f346f4a4
water-filled,Water-filled,126,signal_rate_mcps,training/water-filled.measurement_126.csv.6jlbo7hb.ingestion-544b9ff949-ft4f6.json,500,2fab41cb4f3c9d65e9e99106ba30e1c9465c519f868e7f7866858c39f346f4a4
water-filled,Water-filled,127,ambient_rate_mcps,training/water-filled.measurement_127.csv.6jlbo7i3.ingestion-544b9ff949-rn5s8.json,500,d1ea01ecf2fc25619ee794858483381cce1d378448ee0748c4e0e385a39a32af
water-filled,Water-filled,127,distance_mm,training/water-filled.measurement_127.csv.6jlbo7i3.ingestion-544b9ff949-rn5s8.json,500,d1ea01ecf2fc25619ee794858483381cce1d378448ee0748c4e0e385a39a32af
water-filled,Water-filled,127,sigma_like,training/water-filled.measurement_127.csv.6jlbo7i3.ingestion-544b9ff949-rn5s8.json,500,d1ea01ecf2fc25619ee794858483381cce1d378448ee0748c4e0e385a39a32af
water-filled,Water-filled,127,signal_rate_mcps,training/water-filled.measurement_127.csv.6jlbo7i3.ingestion-544b9ff949-rn5s8.json,500,d1ea01ecf2fc25619ee794858483381cce1d378448ee0748c4e0e385a39a32af
water-filled,Water-filled,128,ambient_rate_mcps,training/water-filled.measurement_128.csv.6jlbo7i8.ingestion-544b9ff949-kks7w.json,500,5928efe04a48888e32259e43967753960fd88a55a4c77351f6d425daf4b9c2d5
water-filled,Water-filled,128,distance_mm,training/water-filled.measurement_128.csv.6jlbo7i8.ingestion-544b9ff949-kks7w.json,500,5928efe04a48888e32259e43967753960fd88a55a4c77351f6d425daf4b9c2d5
water-filled,Water-filled,128,sigma_like,training/water-filled.measurement_128.csv.6jlbo7i8.ingestion-544b9ff949-kks7w.json,500,5928efe04a48888e32259e43967753960fd88a55a4c77351f6d425daf4b9c2d5
water-filled,Water-filled,128,signal_rate_mcps,training/water-filled.measurement_128.csv.6jlbo7i8.ingestion-544b9ff949-kks7w.json,500,5928efe04a48888e32259e43967753960fd88a55a4c77351f6d425daf4b9c2d5
water-filled,Water-filled,129,ambient_rate_mcps,training/water-filled.measurement_129.csv.6jlbo7ii.ingestion-544b9ff949-ft4f6.json,500,1adb2d95e630bc3ac74bcc6ccbdc9689dce3eb2f4dc5516b819ca0ec857b4481
water-filled,Water-filled,129,distance_mm,training/water-filled.measurement_129.csv.6jlbo7ii.ingestion-544b9ff949-ft4f6.json,500,1adb2d95e630bc3ac74bcc6ccbdc9689dce3eb2f4dc5516b819ca0ec857b4481
water-filled,Water-filled,129,sigma_like,training/water-filled.measurement_129.csv.6jlbo7ii.ingestion-544b9ff949-ft4f6.json,500,1adb2d95e630bc3ac74bcc6ccbdc9689dce3eb2f4dc5516b819ca0ec857b4481
water-filled,Water-filled,129,signal_rate_mcps,training/water-filled.measurement_129.csv.6jlbo7ii.ingestion-544b9ff949-ft4f6.json,500,1adb2d95e630bc3ac74bcc6ccbdc9689dce3eb2f4dc5516b819ca0ec857b4481
water-filled,Water-filled,13,ambient_rate_mcps,training/water-filled.measurement_13.csv.6jlbo7ia.ingestion-544b9ff949-rn5s8.json,500,b03c597d949e3cf650cf579458c704f0a7df11d986032f15c8d9ec41ada7d1a8
water-filled,Water-filled,13,distance_mm,training/water-filled.measurement_13.csv.6jlbo7ia.ingestion-544b9ff949-rn5s8.json,500,b03c597d949e3cf650cf579458c704f0a7df11d986032f15c8d9ec41ada7d1a8
water-filled,Water-filled,13,sigma_like,training/water-filled.measurement_13.csv.6jlbo7ia.ingestion-544b9ff949-rn5s8.json,500,b03c597d949e3cf650cf579458c704f0a7df11d986032f15c8d9ec41ada7d1a8
water-filled,Water-filled,13,signal_rate_mcps,training/water-filled.measurement_13.csv.6jlbo7ia.ingestion-544b9ff949-rn5s8.json,500,b03c597d949e3cf650cf579458c704f0a7df11d986032f15c8d9ec41ada7d1a8
water-filled,Water-filled,131,ambient_rate_mcps,training/water-filled.measurement_131.csv.6jlbo7io.ingestion-544b9ff949-ft4f6.json,500,f10179798daccc57899c2591b191df49dcad079f91098239db522697d7f94dde
water-filled,Water-filled,131,distance_mm,training/water-filled.measurement_131.csv.6jlbo7io.ingestion-544b9ff949-ft4f6.json,500,f10179798daccc57899c2591b191df49dcad079f91098239db522697d7f94dde
water-filled,Water-filled,131,sigma_like,training/water-filled.measurement_131.csv.6jlbo7io.ingestion-544b9ff949-ft4f6.json,500,f10179798daccc57899c2591b191df49dcad079f91098239db522697d7f94dde
water-filled,Water-filled,131,signal_rate_mcps,training/water-filled.measurement_131.csv.6jlbo7io.ingestion-544b9ff949-ft4f6.json,500,f10179798daccc57899c2591b191df49dcad079f91098239db522697d7f94dde
water-filled,Water-filled,132,ambient_rate_mcps,training/water-filled.measurement_132.csv.6jlbo7jl.ingestion-544b9ff949-rn5s8.json,500,2e91a2eadfae440c095511384bde841aa25754269067da1bf1420d407cad479e
water-filled,Water-filled,132,distance_mm,training/water-filled.measurement_132.csv.6jlbo7jl.ingestion-544b9ff949-rn5s8.json,500,2e91a2eadfae440c095511384bde841aa25754269067da1bf1420d407cad479e
water-filled,Water-filled,132,sigma_like,training/water-filled.measurement_132.csv.6jlbo7jl.ingestion-544b9ff949-rn5s8.json,500,2e91a2eadfae440c095511384bde841aa25754269067da1bf1420d407cad479e
water-filled,Water-filled,132,signal_rate_mcps,training/water-filled.measurement_132.csv.6jlbo7jl.ingestion-544b9ff949-rn5s8.json,500,2e91a2eadfae440c095511384bde841aa25754269067da1bf1420d407cad479e
water-filled,Water-filled,133,ambient_rate_mcps,training/water-filled.measurement_133.csv.6jlbo7jt.ingestion-544b9ff949-kks7w.json,500,3511f593a28bc1655b99eb8d968b5ab2d940ecce1385b38ac010f6fb363c8179
water-filled,Water-filled,133,distance_mm,training/water-filled.measurement_133.csv.6jlbo7jt.ingestion-544b9ff949-kks7w.json,500,3511f593a28bc1655b99eb8d968b5ab2d940ecce1385b38ac010f6fb363c8179
water-filled,Water-filled,133,sigma_like,training/water-filled.measurement_133.csv.6jlbo7jt.ingestion-544b9ff949-kks7w.json,500,3511f593a28bc1655b99eb8d968b5ab2d940ecce1385b38ac010f6fb363c8179
water-filled,Water-filled,133,signal_rate_mcps,training/water-filled.measurement_133.csv.6jlbo7jt.ingestion-544b9ff949-kks7w.json,500,3511f593a28bc1655b99eb8d968b5ab2d940ecce1385b38ac010f6fb363c8179
water-filled,Water-filled,135,ambient_rate_mcps,training/water-filled.measurement_135.csv.6jlbo7q2.ingestion-544b9ff949-rn5s8.json,500,2fd6cd653b46839f5cb325dfd0bf179301570918a5881cc6ce395941fdde1c00
water-filled,Water-filled,135,distance_mm,training/water-filled.measurement_135.csv.6jlbo7q2.ingestion-544b9ff949-rn5s8.json,500,2fd6cd653b46839f5cb325dfd0bf179301570918a5881cc6ce395941fdde1c00
water-filled,Water-filled,135,sigma_like,training/water-filled.measurement_135.csv.6jlbo7q2.ingestion-544b9ff949-rn5s8.json,500,2fd6cd653b46839f5cb325dfd0bf179301570918a5881cc6ce395941fdde1c00
water-filled,Water-filled,135,signal_rate_mcps,training/water-filled.measurement_135.csv.6jlbo7q2.ingestion-544b9ff949-rn5s8.json,500,2fd6cd653b46839f5cb325dfd0bf179301570918a5881cc6ce395941fdde1c00
water-filled,Water-filled,136,ambient_rate_mcps,training/water-filled.measurement_136.csv.6jlbo7q6.ingestion-544b9ff949-kks7w.json,500,883173cc396226a22d9201975906f9a8fb806b7da9e0572f7551f708a2643b6d
water-filled,Water-filled,136,distance_mm,training/water-filled.measurement_136.csv.6jlbo7q6.ingestion-544b9ff949-kks7w.json,500,883173cc396226a22d9201975906f9a8fb806b7da9e0572f7551f708a2643b6d
water-filled,Water-filled,136,sigma_like,training/water-filled.measurement_136.csv.6jlbo7q6.ingestion-544b9ff949-kks7w.json,500,883173cc396226a22d9201975906f9a8fb806b7da9e0572f7551f708a2643b6d
water-filled,Water-filled,136,signal_rate_mcps,training/water-filled.measurement_136.csv.6jlbo7q6.ingestion-544b9ff949-kks7w.json,500,883173cc396226a22d9201975906f9a8fb806b7da9e0572f7551f708a2643b6d
water-filled,Water-filled,137,ambient_rate_mcps,training/water-filled.measurement_137.csv.6jlbo7q3.ingestion-544b9ff949-ft4f6.json,500,36d0b646185223782f3899a3b60997286c61898372546f85672ed5ceb4903454
water-filled,Water-filled,137,distance_mm,training/water-filled.measurement_137.csv.6jlbo7q3.ingestion-544b9ff949-ft4f6.json,500,36d0b646185223782f3899a3b60997286c61898372546f85672ed5ceb4903454
water-filled,Water-filled,137,sigma_like,training/water-filled.measurement_137.csv.6jlbo7q3.ingestion-544b9ff949-ft4f6.json,500,36d0b646185223782f3899a3b60997286c61898372546f85672ed5ceb4903454
water-filled,Water-filled,137,signal_rate_mcps,training/water-filled.measurement_137.csv.6jlbo7q3.ingestion-544b9ff949-ft4f6.json,500,36d0b646185223782f3899a3b60997286c61898372546f85672ed5ceb4903454
water-filled,Water-filled,138,ambient_rate_mcps,training/water-filled.measurement_138.csv.6jlbo7q7.ingestion-544b9ff949-rn5s8.json,500,b565e6115c1986fab1f7aecb301781b101c5c7f5bc08efd380fff77e99ce4a3b
water-filled,Water-filled,138,distance_mm,training/water-filled.measurement_138.csv.6jlbo7q7.ingestion-544b9ff949-rn5s8.json,500,b565e6115c1986fab1f7aecb301781b101c5c7f5bc08efd380fff77e99ce4a3b
water-filled,Water-filled,138,sigma_like,training/water-filled.measurement_138.csv.6jlbo7q7.ingestion-544b9ff949-rn5s8.json,500,b565e6115c1986fab1f7aecb301781b101c5c7f5bc08efd380fff77e99ce4a3b
water-filled,Water-filled,138,signal_rate_mcps,training/water-filled.measurement_138.csv.6jlbo7q7.ingestion-544b9ff949-rn5s8.json,500,b565e6115c1986fab1f7aecb301781b101c5c7f5bc08efd380fff77e99ce4a3b
water-filled,Water-filled,14,ambient_rate_mcps,training/water-filled.measurement_14.csv.6jlbo7qk.ingestion-544b9ff949-ft4f6.json,500,9b64d51a69c7ebc335783c884e30b6a80f66dc99f9bdfb67461911cbda72d24f
water-filled,Water-filled,14,distance_mm,training/water-filled.measurement_14.csv.6jlbo7qk.ingestion-544b9ff949-ft4f6.json,500,9b64d51a69c7ebc335783c884e30b6a80f66dc99f9bdfb67461911cbda72d24f
water-filled,Water-filled,14,sigma_like,training/water-filled.measurement_14.csv.6jlbo7qk.ingestion-544b9ff949-ft4f6.json,500,9b64d51a69c7ebc335783c884e30b6a80f66dc99f9bdfb67461911cbda72d24f
water-filled,Water-filled,14,signal_rate_mcps,training/water-filled.measurement_14.csv.6jlbo7qk.ingestion-544b9ff949-ft4f6.json,500,9b64d51a69c7ebc335783c884e30b6a80f66dc99f9bdfb67461911cbda72d24f
water-filled,Water-filled,140,ambient_rate_mcps,training/water-filled.measurement_140.csv.6jlbo7qr.ingestion-544b9ff949-rn5s8.json,500,35bd1ba8518662af4cb93152b7bb036c66d89b0becdcae8ba652f9895cc7dd25
water-filled,Water-filled,140,distance_mm,training/water-filled.measurement_140.csv.6jlbo7qr.ingestion-544b9ff949-rn5s8.json,500,35bd1ba8518662af4cb93152b7bb036c66d89b0becdcae8ba652f9895cc7dd25
water-filled,Water-filled,140,sigma_like,training/water-filled.measurement_140.csv.6jlbo7qr.ingestion-544b9ff949-rn5s8.json,500,35bd1ba8518662af4cb93152b7bb036c66d89b0becdcae8ba652f9895cc7dd25
water-filled,Water-filled,140,signal_rate_mcps,training/water-filled.measurement_140.csv.6jlbo7qr.ingestion-544b9ff949-rn5s8.json,500,35bd1ba8518662af4cb93152b7bb036c66d89b0becdcae8ba652f9895cc7dd25
water-filled,Water-filled,15,ambient_rate_mcps,training/water-filled.measurement_15.csv.6jlbo7ql.ingestion-544b9ff949-kks7w.json,500,04ad03580d59c08e0ee793ed2d69ccf1281b9d8f04c675f89a87bf9eea2710d9
water-filled,Water-filled,15,distance_mm,training/water-filled.measurement_15.csv.6jlbo7ql.ingestion-544b9ff949-kks7w.json,500,04ad03580d59c08e0ee793ed2d69ccf1281b9d8f04c675f89a87bf9eea2710d9
water-filled,Water-filled,15,sigma_like,training/water-filled.measurement_15.csv.6jlbo7ql.ingestion-544b9ff949-kks7w.json,500,04ad03580d59c08e0ee793ed2d69ccf1281b9d8f04c675f89a87bf9eea2710d9
water-filled,Water-filled,15,signal_rate_mcps,training/water-filled.measurement_15.csv.6jlbo7ql.ingestion-544b9ff949-kks7w.json,500,04ad03580d59c08e0ee793ed2d69ccf1281b9d8f04c675f89a87bf9eea2710d9
water-filled,Water-filled,16,ambient_rate_mcps,training/water-filled.measurement_16.csv.6jlbo7qp.ingestion-544b9ff949-ft4f6.json,500,73c1949a3593628164765a4db4d3052446c6f8ff611ad15c747d8f539a568d74
water-filled,Water-filled,16,distance_mm,training/water-filled.measurement_16.csv.6jlbo7qp.ingestion-544b9ff949-ft4f6.json,500,73c1949a3593628164765a4db4d3052446c6f8ff611ad15c747d8f539a568d74
water-filled,Water-filled,16,sigma_like,training/water-filled.measurement_16.csv.6jlbo7qp.ingestion-544b9ff949-ft4f6.json,500,73c1949a3593628164765a4db4d3052446c6f8ff611ad15c747d8f539a568d74
water-filled,Water-filled,16,signal_rate_mcps,training/water-filled.measurement_16.csv.6jlbo7qp.ingestion-544b9ff949-ft4f6.json,500,73c1949a3593628164765a4db4d3052446c6f8ff611ad15c747d8f539a568d74
water-filled,Water-filled,18,ambient_rate_mcps,training/water-filled.measurement_18.csv.6jlbo7rp.ingestion-544b9ff949-kks7w.json,500,4476a4aefc5dbce301457ed4386023fe8394df30f1723498c2ec44a53a4d1a52
water-filled,Water-filled,18,distance_mm,training/water-filled.measurement_18.csv.6jlbo7rp.ingestion-544b9ff949-kks7w.json,500,4476a4aefc5dbce301457ed4386023fe8394df30f1723498c2ec44a53a4d1a52
water-filled,Water-filled,18,sigma_like,training/water-filled.measurement_18.csv.6jlbo7rp.ingestion-544b9ff949-kks7w.json,500,4476a4aefc5dbce301457ed4386023fe8394df30f1723498c2ec44a53a4d1a52
water-filled,Water-filled,18,signal_rate_mcps,training/water-filled.measurement_18.csv.6jlbo7rp.ingestion-544b9ff949-kks7w.json,500,4476a4aefc5dbce301457ed4386023fe8394df30f1723498c2ec44a53a4d1a52
water-filled,Water-filled,19,ambient_rate_mcps,training/water-filled.measurement_19.csv.6jlbo7sj.ingestion-544b9ff949-ft4f6.json,500,8eb4d752618bdb66e1de88bfec068521b8f62c061ee918c66a45d17b783b9f46
water-filled,Water-filled,19,distance_mm,training/water-filled.measurement_19.csv.6jlbo7sj.ingestion-544b9ff949-ft4f6.json,500,8eb4d752618bdb66e1de88bfec068521b8f62c061ee918c66a45d17b783b9f46
water-filled,Water-filled,19,sigma_like,training/water-filled.measurement_19.csv.6jlbo7sj.ingestion-544b9ff949-ft4f6.json,500,8eb4d752618bdb66e1de88bfec068521b8f62c061ee918c66a45d17b783b9f46
water-filled,Water-filled,19,signal_rate_mcps,training/water-filled.measurement_19.csv.6jlbo7sj.ingestion-544b9ff949-ft4f6.json,500,8eb4d752618bdb66e1de88bfec068521b8f62c061ee918c66a45d17b783b9f46
water-filled,Water-filled,2,ambient_rate_mcps,training/water-filled.measurement_2.csv.6jlbo7sh.ingestion-544b9ff949-rn5s8.json,500,a3a5a326c71fd30593695f799094cb5790ca5ed8c2ab9ad7574c1eeaf6e951a4
water-filled,Water-filled,2,distance_mm,training/water-filled.measurement_2.csv.6jlbo7sh.ingestion-544b9ff949-rn5s8.json,500,a3a5a326c71fd30593695f799094cb5790ca5ed8c2ab9ad7574c1eeaf6e951a4
water-filled,Water-filled,2,sigma_like,training/water-filled.measurement_2.csv.6jlbo7sh.ingestion-544b9ff949-rn5s8.json,500,a3a5a326c71fd30593695f799094cb5790ca5ed8c2ab9ad7574c1eeaf6e951a4
water-filled,Water-filled,2,signal_rate_mcps,training/water-filled.measurement_2.csv.6jlbo7sh.ingestion-544b9ff949-rn5s8.json,500,a3a5a326c71fd30593695f799094cb5790ca5ed8c2ab9ad7574c1eeaf6e951a4
water-filled,Water-filled,20,ambient_rate_mcps,training/water-filled.measurement_20.csv.6jlbo7sl.ingestion-544b9ff949-kks7w.json,500,506267b6b32d796d14e6c08cdf7162a54978f11f65433e3cd0cfda96275ef406
water-filled,Water-filled,20,distance_mm,training/water-filled.measurement_20.csv.6jlbo7sl.ingestion-544b9ff949-kks7w.json,500,506267b6b32d796d14e6c08cdf7162a54978f11f65433e3cd0cfda96275ef406
water-filled,Water-filled,20,sigma_like,training/water-filled.measurement_20.csv.6jlbo7sl.ingestion-544b9ff949-kks7w.json,500,506267b6b32d796d14e6c08cdf7162a54978f11f65433e3cd0cfda96275ef406
water-filled,Water-filled,20,signal_rate_mcps,training/water-filled.measurement_20.csv.6jlbo7sl.ingestion-544b9ff949-kks7w.json,500,506267b6b32d796d14e6c08cdf7162a54978f11f65433e3cd0cfda96275ef406
water-filled,Water-filled,21,ambient_rate_mcps,training/water-filled.measurement_21.csv.6jlbo7sq.ingestion-544b9ff949-ft4f6.json,500,6560d3d18800c33aa2780ff7ab9999734b6c40842abad13396801ebf707636a0
water-filled,Water-filled,21,distance_mm,training/water-filled.measurement_21.csv.6jlbo7sq.ingestion-544b9ff949-ft4f6.json,500,6560d3d18800c33aa2780ff7ab9999734b6c40842abad13396801ebf707636a0
water-filled,Water-filled,21,sigma_like,training/water-filled.measurement_21.csv.6jlbo7sq.ingestion-544b9ff949-ft4f6.json,500,6560d3d18800c33aa2780ff7ab9999734b6c40842abad13396801ebf707636a0
water-filled,Water-filled,21,signal_rate_mcps,training/water-filled.measurement_21.csv.6jlbo7sq.ingestion-544b9ff949-ft4f6.json,500,6560d3d18800c33aa2780ff7ab9999734b6c40842abad13396801ebf707636a0
water-filled,Water-filled,22,ambient_rate_mcps,training/water-filled.measurement_22.csv.6jlbo7td.ingestion-544b9ff949-rn5s8.json,500,5ebcd5cefd0759c6b533e95f29d88a5f6641a51fedb851656e3a7f66f07204c7
water-filled,Water-filled,22,distance_mm,training/water-filled.measurement_22.csv.6jlbo7td.ingestion-544b9ff949-rn5s8.json,500,5ebcd5cefd0759c6b533e95f29d88a5f6641a51fedb851656e3a7f66f07204c7
water-filled,Water-filled,22,sigma_like,training/water-filled.measurement_22.csv.6jlbo7td.ingestion-544b9ff949-rn5s8.json,500,5ebcd5cefd0759c6b533e95f29d88a5f6641a51fedb851656e3a7f66f07204c7
water-filled,Water-filled,22,signal_rate_mcps,training/water-filled.measurement_22.csv.6jlbo7td.ingestion-544b9ff949-rn5s8.json,500,5ebcd5cefd0759c6b533e95f29d88a5f6641a51fedb851656e3a7f66f07204c7
water-filled,Water-filled,24,ambient_rate_mcps,training/water-filled.measurement_24.csv.6jlbo7tt.ingestion-544b9ff949-ft4f6.json,500,9258e4f9cf97c872a92b4e031fe44171d64fa8089b319faccaead545c197e1d9
water-filled,Water-filled,24,distance_mm,training/water-filled.measurement_24.csv.6jlbo7tt.ingestion-544b9ff949-ft4f6.json,500,9258e4f9cf97c872a92b4e031fe44171d64fa8089b319faccaead545c197e1d9
water-filled,Water-filled,24,sigma_like,training/water-filled.measurement_24.csv.6jlbo7tt.ingestion-544b9ff949-ft4f6.json,500,9258e4f9cf97c872a92b4e031fe44171d64fa8089b319faccaead545c197e1d9
water-filled,Water-filled,24,signal_rate_mcps,training/water-filled.measurement_24.csv.6jlbo7tt.ingestion-544b9ff949-ft4f6.json,500,9258e4f9cf97c872a92b4e031fe44171d64fa8089b319faccaead545c197e1d9
water-filled,Water-filled,25,ambient_rate_mcps,training/water-filled.measurement_25.csv.6jlbo7u7.ingestion-544b9ff949-rn5s8.json,500,1f8de088474d039e9a1b1ab4e79e4f12bc3b391229705bf43a465df08c539a1c
water-filled,Water-filled,25,distance_mm,training/water-filled.measurement_25.csv.6jlbo7u7.ingestion-544b9ff949-rn5s8.json,500,1f8de088474d039e9a1b1ab4e79e4f12bc3b391229705bf43a465df08c539a1c
water-filled,Water-filled,25,sigma_like,training/water-filled.measurement_25.csv.6jlbo7u7.ingestion-544b9ff949-rn5s8.json,500,1f8de088474d039e9a1b1ab4e79e4f12bc3b391229705bf43a465df08c539a1c
water-filled,Water-filled,25,signal_rate_mcps,training/water-filled.measurement_25.csv.6jlbo7u7.ingestion-544b9ff949-rn5s8.json,500,1f8de088474d039e9a1b1ab4e79e4f12bc3b391229705bf43a465df08c539a1c
water-filled,Water-filled,27,ambient_rate_mcps,training/water-filled.measurement_27.csv.6jlbo845.ingestion-544b9ff949-ft4f6.json,500,d9c0f4cd0ccd1e7d31804c807d93597078a2f1f9aaeff61b1a9e7e6e776c4f91
water-filled,Water-filled,27,distance_mm,training/water-filled.measurement_27.csv.6jlbo845.ingestion-544b9ff949-ft4f6.json,500,d9c0f4cd0ccd1e7d31804c807d93597078a2f1f9aaeff61b1a9e7e6e776c4f91
water-filled,Water-filled,27,sigma_like,training/water-filled.measurement_27.csv.6jlbo845.ingestion-544b9ff949-ft4f6.json,500,d9c0f4cd0ccd1e7d31804c807d93597078a2f1f9aaeff61b1a9e7e6e776c4f91
water-filled,Water-filled,27,signal_rate_mcps,training/water-filled.measurement_27.csv.6jlbo845.ingestion-544b9ff949-ft4f6.json,500,d9c0f4cd0ccd1e7d31804c807d93597078a2f1f9aaeff61b1a9e7e6e776c4f91
water-filled,Water-filled,28,ambient_rate_mcps,training/water-filled.measurement_28.csv.6jlbo84g.ingestion-544b9ff949-rn5s8.json,500,5f16ae1c476bb549cd6622622978efd1da2aab65a10d8e7a11d5ce0763315ccf
water-filled,Water-filled,28,distance_mm,training/water-filled.measurement_28.csv.6jlbo84g.ingestion-544b9ff949-rn5s8.json,500,5f16ae1c476bb549cd6622622978efd1da2aab65a10d8e7a11d5ce0763315ccf
water-filled,Water-filled,28,sigma_like,training/water-filled.measurement_28.csv.6jlbo84g.ingestion-544b9ff949-rn5s8.json,500,5f16ae1c476bb549cd6622622978efd1da2aab65a10d8e7a11d5ce0763315ccf
water-filled,Water-filled,28,signal_rate_mcps,training/water-filled.measurement_28.csv.6jlbo84g.ingestion-544b9ff949-rn5s8.json,500,5f16ae1c476bb549cd6622622978efd1da2aab65a10d8e7a11d5ce0763315ccf
water-filled,Water-filled,29,ambient_rate_mcps,training/water-filled.measurement_29.csv.6jlbo84j.ingestion-544b9ff949-kks7w.json,500,db614921c5f55e905822ff409ebebe12d9b366c5348163d7397936124b9a982f
water-filled,Water-filled,29,distance_mm,training/water-filled.measurement_29.csv.6jlbo84j.ingestion-544b9ff949-kks7w.json,500,db614921c5f55e905822ff409ebebe12d9b366c5348163d7397936124b9a982f
water-filled,Water-filled,29,sigma_like,training/water-filled.measurement_29.csv.6jlbo84j.ingestion-544b9ff949-kks7w.json,500,db614921c5f55e905822ff409ebebe12d9b366c5348163d7397936124b9a982f
water-filled,Water-filled,29,signal_rate_mcps,training/water-filled.measurement_29.csv.6jlbo84j.ingestion-544b9ff949-kks7w.json,500,db614921c5f55e905822ff409ebebe12d9b366c5348163d7397936124b9a982f
water-filled,Water-filled,3,ambient_rate_mcps,training/water-filled.measurement_3.csv.6jlbo84m.ingestion-544b9ff949-ft4f6.json,500,07717ea7d758d9d653ac074e341fd7a20bebdac1d58cd5e3c16a1009cfb5a215
water-filled,Water-filled,3,distance_mm,training/water-filled.measurement_3.csv.6jlbo84m.ingestion-544b9ff949-ft4f6.json,500,07717ea7d758d9d653ac074e341fd7a20bebdac1d58cd5e3c16a1009cfb5a215
water-filled,Water-filled,3,sigma_like,training/water-filled.measurement_3.csv.6jlbo84m.ingestion-544b9ff949-ft4f6.json,500,07717ea7d758d9d653ac074e341fd7a20bebdac1d58cd5e3c16a1009cfb5a215
water-filled,Water-filled,3,signal_rate_mcps,training/water-filled.measurement_3.csv.6jlbo84m.ingestion-544b9ff949-ft4f6.json,500,07717ea7d758d9d653ac074e341fd7a20bebdac1d58cd5e3c16a1009cfb5a215
water-filled,Water-filled,30,ambient_rate_mcps,training/water-filled.measurement_30.csv.6jlbo84o.ingestion-544b9ff949-rn5s8.json,500,647b6dcafe3f6496bf1f51670b4f7011b2e8ec6f002f4e15f7467e848a080878
water-filled,Water-filled,30,distance_mm,training/water-filled.measurement_30.csv.6jlbo84o.ingestion-544b9ff949-rn5s8.json,500,647b6dcafe3f6496bf1f51670b4f7011b2e8ec6f002f4e15f7467e848a080878
water-filled,Water-filled,30,sigma_like,training/water-filled.measurement_30.csv.6jlbo84o.ingestion-544b9ff949-rn5s8.json,500,647b6dcafe3f6496bf1f51670b4f7011b2e8ec6f002f4e15f7467e848a080878
water-filled,Water-filled,30,signal_rate_mcps,training/water-filled.measurement_30.csv.6jlbo84o.ingestion-544b9ff949-rn5s8.json,500,647b6dcafe3f6496bf1f51670b4f7011b2e8ec6f002f4e15f7467e848a080878
water-filled,Water-filled,32,ambient_rate_mcps,training/water-filled.measurement_32.csv.6jlbo85b.ingestion-544b9ff949-ft4f6.json,500,378b66fd8eadf785b644ffee36ff8f42c355ef5f47b34a3a40abc9749e83f3f6
water-filled,Water-filled,32,distance_mm,training/water-filled.measurement_32.csv.6jlbo85b.ingestion-544b9ff949-ft4f6.json,500,378b66fd8eadf785b644ffee36ff8f42c355ef5f47b34a3a40abc9749e83f3f6
water-filled,Water-filled,32,sigma_like,training/water-filled.measurement_32.csv.6jlbo85b.ingestion-544b9ff949-ft4f6.json,500,378b66fd8eadf785b644ffee36ff8f42c355ef5f47b34a3a40abc9749e83f3f6
water-filled,Water-filled,32,signal_rate_mcps,training/water-filled.measurement_32.csv.6jlbo85b.ingestion-544b9ff949-ft4f6.json,500,378b66fd8eadf785b644ffee36ff8f42c355ef5f47b34a3a40abc9749e83f3f6
water-filled,Water-filled,33,ambient_rate_mcps,training/water-filled.measurement_33.csv.6jlbo85e.ingestion-544b9ff949-rn5s8.json,500,ac9568fd9769a37bb507d88494b6630c0daadfb3a493cd4d5d1f9cc717f4f510
water-filled,Water-filled,33,distance_mm,training/water-filled.measurement_33.csv.6jlbo85e.ingestion-544b9ff949-rn5s8.json,500,ac9568fd9769a37bb507d88494b6630c0daadfb3a493cd4d5d1f9cc717f4f510
water-filled,Water-filled,33,sigma_like,training/water-filled.measurement_33.csv.6jlbo85e.ingestion-544b9ff949-rn5s8.json,500,ac9568fd9769a37bb507d88494b6630c0daadfb3a493cd4d5d1f9cc717f4f510
water-filled,Water-filled,33,signal_rate_mcps,training/water-filled.measurement_33.csv.6jlbo85e.ingestion-544b9ff949-rn5s8.json,500,ac9568fd9769a37bb507d88494b6630c0daadfb3a493cd4d5d1f9cc717f4f510
water-filled,Water-filled,34,ambient_rate_mcps,training/water-filled.measurement_34.csv.6jlbo85i.ingestion-544b9ff949-kks7w.json,500,389a7cdde77dad803b85e0ba47ef8f589c5b7c31a6d91ce2b431a0abfb1587d2
water-filled,Water-filled,34,distance_mm,training/water-filled.measurement_34.csv.6jlbo85i.ingestion-544b9ff949-kks7w.json,500,389a7cdde77dad803b85e0ba47ef8f589c5b7c31a6d91ce2b431a0abfb1587d2
water-filled,Water-filled,34,sigma_like,training/water-filled.measurement_34.csv.6jlbo85i.ingestion-544b9ff949-kks7w.json,500,389a7cdde77dad803b85e0ba47ef8f589c5b7c31a6d91ce2b431a0abfb1587d2
water-filled,Water-filled,34,signal_rate_mcps,training/water-filled.measurement_34.csv.6jlbo85i.ingestion-544b9ff949-kks7w.json,500,389a7cdde77dad803b85e0ba47ef8f589c5b7c31a6d91ce2b431a0abfb1587d2
water-filled,Water-filled,36,ambient_rate_mcps,training/water-filled.measurement_36.csv.6jlbo85t.ingestion-544b9ff949-rn5s8.json,500,5c9c64dd3bcf09eb8e1cd1ddbf19c6acef8cd2f79e72ced22a446f19c74bcb9d
water-filled,Water-filled,36,distance_mm,training/water-filled.measurement_36.csv.6jlbo85t.ingestion-544b9ff949-rn5s8.json,500,5c9c64dd3bcf09eb8e1cd1ddbf19c6acef8cd2f79e72ced22a446f19c74bcb9d
water-filled,Water-filled,36,sigma_like,training/water-filled.measurement_36.csv.6jlbo85t.ingestion-544b9ff949-rn5s8.json,500,5c9c64dd3bcf09eb8e1cd1ddbf19c6acef8cd2f79e72ced22a446f19c74bcb9d
water-filled,Water-filled,36,signal_rate_mcps,training/water-filled.measurement_36.csv.6jlbo85t.ingestion-544b9ff949-rn5s8.json,500,5c9c64dd3bcf09eb8e1cd1ddbf19c6acef8cd2f79e72ced22a446f19c74bcb9d
water-filled,Water-filled,37,ambient_rate_mcps,training/water-filled.measurement_37.csv.6jlbo86f.ingestion-544b9ff949-kks7w.json,500,50211ee6dbe31731b1342b7bf439679775349fdc65e8dc3bd0ee79b831c7e09a
water-filled,Water-filled,37,distance_mm,training/water-filled.measurement_37.csv.6jlbo86f.ingestion-544b9ff949-kks7w.json,500,50211ee6dbe31731b1342b7bf439679775349fdc65e8dc3bd0ee79b831c7e09a
water-filled,Water-filled,37,sigma_like,training/water-filled.measurement_37.csv.6jlbo86f.ingestion-544b9ff949-kks7w.json,500,50211ee6dbe31731b1342b7bf439679775349fdc65e8dc3bd0ee79b831c7e09a
water-filled,Water-filled,37,signal_rate_mcps,training/water-filled.measurement_37.csv.6jlbo86f.ingestion-544b9ff949-kks7w.json,500,50211ee6dbe31731b1342b7bf439679775349fdc65e8dc3bd0ee79b831c7e09a
water-filled,Water-filled,38,ambient_rate_mcps,training/water-filled.measurement_38.csv.6jlbo86l.ingestion-544b9ff949-ft4f6.json,500,074abd9047e3bd2ee2ae53f90ffca3b98f69e8b4584dcc49bee8a3252a081738
water-filled,Water-filled,38,distance_mm,training/water-filled.measurement_38.csv.6jlbo86l.ingestion-544b9ff949-ft4f6.json,500,074abd9047e3bd2ee2ae53f90ffca3b98f69e8b4584dcc49bee8a3252a081738
water-filled,Water-filled,38,sigma_like,training/water-filled.measurement_38.csv.6jlbo86l.ingestion-544b9ff949-ft4f6.json,500,074abd9047e3bd2ee2ae53f90ffca3b98f69e8b4584dcc49bee8a3252a081738
water-filled,Water-filled,38,signal_rate_mcps,training/water-filled.measurement_38.csv.6jlbo86l.ingestion-544b9ff949-ft4f6.json,500,074abd9047e3bd2ee2ae53f90ffca3b98f69e8b4584dcc49bee8a3252a081738
water-filled,Water-filled,4,ambient_rate_mcps,training/water-filled.measurement_4.csv.6jlbo874.ingestion-544b9ff949-kks7w.json,500,1bf63c1ab9eaeb6555c075e7deb8b146ce518e2275c8225d84776f35d7cfbeb0
water-filled,Water-filled,4,distance_mm,training/water-filled.measurement_4.csv.6jlbo874.ingestion-544b9ff949-kks7w.json,500,1bf63c1ab9eaeb6555c075e7deb8b146ce518e2275c8225d84776f35d7cfbeb0
water-filled,Water-filled,4,sigma_like,training/water-filled.measurement_4.csv.6jlbo874.ingestion-544b9ff949-kks7w.json,500,1bf63c1ab9eaeb6555c075e7deb8b146ce518e2275c8225d84776f35d7cfbeb0
water-filled,Water-filled,4,signal_rate_mcps,training/water-filled.measurement_4.csv.6jlbo874.ingestion-544b9ff949-kks7w.json,500,1bf63c1ab9eaeb6555c075e7deb8b146ce518e2275c8225d84776f35d7cfbeb0
water-filled,Water-filled,40,ambient_rate_mcps,training/water-filled.measurement_40.csv.6jlbo87h.ingestion-544b9ff949-ft4f6.json,500,20a1c0f3dbb6d67fcfa8b46ebe1342892c1f8d5a02f0ce4c962161712e25604a
water-filled,Water-filled,40,distance_mm,training/water-filled.measurement_40.csv.6jlbo87h.ingestion-544b9ff949-ft4f6.json,500,20a1c0f3dbb6d67fcfa8b46ebe1342892c1f8d5a02f0ce4c962161712e25604a
water-filled,Water-filled,40,sigma_like,training/water-filled.measurement_40.csv.6jlbo87h.ingestion-544b9ff949-ft4f6.json,500,20a1c0f3dbb6d67fcfa8b46ebe1342892c1f8d5a02f0ce4c962161712e25604a
water-filled,Water-filled,40,signal_rate_mcps,training/water-filled.measurement_40.csv.6jlbo87h.ingestion-544b9ff949-ft4f6.json,500,20a1c0f3dbb6d67fcfa8b46ebe1342892c1f8d5a02f0ce4c962161712e25604a
water-filled,Water-filled,41,ambient_rate_mcps,training/water-filled.measurement_41.csv.6jlbo87t.ingestion-544b9ff949-rn5s8.json,500,b52072c69da2ceeed46c1be46dea94aac44ec6d092be81b90fcbfa66d170c06c
water-filled,Water-filled,41,distance_mm,training/water-filled.measurement_41.csv.6jlbo87t.ingestion-544b9ff949-rn5s8.json,500,b52072c69da2ceeed46c1be46dea94aac44ec6d092be81b90fcbfa66d170c06c
water-filled,Water-filled,41,sigma_like,training/water-filled.measurement_41.csv.6jlbo87t.ingestion-544b9ff949-rn5s8.json,500,b52072c69da2ceeed46c1be46dea94aac44ec6d092be81b90fcbfa66d170c06c
water-filled,Water-filled,41,signal_rate_mcps,training/water-filled.measurement_41.csv.6jlbo87t.ingestion-544b9ff949-rn5s8.json,500,b52072c69da2ceeed46c1be46dea94aac44ec6d092be81b90fcbfa66d170c06c
water-filled,Water-filled,42,ambient_rate_mcps,training/water-filled.measurement_42.csv.6jlbo889.ingestion-544b9ff949-kks7w.json,500,0f8467360adb63834e4a4e5bd66ef4fdce9540072ac026d6f44efbf0a526183b
water-filled,Water-filled,42,distance_mm,training/water-filled.measurement_42.csv.6jlbo889.ingestion-544b9ff949-kks7w.json,500,0f8467360adb63834e4a4e5bd66ef4fdce9540072ac026d6f44efbf0a526183b
water-filled,Water-filled,42,sigma_like,training/water-filled.measurement_42.csv.6jlbo889.ingestion-544b9ff949-kks7w.json,500,0f8467360adb63834e4a4e5bd66ef4fdce9540072ac026d6f44efbf0a526183b
water-filled,Water-filled,42,signal_rate_mcps,training/water-filled.measurement_42.csv.6jlbo889.ingestion-544b9ff949-kks7w.json,500,0f8467360adb63834e4a4e5bd66ef4fdce9540072ac026d6f44efbf0a526183b
water-filled,Water-filled,43,ambient_rate_mcps,training/water-filled.measurement_43.csv.6jlbo88b.ingestion-544b9ff949-ft4f6.json,500,e2b4421874f4511c73bb1ee61fb3bf9b167d4868649c09119574fbd93241ebc9
water-filled,Water-filled,43,distance_mm,training/water-filled.measurement_43.csv.6jlbo88b.ingestion-544b9ff949-ft4f6.json,500,e2b4421874f4511c73bb1ee61fb3bf9b167d4868649c09119574fbd93241ebc9
water-filled,Water-filled,43,sigma_like,training/water-filled.measurement_43.csv.6jlbo88b.ingestion-544b9ff949-ft4f6.json,500,e2b4421874f4511c73bb1ee61fb3bf9b167d4868649c09119574fbd93241ebc9
water-filled,Water-filled,43,signal_rate_mcps,training/water-filled.measurement_43.csv.6jlbo88b.ingestion-544b9ff949-ft4f6.json,500,e2b4421874f4511c73bb1ee61fb3bf9b167d4868649c09119574fbd93241ebc9
water-filled,Water-filled,45,ambient_rate_mcps,training/water-filled.measurement_45.csv.6jlbo8ep.ingestion-544b9ff949-kks7w.json,500,1c2c5c3e58f764dbc5e6edb714809a25546f838819302def03dc624a5dfee4ee
water-filled,Water-filled,45,distance_mm,training/water-filled.measurement_45.csv.6jlbo8ep.ingestion-544b9ff949-kks7w.json,500,1c2c5c3e58f764dbc5e6edb714809a25546f838819302def03dc624a5dfee4ee
water-filled,Water-filled,45,sigma_like,training/water-filled.measurement_45.csv.6jlbo8ep.ingestion-544b9ff949-kks7w.json,500,1c2c5c3e58f764dbc5e6edb714809a25546f838819302def03dc624a5dfee4ee
water-filled,Water-filled,45,signal_rate_mcps,training/water-filled.measurement_45.csv.6jlbo8ep.ingestion-544b9ff949-kks7w.json,500,1c2c5c3e58f764dbc5e6edb714809a25546f838819302def03dc624a5dfee4ee
water-filled,Water-filled,46,ambient_rate_mcps,training/water-filled.measurement_46.csv.6jlbo8ev.ingestion-544b9ff949-ft4f6.json,500,9be0126d5d12846a941376694f65e6c1379fec0daa2045464df968b2e2f7299d
water-filled,Water-filled,46,distance_mm,training/water-filled.measurement_46.csv.6jlbo8ev.ingestion-544b9ff949-ft4f6.json,500,9be0126d5d12846a941376694f65e6c1379fec0daa2045464df968b2e2f7299d
water-filled,Water-filled,46,sigma_like,training/water-filled.measurement_46.csv.6jlbo8ev.ingestion-544b9ff949-ft4f6.json,500,9be0126d5d12846a941376694f65e6c1379fec0daa2045464df968b2e2f7299d
water-filled,Water-filled,46,signal_rate_mcps,training/water-filled.measurement_46.csv.6jlbo8ev.ingestion-544b9ff949-ft4f6.json,500,9be0126d5d12846a941376694f65e6c1379fec0daa2045464df968b2e2f7299d
water-filled,Water-filled,47,ambient_rate_mcps,training/water-filled.measurement_47.csv.6jlbo8f5.ingestion-544b9ff949-rn5s8.json,500,f7ba6ee1f4850a62816d860318fcba522e8ea0ed44f81bb7b1ea927bdd06c8b0
water-filled,Water-filled,47,distance_mm,training/water-filled.measurement_47.csv.6jlbo8f5.ingestion-544b9ff949-rn5s8.json,500,f7ba6ee1f4850a62816d860318fcba522e8ea0ed44f81bb7b1ea927bdd06c8b0
water-filled,Water-filled,47,sigma_like,training/water-filled.measurement_47.csv.6jlbo8f5.ingestion-544b9ff949-rn5s8.json,500,f7ba6ee1f4850a62816d860318fcba522e8ea0ed44f81bb7b1ea927bdd06c8b0
water-filled,Water-filled,47,signal_rate_mcps,training/water-filled.measurement_47.csv.6jlbo8f5.ingestion-544b9ff949-rn5s8.json,500,f7ba6ee1f4850a62816d860318fcba522e8ea0ed44f81bb7b1ea927bdd06c8b0
water-filled,Water-filled,48,ambient_rate_mcps,training/water-filled.measurement_48.csv.6jlbo8f9.ingestion-544b9ff949-kks7w.json,500,37ce9b0d94bdf7e8650905a8c2869374affcffcf29a161d783a1b1547d3634ea
water-filled,Water-filled,48,distance_mm,training/water-filled.measurement_48.csv.6jlbo8f9.ingestion-544b9ff949-kks7w.json,500,37ce9b0d94bdf7e8650905a8c2869374affcffcf29a161d783a1b1547d3634ea
water-filled,Water-filled,48,sigma_like,training/water-filled.measurement_48.csv.6jlbo8f9.ingestion-544b9ff949-kks7w.json,500,37ce9b0d94bdf7e8650905a8c2869374affcffcf29a161d783a1b1547d3634ea
water-filled,Water-filled,48,signal_rate_mcps,training/water-filled.measurement_48.csv.6jlbo8f9.ingestion-544b9ff949-kks7w.json,500,37ce9b0d94bdf7e8650905a8c2869374affcffcf29a161d783a1b1547d3634ea
water-filled,Water-filled,49,ambient_rate_mcps,training/water-filled.measurement_49.csv.6jlbo8fi.ingestion-544b9ff949-ft4f6.json,500,8c85a581e8988b7d08cdcf061d4da9d85197eb9df2d33cdebdd977f9f5a184c3
water-filled,Water-filled,49,distance_mm,training/water-filled.measurement_49.csv.6jlbo8fi.ingestion-544b9ff949-ft4f6.json,500,8c85a581e8988b7d08cdcf061d4da9d85197eb9df2d33cdebdd977f9f5a184c3
water-filled,Water-filled,49,sigma_like,training/water-filled.measurement_49.csv.6jlbo8fi.ingestion-544b9ff949-ft4f6.json,500,8c85a581e8988b7d08cdcf061d4da9d85197eb9df2d33cdebdd977f9f5a184c3
water-filled,Water-filled,49,signal_rate_mcps,training/water-filled.measurement_49.csv.6jlbo8fi.ingestion-544b9ff949-ft4f6.json,500,8c85a581e8988b7d08cdcf061d4da9d85197eb9df2d33cdebdd977f9f5a184c3
water-filled,Water-filled,50,ambient_rate_mcps,training/water-filled.measurement_50.csv.6jlbo8fu.ingestion-544b9ff949-kks7w.json,500,92b7e1b7c657294883a7605089e8d10f9f318b7e3b80122104574940ffde2138
water-filled,Water-filled,50,distance_mm,training/water-filled.measurement_50.csv.6jlbo8fu.ingestion-544b9ff949-kks7w.json,500,92b7e1b7c657294883a7605089e8d10f9f318b7e3b80122104574940ffde2138
water-filled,Water-filled,50,sigma_like,training/water-filled.measurement_50.csv.6jlbo8fu.ingestion-544b9ff949-kks7w.json,500,92b7e1b7c657294883a7605089e8d10f9f318b7e3b80122104574940ffde2138
water-filled,Water-filled,50,signal_rate_mcps,training/water-filled.measurement_50.csv.6jlbo8fu.ingestion-544b9ff949-kks7w.json,500,92b7e1b7c657294883a7605089e8d10f9f318b7e3b80122104574940ffde2138
water-filled,Water-filled,51,ambient_rate_mcps,training/water-filled.measurement_51.csv.6jlbo8fr.ingestion-544b9ff949-ft4f6.json,500,502546aff061088da0acb962f0f8f3e861e00f5f037b215761e5bce2576e4e00
water-filled,Water-filled,51,distance_mm,training/water-filled.measurement_51.csv.6jlbo8fr.ingestion-544b9ff949-ft4f6.json,500,502546aff061088da0acb962f0f8f3e861e00f5f037b215761e5bce2576e4e00
water-filled,Water-filled,51,sigma_like,training/water-filled.measurement_51.csv.6jlbo8fr.ingestion-544b9ff949-ft4f6.json,500,502546aff061088da0acb962f0f8f3e861e00f5f037b215761e5bce2576e4e00
water-filled,Water-filled,51,signal_rate_mcps,training/water-filled.measurement_51.csv.6jlbo8fr.ingestion-544b9ff949-ft4f6.json,500,502546aff061088da0acb962f0f8f3e861e00f5f037b215761e5bce2576e4e00
water-filled,Water-filled,53,ambient_rate_mcps,training/water-filled.measurement_53.csv.6jlbo8g4.ingestion-544b9ff949-kks7w.json,500,6e6ee101905d757e2bbd67ae0f326076a1af96d5c6d85eec2e7f999018246f5b
water-filled,Water-filled,53,distance_mm,training/water-filled.measurement_53.csv.6jlbo8g4.ingestion-544b9ff949-kks7w.json,500,6e6ee101905d757e2bbd67ae0f326076a1af96d5c6d85eec2e7f999018246f5b
water-filled,Water-filled,53,sigma_like,training/water-filled.measurement_53.csv.6jlbo8g4.ingestion-544b9ff949-kks7w.json,500,6e6ee101905d757e2bbd67ae0f326076a1af96d5c6d85eec2e7f999018246f5b
water-filled,Water-filled,53,signal_rate_mcps,training/water-filled.measurement_53.csv.6jlbo8g4.ingestion-544b9ff949-kks7w.json,500,6e6ee101905d757e2bbd67ae0f326076a1af96d5c6d85eec2e7f999018246f5b
water-filled,Water-filled,54,ambient_rate_mcps,training/water-filled.measurement_54.csv.6jlbo8g5.ingestion-544b9ff949-ft4f6.json,500,92eb08794b51077749df102f1ac92a4175b7b027178b093b78c6dc30ec3c4ae5
water-filled,Water-filled,54,distance_mm,training/water-filled.measurement_54.csv.6jlbo8g5.ingestion-544b9ff949-ft4f6.json,500,92eb08794b51077749df102f1ac92a4175b7b027178b093b78c6dc30ec3c4ae5
water-filled,Water-filled,54,sigma_like,training/water-filled.measurement_54.csv.6jlbo8g5.ingestion-544b9ff949-ft4f6.json,500,92eb08794b51077749df102f1ac92a4175b7b027178b093b78c6dc30ec3c4ae5
water-filled,Water-filled,54,signal_rate_mcps,training/water-filled.measurement_54.csv.6jlbo8g5.ingestion-544b9ff949-ft4f6.json,500,92eb08794b51077749df102f1ac92a4175b7b027178b093b78c6dc30ec3c4ae5
water-filled,Water-filled,55,ambient_rate_mcps,training/water-filled.measurement_55.csv.6jlbo8gg.ingestion-544b9ff949-rn5s8.json,500,d3422346931affbc5bbd6366896857de22ac9880b5646d1029e239bf0a9a06a6
water-filled,Water-filled,55,distance_mm,training/water-filled.measurement_55.csv.6jlbo8gg.ingestion-544b9ff949-rn5s8.json,500,d3422346931affbc5bbd6366896857de22ac9880b5646d1029e239bf0a9a06a6
water-filled,Water-filled,55,sigma_like,training/water-filled.measurement_55.csv.6jlbo8gg.ingestion-544b9ff949-rn5s8.json,500,d3422346931affbc5bbd6366896857de22ac9880b5646d1029e239bf0a9a06a6
water-filled,Water-filled,55,signal_rate_mcps,training/water-filled.measurement_55.csv.6jlbo8gg.ingestion-544b9ff949-rn5s8.json,500,d3422346931affbc5bbd6366896857de22ac9880b5646d1029e239bf0a9a06a6
water-filled,Water-filled,56,ambient_rate_mcps,training/water-filled.measurement_56.csv.6jlbo8gq.ingestion-544b9ff949-kks7w.json,500,b2ee17caba665150b5f697eb0c1c1f584b6f2bb174797b18a697280d0e6ba36e
water-filled,Water-filled,56,distance_mm,training/water-filled.measurement_56.csv.6jlbo8gq.ingestion-544b9ff949-kks7w.json,500,b2ee17caba665150b5f697eb0c1c1f584b6f2bb174797b18a697280d0e6ba36e
water-filled,Water-filled,56,sigma_like,training/water-filled.measurement_56.csv.6jlbo8gq.ingestion-544b9ff949-kks7w.json,500,b2ee17caba665150b5f697eb0c1c1f584b6f2bb174797b18a697280d0e6ba36e
water-filled,Water-filled,56,signal_rate_mcps,training/water-filled.measurement_56.csv.6jlbo8gq.ingestion-544b9ff949-kks7w.json,500,b2ee17caba665150b5f697eb0c1c1f584b6f2bb174797b18a697280d0e6ba36e
water-filled,Water-filled,57,ambient_rate_mcps,training/water-filled.measurement_57.csv.6jlbo8gs.ingestion-544b9ff949-ft4f6.json,500,e91d716160bff796e8d8cb73f41040e1945e9ede0fb7c592d8ceebff0c60cada
water-filled,Water-filled,57,distance_mm,training/water-filled.measurement_57.csv.6jlbo8gs.ingestion-544b9ff949-ft4f6.json,500,e91d716160bff796e8d8cb73f41040e1945e9ede0fb7c592d8ceebff0c60cada
water-filled,Water-filled,57,sigma_like,training/water-filled.measurement_57.csv.6jlbo8gs.ingestion-544b9ff949-ft4f6.json,500,e91d716160bff796e8d8cb73f41040e1945e9ede0fb7c592d8ceebff0c60cada
water-filled,Water-filled,57,signal_rate_mcps,training/water-filled.measurement_57.csv.6jlbo8gs.ingestion-544b9ff949-ft4f6.json,500,e91d716160bff796e8d8cb73f41040e1945e9ede0fb7c592d8ceebff0c60cada
water-filled,Water-filled,59,ambient_rate_mcps,training/water-filled.measurement_59.csv.6jlbo8i0.ingestion-544b9ff949-kks7w.json,500,d6efe01fc0430347ec7041bae478dbb58aafe197bfc05fafbffbddbb5238102a
water-filled,Water-filled,59,distance_mm,training/water-filled.measurement_59.csv.6jlbo8i0.ingestion-544b9ff949-kks7w.json,500,d6efe01fc0430347ec7041bae478dbb58aafe197bfc05fafbffbddbb5238102a
water-filled,Water-filled,59,sigma_like,training/water-filled.measurement_59.csv.6jlbo8i0.ingestion-544b9ff949-kks7w.json,500,d6efe01fc0430347ec7041bae478dbb58aafe197bfc05fafbffbddbb5238102a
water-filled,Water-filled,59,signal_rate_mcps,training/water-filled.measurement_59.csv.6jlbo8i0.ingestion-544b9ff949-kks7w.json,500,d6efe01fc0430347ec7041bae478dbb58aafe197bfc05fafbffbddbb5238102a
water-filled,Water-filled,6,ambient_rate_mcps,training/water-filled.measurement_6.csv.6jlbo8i6.ingestion-544b9ff949-ft4f6.json,500,99d9f1ee797285da7bbf221855f23acf4467a8b7c3d4c6191a0b9fae5945a289
water-filled,Water-filled,6,distance_mm,training/water-filled.measurement_6.csv.6jlbo8i6.ingestion-544b9ff949-ft4f6.json,500,99d9f1ee797285da7bbf221855f23acf4467a8b7c3d4c6191a0b9fae5945a289
water-filled,Water-filled,6,sigma_like,training/water-filled.measurement_6.csv.6jlbo8i6.ingestion-544b9ff949-ft4f6.json,500,99d9f1ee797285da7bbf221855f23acf4467a8b7c3d4c6191a0b9fae5945a289
water-filled,Water-filled,6,signal_rate_mcps,training/water-filled.measurement_6.csv.6jlbo8i6.ingestion-544b9ff949-ft4f6.json,500,99d9f1ee797285da7bbf221855f23acf4467a8b7c3d4c6191a0b9fae5945a289
water-filled,Water-filled,60,ambient_rate_mcps,training/water-filled.measurement_60.csv.6jlbo8ij.ingestion-544b9ff949-rn5s8.json,500,36ed6811529f33f2ef0ea3a035f6be16c04514a7a4fd191e55aeb04b3489bfca
water-filled,Water-filled,60,distance_mm,training/water-filled.measurement_60.csv.6jlbo8ij.ingestion-544b9ff949-rn5s8.json,500,36ed6811529f33f2ef0ea3a035f6be16c04514a7a4fd191e55aeb04b3489bfca
water-filled,Water-filled,60,sigma_like,training/water-filled.measurement_60.csv.6jlbo8ij.ingestion-544b9ff949-rn5s8.json,500,36ed6811529f33f2ef0ea3a035f6be16c04514a7a4fd191e55aeb04b3489bfca
water-filled,Water-filled,60,signal_rate_mcps,training/water-filled.measurement_60.csv.6jlbo8ij.ingestion-544b9ff949-rn5s8.json,500,36ed6811529f33f2ef0ea3a035f6be16c04514a7a4fd191e55aeb04b3489bfca
water-filled,Water-filled,61,ambient_rate_mcps,training/water-filled.measurement_61.csv.6jlbo8ip.ingestion-544b9ff949-kks7w.json,500,740381f6ff4701ffccae4fedfca6c491bb6420d20c39af91d4894e35ace328b4
water-filled,Water-filled,61,distance_mm,training/water-filled.measurement_61.csv.6jlbo8ip.ingestion-544b9ff949-kks7w.json,500,740381f6ff4701ffccae4fedfca6c491bb6420d20c39af91d4894e35ace328b4
water-filled,Water-filled,61,sigma_like,training/water-filled.measurement_61.csv.6jlbo8ip.ingestion-544b9ff949-kks7w.json,500,740381f6ff4701ffccae4fedfca6c491bb6420d20c39af91d4894e35ace328b4
water-filled,Water-filled,61,signal_rate_mcps,training/water-filled.measurement_61.csv.6jlbo8ip.ingestion-544b9ff949-kks7w.json,500,740381f6ff4701ffccae4fedfca6c491bb6420d20c39af91d4894e35ace328b4
water-filled,Water-filled,63,ambient_rate_mcps,training/water-filled.measurement_63.csv.6jlbo8p9.ingestion-544b9ff949-rn5s8.json,500,6d03e07a592935b8dc8da0d478b2076ee9cfaab34e90b38576242dcbd41e9f56
water-filled,Water-filled,63,distance_mm,training/water-filled.measurement_63.csv.6jlbo8p9.ingestion-544b9ff949-rn5s8.json,500,6d03e07a592935b8dc8da0d478b2076ee9cfaab34e90b38576242dcbd41e9f56
water-filled,Water-filled,63,sigma_like,training/water-filled.measurement_63.csv.6jlbo8p9.ingestion-544b9ff949-rn5s8.json,500,6d03e07a592935b8dc8da0d478b2076ee9cfaab34e90b38576242dcbd41e9f56
water-filled,Water-filled,63,signal_rate_mcps,training/water-filled.measurement_63.csv.6jlbo8p9.ingestion-544b9ff949-rn5s8.json,500,6d03e07a592935b8dc8da0d478b2076ee9cfaab34e90b38576242dcbd41e9f56
water-filled,Water-filled,65,ambient_rate_mcps,training/water-filled.measurement_65.csv.6jlbo8pe.ingestion-544b9ff949-ft4f6.json,500,f7d387d191bec20dedf3726c6ec90bbb540011d48fee815cec2130fe38c09485
water-filled,Water-filled,65,distance_mm,training/water-filled.measurement_65.csv.6jlbo8pe.ingestion-544b9ff949-ft4f6.json,500,f7d387d191bec20dedf3726c6ec90bbb540011d48fee815cec2130fe38c09485
water-filled,Water-filled,65,sigma_like,training/water-filled.measurement_65.csv.6jlbo8pe.ingestion-544b9ff949-ft4f6.json,500,f7d387d191bec20dedf3726c6ec90bbb540011d48fee815cec2130fe38c09485
water-filled,Water-filled,65,signal_rate_mcps,training/water-filled.measurement_65.csv.6jlbo8pe.ingestion-544b9ff949-ft4f6.json,500,f7d387d191bec20dedf3726c6ec90bbb540011d48fee815cec2130fe38c09485
water-filled,Water-filled,66,ambient_rate_mcps,training/water-filled.measurement_66.csv.6jlbo8pl.ingestion-544b9ff949-kks7w.json,500,242e32f9d9e4d1535fbcf77f1e8c1cc44219c9961fcd4a49c13b02ba88a23917
water-filled,Water-filled,66,distance_mm,training/water-filled.measurement_66.csv.6jlbo8pl.ingestion-544b9ff949-kks7w.json,500,242e32f9d9e4d1535fbcf77f1e8c1cc44219c9961fcd4a49c13b02ba88a23917
water-filled,Water-filled,66,sigma_like,training/water-filled.measurement_66.csv.6jlbo8pl.ingestion-544b9ff949-kks7w.json,500,242e32f9d9e4d1535fbcf77f1e8c1cc44219c9961fcd4a49c13b02ba88a23917
water-filled,Water-filled,66,signal_rate_mcps,training/water-filled.measurement_66.csv.6jlbo8pl.ingestion-544b9ff949-kks7w.json,500,242e32f9d9e4d1535fbcf77f1e8c1cc44219c9961fcd4a49c13b02ba88a23917
water-filled,Water-filled,67,ambient_rate_mcps,training/water-filled.measurement_67.csv.6jlbo8pk.ingestion-544b9ff949-rn5s8.json,500,605415ab23e4bf607ccbabd152e5f128d3dae9fc672be69a4a48a0abdceeaab5
water-filled,Water-filled,67,distance_mm,training/water-filled.measurement_67.csv.6jlbo8pk.ingestion-544b9ff949-rn5s8.json,500,605415ab23e4bf607ccbabd152e5f128d3dae9fc672be69a4a48a0abdceeaab5
water-filled,Water-filled,67,sigma_like,training/water-filled.measurement_67.csv.6jlbo8pk.ingestion-544b9ff949-rn5s8.json,500,605415ab23e4bf607ccbabd152e5f128d3dae9fc672be69a4a48a0abdceeaab5
water-filled,Water-filled,67,signal_rate_mcps,training/water-filled.measurement_67.csv.6jlbo8pk.ingestion-544b9ff949-rn5s8.json,500,605415ab23e4bf607ccbabd152e5f128d3dae9fc672be69a4a48a0abdceeaab5
water-filled,Water-filled,68,ambient_rate_mcps,training/water-filled.measurement_68.csv.6jlbo8pn.ingestion-544b9ff949-ft4f6.json,500,e5b81547817f8d87043f454beb22812afdc3fc0f36872b5b23aa9aabf11fd82e
water-filled,Water-filled,68,distance_mm,training/water-filled.measurement_68.csv.6jlbo8pn.ingestion-544b9ff949-ft4f6.json,500,e5b81547817f8d87043f454beb22812afdc3fc0f36872b5b23aa9aabf11fd82e
water-filled,Water-filled,68,sigma_like,training/water-filled.measurement_68.csv.6jlbo8pn.ingestion-544b9ff949-ft4f6.json,500,e5b81547817f8d87043f454beb22812afdc3fc0f36872b5b23aa9aabf11fd82e
water-filled,Water-filled,68,signal_rate_mcps,training/water-filled.measurement_68.csv.6jlbo8pn.ingestion-544b9ff949-ft4f6.json,500,e5b81547817f8d87043f454beb22812afdc3fc0f36872b5b23aa9aabf11fd82e
water-filled,Water-filled,69,ambient_rate_mcps,training/water-filled.measurement_69.csv.6jlbo8qe.ingestion-544b9ff949-rn5s8.json,500,d6ac646785f206413788034077be5604836b43ce45dff70544d615ebd6108f66
water-filled,Water-filled,69,distance_mm,training/water-filled.measurement_69.csv.6jlbo8qe.ingestion-544b9ff949-rn5s8.json,500,d6ac646785f206413788034077be5604836b43ce45dff70544d615ebd6108f66
water-filled,Water-filled,69,sigma_like,training/water-filled.measurement_69.csv.6jlbo8qe.ingestion-544b9ff949-rn5s8.json,500,d6ac646785f206413788034077be5604836b43ce45dff70544d615ebd6108f66
water-filled,Water-filled,69,signal_rate_mcps,training/water-filled.measurement_69.csv.6jlbo8qe.ingestion-544b9ff949-rn5s8.json,500,d6ac646785f206413788034077be5604836b43ce45dff70544d615ebd6108f66
water-filled,Water-filled,7,ambient_rate_mcps,training/water-filled.measurement_7.csv.6jlbo8q9.ingestion-544b9ff949-kks7w.json,500,56fc7cabde2f51c0c8f1ea11b5e17408d28ce67527cba58b792755271c46fe21
water-filled,Water-filled,7,distance_mm,training/water-filled.measurement_7.csv.6jlbo8q9.ingestion-544b9ff949-kks7w.json,500,56fc7cabde2f51c0c8f1ea11b5e17408d28ce67527cba58b792755271c46fe21
water-filled,Water-filled,7,sigma_like,training/water-filled.measurement_7.csv.6jlbo8q9.ingestion-544b9ff949-kks7w.json,500,56fc7cabde2f51c0c8f1ea11b5e17408d28ce67527cba58b792755271c46fe21
water-filled,Water-filled,7,signal_rate_mcps,training/water-filled.measurement_7.csv.6jlbo8q9.ingestion-544b9ff949-kks7w.json,500,56fc7cabde2f51c0c8f1ea11b5e17408d28ce67527cba58b792755271c46fe21
water-filled,Water-filled,70,ambient_rate_mcps,training/water-filled.measurement_70.csv.6jlbo8qb.ingestion-544b9ff949-ft4f6.json,500,abe8db92970ba4b1d2aba0c64e69461f559cdd983858be5f4567059b2218d8d7
water-filled,Water-filled,70,distance_mm,training/water-filled.measurement_70.csv.6jlbo8qb.ingestion-544b9ff949-ft4f6.json,500,abe8db92970ba4b1d2aba0c64e69461f559cdd983858be5f4567059b2218d8d7
water-filled,Water-filled,70,sigma_like,training/water-filled.measurement_70.csv.6jlbo8qb.ingestion-544b9ff949-ft4f6.json,500,abe8db92970ba4b1d2aba0c64e69461f559cdd983858be5f4567059b2218d8d7
water-filled,Water-filled,70,signal_rate_mcps,training/water-filled.measurement_70.csv.6jlbo8qb.ingestion-544b9ff949-ft4f6.json,500,abe8db92970ba4b1d2aba0c64e69461f559cdd983858be5f4567059b2218d8d7
water-filled,Water-filled,72,ambient_rate_mcps,training/water-filled.measurement_72.csv.6jlbo8qh.ingestion-544b9ff949-kks7w.json,500,1c95901e67492dbbd664ca8e9ba0a0a531f1faab8bebe2cb346b5f55765836b3
water-filled,Water-filled,72,distance_mm,training/water-filled.measurement_72.csv.6jlbo8qh.ingestion-544b9ff949-kks7w.json,500,1c95901e67492dbbd664ca8e9ba0a0a531f1faab8bebe2cb346b5f55765836b3
water-filled,Water-filled,72,sigma_like,training/water-filled.measurement_72.csv.6jlbo8qh.ingestion-544b9ff949-kks7w.json,500,1c95901e67492dbbd664ca8e9ba0a0a531f1faab8bebe2cb346b5f55765836b3
water-filled,Water-filled,72,signal_rate_mcps,training/water-filled.measurement_72.csv.6jlbo8qh.ingestion-544b9ff949-kks7w.json,500,1c95901e67492dbbd664ca8e9ba0a0a531f1faab8bebe2cb346b5f55765836b3
water-filled,Water-filled,73,ambient_rate_mcps,training/water-filled.measurement_73.csv.6jlbo8qj.ingestion-544b9ff949-ft4f6.json,500,81d0f778d1771d7a934a0983b14760f3ec607dc4461c10c332b9b6fb09e78ebb
water-filled,Water-filled,73,distance_mm,training/water-filled.measurement_73.csv.6jlbo8qj.ingestion-544b9ff949-ft4f6.json,500,81d0f778d1771d7a934a0983b14760f3ec607dc4461c10c332b9b6fb09e78ebb
water-filled,Water-filled,73,sigma_like,training/water-filled.measurement_73.csv.6jlbo8qj.ingestion-544b9ff949-ft4f6.json,500,81d0f778d1771d7a934a0983b14760f3ec607dc4461c10c332b9b6fb09e78ebb
water-filled,Water-filled,73,signal_rate_mcps,training/water-filled.measurement_73.csv.6jlbo8qj.ingestion-544b9ff949-ft4f6.json,500,81d0f778d1771d7a934a0983b14760f3ec607dc4461c10c332b9b6fb09e78ebb
water-filled,Water-filled,74,ambient_rate_mcps,training/water-filled.measurement_74.csv.6jlbo8qr.ingestion-544b9ff949-rn5s8.json,500,dc388dc69fa750fff3e264b08e5d8df2b441bc213c052b5efab9384562140cdb
water-filled,Water-filled,74,distance_mm,training/water-filled.measurement_74.csv.6jlbo8qr.ingestion-544b9ff949-rn5s8.json,500,dc388dc69fa750fff3e264b08e5d8df2b441bc213c052b5efab9384562140cdb
water-filled,Water-filled,74,sigma_like,training/water-filled.measurement_74.csv.6jlbo8qr.ingestion-544b9ff949-rn5s8.json,500,dc388dc69fa750fff3e264b08e5d8df2b441bc213c052b5efab9384562140cdb
water-filled,Water-filled,74,signal_rate_mcps,training/water-filled.measurement_74.csv.6jlbo8qr.ingestion-544b9ff949-rn5s8.json,500,dc388dc69fa750fff3e264b08e5d8df2b441bc213c052b5efab9384562140cdb
water-filled,Water-filled,75,ambient_rate_mcps,training/water-filled.measurement_75.csv.6jlbo8rf.ingestion-544b9ff949-kks7w.json,500,d0baa620617fd8591d1a31e7af82d5ca4eb866184fe846a7e4b176ac9962071d
water-filled,Water-filled,75,distance_mm,training/water-filled.measurement_75.csv.6jlbo8rf.ingestion-544b9ff949-kks7w.json,500,d0baa620617fd8591d1a31e7af82d5ca4eb866184fe846a7e4b176ac9962071d
water-filled,Water-filled,75,sigma_like,training/water-filled.measurement_75.csv.6jlbo8rf.ingestion-544b9ff949-kks7w.json,500,d0baa620617fd8591d1a31e7af82d5ca4eb866184fe846a7e4b176ac9962071d
water-filled,Water-filled,75,signal_rate_mcps,training/water-filled.measurement_75.csv.6jlbo8rf.ingestion-544b9ff949-kks7w.json,500,d0baa620617fd8591d1a31e7af82d5ca4eb866184fe846a7e4b176ac9962071d
water-filled,Water-filled,77,ambient_rate_mcps,training/water-filled.measurement_77.csv.6jlbo8rr.ingestion-544b9ff949-rn5s8.json,500,5eee8d96724f2d3e0a3cf69fa2ca53036b39cd63770d577ed3a54c937e39510e
water-filled,Water-filled,77,distance_mm,training/water-filled.measurement_77.csv.6jlbo8rr.ingestion-544b9ff949-rn5s8.json,500,5eee8d96724f2d3e0a3cf69fa2ca53036b39cd63770d577ed3a54c937e39510e
water-filled,Water-filled,77,sigma_like,training/water-filled.measurement_77.csv.6jlbo8rr.ingestion-544b9ff949-rn5s8.json,500,5eee8d96724f2d3e0a3cf69fa2ca53036b39cd63770d577ed3a54c937e39510e
water-filled,Water-filled,77,signal_rate_mcps,training/water-filled.measurement_77.csv.6jlbo8rr.ingestion-544b9ff949-rn5s8.json,500,5eee8d96724f2d3e0a3cf69fa2ca53036b39cd63770d577ed3a54c937e39510e
water-filled,Water-filled,78,ambient_rate_mcps,training/water-filled.measurement_78.csv.6jlbo8sb.ingestion-544b9ff949-kks7w.json,500,2d3c70d79da84483e294e512dad0445ef2714a95dc4a9ea650616d307603a1ba
water-filled,Water-filled,78,distance_mm,training/water-filled.measurement_78.csv.6jlbo8sb.ingestion-544b9ff949-kks7w.json,500,2d3c70d79da84483e294e512dad0445ef2714a95dc4a9ea650616d307603a1ba
water-filled,Water-filled,78,sigma_like,training/water-filled.measurement_78.csv.6jlbo8sb.ingestion-544b9ff949-kks7w.json,500,2d3c70d79da84483e294e512dad0445ef2714a95dc4a9ea650616d307603a1ba
water-filled,Water-filled,78,signal_rate_mcps,training/water-filled.measurement_78.csv.6jlbo8sb.ingestion-544b9ff949-kks7w.json,500,2d3c70d79da84483e294e512dad0445ef2714a95dc4a9ea650616d307603a1ba
water-filled,Water-filled,79,ambient_rate_mcps,training/water-filled.measurement_79.csv.6jlbo8sm.ingestion-544b9ff949-ft4f6.json,500,df5fbab005f36b42e1825cb41b8cf2958c6d1d4d17a97e2c4215afdbbf9214ed
water-filled,Water-filled,79,distance_mm,training/water-filled.measurement_79.csv.6jlbo8sm.ingestion-544b9ff949-ft4f6.json,500,df5fbab005f36b42e1825cb41b8cf2958c6d1d4d17a97e2c4215afdbbf9214ed
water-filled,Water-filled,79,sigma_like,training/water-filled.measurement_79.csv.6jlbo8sm.ingestion-544b9ff949-ft4f6.json,500,df5fbab005f36b42e1825cb41b8cf2958c6d1d4d17a97e2c4215afdbbf9214ed
water-filled,Water-filled,79,signal_rate_mcps,training/water-filled.measurement_79.csv.6jlbo8sm.ingestion-544b9ff949-ft4f6.json,500,df5fbab005f36b42e1825cb41b8cf2958c6d1d4d17a97e2c4215afdbbf9214ed
water-filled,Water-filled,8,ambient_rate_mcps,training/water-filled.measurement_8.csv.6jlbo8sn.ingestion-544b9ff949-rn5s8.json,500,0cd695d7f349d01eb2d3933f41a002718cbb0836e75db3bff95b5e2ca8263b24
water-filled,Water-filled,8,distance_mm,training/water-filled.measurement_8.csv.6jlbo8sn.ingestion-544b9ff949-rn5s8.json,500,0cd695d7f349d01eb2d3933f41a002718cbb0836e75db3bff95b5e2ca8263b24
water-filled,Water-filled,8,sigma_like,training/water-filled.measurement_8.csv.6jlbo8sn.ingestion-544b9ff949-rn5s8.json,500,0cd695d7f349d01eb2d3933f41a002718cbb0836e75db3bff95b5e2ca8263b24
water-filled,Water-filled,8,signal_rate_mcps,training/water-filled.measurement_8.csv.6jlbo8sn.ingestion-544b9ff949-rn5s8.json,500,0cd695d7f349d01eb2d3933f41a002718cbb0836e75db3bff95b5e2ca8263b24
water-filled,Water-filled,81,ambient_rate_mcps,training/water-filled.measurement_81.csv.6jlbo93j.ingestion-544b9ff949-ft4f6.json,500,5990c196af653bbbc81703ec51879a44b2dc3f99b3013fb1d910e47b5bf561c1
water-filled,Water-filled,81,distance_mm,training/water-filled.measurement_81.csv.6jlbo93j.ingestion-544b9ff949-ft4f6.json,500,5990c196af653bbbc81703ec51879a44b2dc3f99b3013fb1d910e47b5bf561c1
water-filled,Water-filled,81,sigma_like,training/water-filled.measurement_81.csv.6jlbo93j.ingestion-544b9ff949-ft4f6.json,500,5990c196af653bbbc81703ec51879a44b2dc3f99b3013fb1d910e47b5bf561c1
water-filled,Water-filled,81,signal_rate_mcps,training/water-filled.measurement_81.csv.6jlbo93j.ingestion-544b9ff949-ft4f6.json,500,5990c196af653bbbc81703ec51879a44b2dc3f99b3013fb1d910e47b5bf561c1
water-filled,Water-filled,82,ambient_rate_mcps,training/water-filled.measurement_82.csv.6jlbo943.ingestion-544b9ff949-rn5s8.json,500,0a39d571b0b0a4664f5a3a85857ba245fe84829e24d3b7827c764157607714ec
water-filled,Water-filled,82,distance_mm,training/water-filled.measurement_82.csv.6jlbo943.ingestion-544b9ff949-rn5s8.json,500,0a39d571b0b0a4664f5a3a85857ba245fe84829e24d3b7827c764157607714ec
water-filled,Water-filled,82,sigma_like,training/water-filled.measurement_82.csv.6jlbo943.ingestion-544b9ff949-rn5s8.json,500,0a39d571b0b0a4664f5a3a85857ba245fe84829e24d3b7827c764157607714ec
water-filled,Water-filled,82,signal_rate_mcps,training/water-filled.measurement_82.csv.6jlbo943.ingestion-544b9ff949-rn5s8.json,500,0a39d571b0b0a4664f5a3a85857ba245fe84829e24d3b7827c764157607714ec
water-filled,Water-filled,83,ambient_rate_mcps,training/water-filled.measurement_83.csv.6jlbo943.ingestion-544b9ff949-kks7w.json,500,a4e606e87c317637a682484d98ca9ea0058ed06694343d64f2e8a1c039d3bddd
water-filled,Water-filled,83,distance_mm,training/water-filled.measurement_83.csv.6jlbo943.ingestion-544b9ff949-kks7w.json,500,a4e606e87c317637a682484d98ca9ea0058ed06694343d64f2e8a1c039d3bddd
water-filled,Water-filled,83,sigma_like,training/water-filled.measurement_83.csv.6jlbo943.ingestion-544b9ff949-kks7w.json,500,a4e606e87c317637a682484d98ca9ea0058ed06694343d64f2e8a1c039d3bddd
water-filled,Water-filled,83,signal_rate_mcps,training/water-filled.measurement_83.csv.6jlbo943.ingestion-544b9ff949-kks7w.json,500,a4e606e87c317637a682484d98ca9ea0058ed06694343d64f2e8a1c039d3bddd
water-filled,Water-filled,84,ambient_rate_mcps,training/water-filled.measurement_84.csv.6jlbo946.ingestion-544b9ff949-ft4f6.json,500,b2e120b28b2af4c80a0bb2bf7b70f3d7a0c4b5947f31a81d1a5626286a441277
water-filled,Water-filled,84,distance_mm,training/water-filled.measurement_84.csv.6jlbo946.ingestion-544b9ff949-ft4f6.json,500,b2e120b28b2af4c80a0bb2bf7b70f3d7a0c4b5947f31a81d1a5626286a441277
water-filled,Water-filled,84,sigma_like,training/water-filled.measurement_84.csv.6jlbo946.ingestion-544b9ff949-ft4f6.json,500,b2e120b28b2af4c80a0bb2bf7b70f3d7a0c4b5947f31a81d1a5626286a441277
water-filled,Water-filled,84,signal_rate_mcps,training/water-filled.measurement_84.csv.6jlbo946.ingestion-544b9ff949-ft4f6.json,500,b2e120b28b2af4c80a0bb2bf7b70f3d7a0c4b5947f31a81d1a5626286a441277
water-filled,Water-filled,86,ambient_rate_mcps,training/water-filled.measurement_86.csv.6jlbo94f.ingestion-544b9ff949-kks7w.json,500,7cd544e70065e5a91bf76f07418cf257c3b87dcef7bc21757b6948d51c5d00ae
water-filled,Water-filled,86,distance_mm,training/water-filled.measurement_86.csv.6jlbo94f.ingestion-544b9ff949-kks7w.json,500,7cd544e70065e5a91bf76f07418cf257c3b87dcef7bc21757b6948d51c5d00ae
water-filled,Water-filled,86,sigma_like,training/water-filled.measurement_86.csv.6jlbo94f.ingestion-544b9ff949-kks7w.json,500,7cd544e70065e5a91bf76f07418cf257c3b87dcef7bc21757b6948d51c5d00ae
water-filled,Water-filled,86,signal_rate_mcps,training/water-filled.measurement_86.csv.6jlbo94f.ingestion-544b9ff949-kks7w.json,500,7cd544e70065e5a91bf76f07418cf257c3b87dcef7bc21757b6948d51c5d00ae
water-filled,Water-filled,87,ambient_rate_mcps,training/water-filled.measurement_87.csv.6jlbo94k.ingestion-544b9ff949-ft4f6.json,500,ee49fdeab3524242443633f9285ffceb83204518ca52c9a12308d00122a65bdb
water-filled,Water-filled,87,distance_mm,training/water-filled.measurement_87.csv.6jlbo94k.ingestion-544b9ff949-ft4f6.json,500,ee49fdeab3524242443633f9285ffceb83204518ca52c9a12308d00122a65bdb
water-filled,Water-filled,87,sigma_like,training/water-filled.measurement_87.csv.6jlbo94k.ingestion-544b9ff949-ft4f6.json,500,ee49fdeab3524242443633f9285ffceb83204518ca52c9a12308d00122a65bdb
water-filled,Water-filled,87,signal_rate_mcps,training/water-filled.measurement_87.csv.6jlbo94k.ingestion-544b9ff949-ft4f6.json,500,ee49fdeab3524242443633f9285ffceb83204518ca52c9a12308d00122a65bdb
water-filled,Water-filled,88,ambient_rate_mcps,training/water-filled.measurement_88.csv.6jlbo94r.ingestion-544b9ff949-rn5s8.json,500,3d659ae674b1ddfb4739a98c93b6c42dde87c578a4f3b0ca718577d8842a4a02
water-filled,Water-filled,88,distance_mm,training/water-filled.measurement_88.csv.6jlbo94r.ingestion-544b9ff949-rn5s8.json,500,3d659ae674b1ddfb4739a98c93b6c42dde87c578a4f3b0ca718577d8842a4a02
water-filled,Water-filled,88,sigma_like,training/water-filled.measurement_88.csv.6jlbo94r.ingestion-544b9ff949-rn5s8.json,500,3d659ae674b1ddfb4739a98c93b6c42dde87c578a4f3b0ca718577d8842a4a02
water-filled,Water-filled,88,signal_rate_mcps,training/water-filled.measurement_88.csv.6jlbo94r.ingestion-544b9ff949-rn5s8.json,500,3d659ae674b1ddfb4739a98c93b6c42dde87c578a4f3b0ca718577d8842a4a02
water-filled,Water-filled,89,ambient_rate_mcps,training/water-filled.measurement_89.csv.6jlbo94v.ingestion-544b9ff949-kks7w.json,500,5cf99b75e3d5cf51166b339adb986013b497a5d565e33e0507a987334a0b933e
water-filled,Water-filled,89,distance_mm,training/water-filled.measurement_89.csv.6jlbo94v.ingestion-544b9ff949-kks7w.json,500,5cf99b75e3d5cf51166b339adb986013b497a5d565e33e0507a987334a0b933e
water-filled,Water-filled,89,sigma_like,training/water-filled.measurement_89.csv.6jlbo94v.ingestion-544b9ff949-kks7w.json,500,5cf99b75e3d5cf51166b339adb986013b497a5d565e33e0507a987334a0b933e
water-filled,Water-filled,89,signal_rate_mcps,training/water-filled.measurement_89.csv.6jlbo94v.ingestion-544b9ff949-kks7w.json,500,5cf99b75e3d5cf51166b339adb986013b497a5d565e33e0507a987334a0b933e
water-filled,Water-filled,9,ambient_rate_mcps,training/water-filled.measurement_9.csv.6jlbo94r.ingestion-544b9ff949-ft4f6.json,500,e1cc7ee541165b69b143f3794762762df4297f876f7d527544eb758cf071999f
water-filled,Water-filled,9,distance_mm,training/water-filled.measurement_9.csv.6jlbo94r.ingestion-544b9ff949-ft4f6.json,500,e1cc7ee541165b69b143f3794762762df4297f876f7d527544eb758cf071999f
water-filled,Water-filled,9,sigma_like,training/water-filled.measurement_9.csv.6jlbo94r.ingestion-544b9ff949-ft4f6.json,500,e1cc7ee541165b69b143f3794762762df4297f876f7d527544eb758cf071999f
water-filled,Water-filled,9,signal_rate_mcps,training/water-filled.measurement_9.csv.6jlbo94r.ingestion-544b9ff949-ft4f6.json,500,e1cc7ee541165b69b143f3794762762df4297f876f7d527544eb758cf071999f
water-filled,Water-filled,90,ambient_rate_mcps,training/water-filled.measurement_90.csv.6jlbo950.ingestion-544b9ff949-rn5s8.json,500,b5007738734f6a742adf43bcc8072d04daa5c8c94b1d5a2f9a3203a32310ce69
water-filled,Water-filled,90,distance_mm,training/water-filled.measurement_90.csv.6jlbo950.ingestion-544b9ff949-rn5s8.json,500,b5007738734f6a742adf43bcc8072d04daa5c8c94b1d5a2f9a3203a32310ce69
water-filled,Water-filled,90,sigma_like,training/water-filled.measurement_90.csv.6jlbo950.ingestion-544b9ff949-rn5s8.json,500,b5007738734f6a742adf43bcc8072d04daa5c8c94b1d5a2f9a3203a32310ce69
water-filled,Water-filled,90,signal_rate_mcps,training/water-filled.measurement_90.csv.6jlbo950.ingestion-544b9ff949-rn5s8.json,500,b5007738734f6a742adf43bcc8072d04daa5c8c94b1d5a2f9a3203a32310ce69
water-filled,Water-filled,92,ambient_rate_mcps,training/water-filled.measurement_92.csv.6jlbo95g.ingestion-544b9ff949-ft4f6.json,500,a0d16c86eb986a282fba6c4ed3bc09424442ccbcad9ed9892fada9118f218228
water-filled,Water-filled,92,distance_mm,training/water-filled.measurement_92.csv.6jlbo95g.ingestion-544b9ff949-ft4f6.json,500,a0d16c86eb986a282fba6c4ed3bc09424442ccbcad9ed9892fada9118f218228
water-filled,Water-filled,92,sigma_like,training/water-filled.measurement_92.csv.6jlbo95g.ingestion-544b9ff949-ft4f6.json,500,a0d16c86eb986a282fba6c4ed3bc09424442ccbcad9ed9892fada9118f218228
water-filled,Water-filled,92,signal_rate_mcps,training/water-filled.measurement_92.csv.6jlbo95g.ingestion-544b9ff949-ft4f6.json,500,a0d16c86eb986a282fba6c4ed3bc09424442ccbcad9ed9892fada9118f218228
water-filled,Water-filled,93,ambient_rate_mcps,training/water-filled.measurement_93.csv.6jlbo95n.ingestion-544b9ff949-rn5s8.json,500,928f97babc726483dc339984af6f5c9cba8f2826772d648253a5cdfd63f48707
water-filled,Water-filled,93,distance_mm,training/water-filled.measurement_93.csv.6jlbo95n.ingestion-544b9ff949-rn5s8.json,500,928f97babc726483dc339984af6f5c9cba8f2826772d648253a5cdfd63f48707
water-filled,Water-filled,93,sigma_like,training/water-filled.measurement_93.csv.6jlbo95n.ingestion-544b9ff949-rn5s8.json,500,928f97babc726483dc339984af6f5c9cba8f2826772d648253a5cdfd63f48707
water-filled,Water-filled,93,signal_rate_mcps,training/water-filled.measurement_93.csv.6jlbo95n.ingestion-544b9ff949-rn5s8.json,500,928f97babc726483dc339984af6f5c9cba8f2826772d648253a5cdfd63f48707
water-filled,Water-filled,94,ambient_rate_mcps,training/water-filled.measurement_94.csv.6jlbo962.ingestion-544b9ff949-kks7w.json,500,5c26fbee5bc65dd8c6bf88aade02d9d475c61a0752133c4e0636e6180fe02ee2
water-filled,Water-filled,94,distance_mm,training/water-filled.measurement_94.csv.6jlbo962.ingestion-544b9ff949-kks7w.json,500,5c26fbee5bc65dd8c6bf88aade02d9d475c61a0752133c4e0636e6180fe02ee2
water-filled,Water-filled,94,sigma_like,training/water-filled.measurement_94.csv.6jlbo962.ingestion-544b9ff949-kks7w.json,500,5c26fbee5bc65dd8c6bf88aade02d9d475c61a0752133c4e0636e6180fe02ee2
water-filled,Water-filled,94,signal_rate_mcps,training/water-filled.measurement_94.csv.6jlbo962.ingestion-544b9ff949-kks7w.json,500,5c26fbee5bc65dd8c6bf88aade02d9d475c61a0752133c4e0636e6180fe02ee2
water-filled,Water-filled,96,ambient_rate_mcps,training/water-filled.measurement_96.csv.6jlbo96j.ingestion-544b9ff949-rn5s8.json,500,b2826d78de6761381a3328867dc460719f6b1e46f3290a93ba900147a83b5ad7
water-filled,Water-filled,96,distance_mm,training/water-filled.measurement_96.csv.6jlbo96j.ingestion-544b9ff949-rn5s8.json,500,b2826d78de6761381a3328867dc460719f6b1e46f3290a93ba900147a83b5ad7
water-filled,Water-filled,96,sigma_like,training/water-filled.measurement_96.csv.6jlbo96j.ingestion-544b9ff949-rn5s8.json,500,b2826d78de6761381a3328867dc460719f6b1e46f3290a93ba900147a83b5ad7
water-filled,Water-filled,96,signal_rate_mcps,training/water-filled.measurement_96.csv.6jlbo96j.ingestion-544b9ff949-rn5s8.json,500,b2826d78de6761381a3328867dc460719f6b1e46f3290a93ba900147a83b5ad7
water-filled,Water-filled,97,ambient_rate_mcps,training/water-filled.measurement_97.csv.6jlbo96v.ingestion-544b9ff949-kks7w.json,500,d98cf4fae4fb5d70435d5cbeceb1561e4b6c80870afd96f91cc57c303ab18299
water-filled,Water-filled,97,distance_mm,training/water-filled.measurement_97.csv.6jlbo96v.ingestion-544b9ff949-kks7w.json,500,d98cf4fae4fb5d70435d5cbeceb1561e4b6c80870afd96f91cc57c303ab18299
water-filled,Water-filled,97,sigma_like,training/water-filled.measurement_97.csv.6jlbo96v.ingestion-544b9ff949-kks7w.json,500,d98cf4fae4fb5d70435d5cbeceb1561e4b6c80870afd96f91cc57c303ab18299
water-filled,Water-filled,97,signal_rate_mcps,training/water-filled.measurement_97.csv.6jlbo96v.ingestion-544b9ff949-kks7w.json,500,d98cf4fae4fb5d70435d5cbeceb1561e4b6c80870afd96f91cc57c303ab18299
water-filled,Water-filled,98,ambient_rate_mcps,training/water-filled.measurement_98.csv.6jlbo982.ingestion-544b9ff949-ft4f6.json,500,2db4a3ab7cc273f61bac168a17214a8e82cc129f21f66b5dd5435b977155bc48
water-filled,Water-filled,98,distance_mm,training/water-filled.measurement_98.csv.6jlbo982.ingestion-544b9ff949-ft4f6.json,500,2db4a3ab7cc273f61bac168a17214a8e82cc129f21f66b5dd5435b977155bc48
water-filled,Water-filled,98,sigma_like,training/water-filled.measurement_98.csv.6jlbo982.ingestion-544b9ff949-ft4f6.json,500,2db4a3ab7cc273f61bac168a17214a8e82cc129f21f66b5dd5435b977155bc48
water-filled,Water-filled,98,signal_rate_mcps,training/water-filled.measurement_98.csv.6jlbo982.ingestion-544b9ff949-ft4f6.json,500,2db4a3ab7cc273f61bac168a17214a8e82cc129f21f66b5dd5435b977155bc48
bubbly,Bubbly,100,ambient_rate_mcps,testing/bubbly.measurement_100.csv.6jlbojfr.ingestion-544b9ff949-ft4f6.json,500,7c9379507e89706a9c556511789ac22d40bd1c7cb48ad8fbaa13eee3bb9b991d
bubbly,Bubbly,100,distance_mm,testing/bubbly.measurement_100.csv.6jlbojfr.ingestion-544b9ff949-ft4f6.json,500,7c9379507e89706a9c556511789ac22d40bd1c7cb48ad8fbaa13eee3bb9b991d
bubbly,Bubbly,100,sigma_like,testing/bubbly.measurement_100.csv.6jlbojfr.ingestion-544b9ff949-ft4f6.json,500,7c9379507e89706a9c556511789ac22d40bd1c7cb48ad8fbaa13eee3bb9b991d
bubbly,Bubbly,100,signal_rate_mcps,testing/bubbly.measurement_100.csv.6jlbojfr.ingestion-544b9ff949-ft4f6.json,500,7c9379507e89706a9c556511789ac22d40bd1c7cb48ad8fbaa13eee3bb9b991d
bubbly,Bubbly,105,ambient_rate_mcps,testing/bubbly.measurement_105.csv.6jlbojgk.ingestion-544b9ff949-kks7w.json,500,0cd719985fd2b79a05341b4aecd23c2bf6f557cb987e5ccc6bb03661d2210358
bubbly,Bubbly,105,distance_mm,testing/bubbly.measurement_105.csv.6jlbojgk.ingestion-544b9ff949-kks7w.json,500,0cd719985fd2b79a05341b4aecd23c2bf6f557cb987e5ccc6bb03661d2210358
bubbly,Bubbly,105,sigma_like,testing/bubbly.measurement_105.csv.6jlbojgk.ingestion-544b9ff949-kks7w.json,500,0cd719985fd2b79a05341b4aecd23c2bf6f557cb987e5ccc6bb03661d2210358
bubbly,Bubbly,105,signal_rate_mcps,testing/bubbly.measurement_105.csv.6jlbojgk.ingestion-544b9ff949-kks7w.json,500,0cd719985fd2b79a05341b4aecd23c2bf6f557cb987e5ccc6bb03661d2210358
bubbly,Bubbly,111,ambient_rate_mcps,testing/bubbly.measurement_111.csv.6jlbojmg.ingestion-544b9ff949-ft4f6.json,500,dc913535e644f3a02374728e613c44d8ecf38bfbfd83f0a9139a4339b73e36d4
bubbly,Bubbly,111,distance_mm,testing/bubbly.measurement_111.csv.6jlbojmg.ingestion-544b9ff949-ft4f6.json,500,dc913535e644f3a02374728e613c44d8ecf38bfbfd83f0a9139a4339b73e36d4
bubbly,Bubbly,111,sigma_like,testing/bubbly.measurement_111.csv.6jlbojmg.ingestion-544b9ff949-ft4f6.json,500,dc913535e644f3a02374728e613c44d8ecf38bfbfd83f0a9139a4339b73e36d4
bubbly,Bubbly,111,signal_rate_mcps,testing/bubbly.measurement_111.csv.6jlbojmg.ingestion-544b9ff949-ft4f6.json,500,dc913535e644f3a02374728e613c44d8ecf38bfbfd83f0a9139a4339b73e36d4
bubbly,Bubbly,113,ambient_rate_mcps,testing/bubbly.measurement_113.csv.6jlbojh0.ingestion-544b9ff949-kks7w.json,500,8bb9596946ad144c1597ea2fedcad98e12d55645821ed53d3dec9c5c01d6f9e7
bubbly,Bubbly,113,distance_mm,testing/bubbly.measurement_113.csv.6jlbojh0.ingestion-544b9ff949-kks7w.json,500,8bb9596946ad144c1597ea2fedcad98e12d55645821ed53d3dec9c5c01d6f9e7
bubbly,Bubbly,113,sigma_like,testing/bubbly.measurement_113.csv.6jlbojh0.ingestion-544b9ff949-kks7w.json,500,8bb9596946ad144c1597ea2fedcad98e12d55645821ed53d3dec9c5c01d6f9e7
bubbly,Bubbly,113,signal_rate_mcps,testing/bubbly.measurement_113.csv.6jlbojh0.ingestion-544b9ff949-kks7w.json,500,8bb9596946ad144c1597ea2fedcad98e12d55645821ed53d3dec9c5c01d6f9e7
bubbly,Bubbly,120,ambient_rate_mcps,testing/bubbly.measurement_120.csv.6jlbojs1.ingestion-544b9ff949-rn5s8.json,500,cdaf5a80b31548db20d8834bbfb3cb863e4874be88de601ec1445db90a5a6eec
bubbly,Bubbly,120,distance_mm,testing/bubbly.measurement_120.csv.6jlbojs1.ingestion-544b9ff949-rn5s8.json,500,cdaf5a80b31548db20d8834bbfb3cb863e4874be88de601ec1445db90a5a6eec
bubbly,Bubbly,120,sigma_like,testing/bubbly.measurement_120.csv.6jlbojs1.ingestion-544b9ff949-rn5s8.json,500,cdaf5a80b31548db20d8834bbfb3cb863e4874be88de601ec1445db90a5a6eec
bubbly,Bubbly,120,signal_rate_mcps,testing/bubbly.measurement_120.csv.6jlbojs1.ingestion-544b9ff949-rn5s8.json,500,cdaf5a80b31548db20d8834bbfb3cb863e4874be88de601ec1445db90a5a6eec
bubbly,Bubbly,125,ambient_rate_mcps,testing/bubbly.measurement_125.csv.6jlbojt7.ingestion-544b9ff949-ft4f6.json,500,f4d507171cd9ee48dd5eb133ac60164623d4ef1d31b254454335ff5f98ab1448
bubbly,Bubbly,125,distance_mm,testing/bubbly.measurement_125.csv.6jlbojt7.ingestion-544b9ff949-ft4f6.json,500,f4d507171cd9ee48dd5eb133ac60164623d4ef1d31b254454335ff5f98ab1448
bubbly,Bubbly,125,sigma_like,testing/bubbly.measurement_125.csv.6jlbojt7.ingestion-544b9ff949-ft4f6.json,500,f4d507171cd9ee48dd5eb133ac60164623d4ef1d31b254454335ff5f98ab1448
bubbly,Bubbly,125,signal_rate_mcps,testing/bubbly.measurement_125.csv.6jlbojt7.ingestion-544b9ff949-ft4f6.json,500,f4d507171cd9ee48dd5eb133ac60164623d4ef1d31b254454335ff5f98ab1448
bubbly,Bubbly,13,ambient_rate_mcps,testing/bubbly.measurement_13.csv.6jlbok3c.ingestion-544b9ff949-kks7w.json,500,5233f3420b338d7cfa7dedbbe28dc726a6a58a55c5fb6cd1298b1e21c34bee39
bubbly,Bubbly,13,distance_mm,testing/bubbly.measurement_13.csv.6jlbok3c.ingestion-544b9ff949-kks7w.json,500,5233f3420b338d7cfa7dedbbe28dc726a6a58a55c5fb6cd1298b1e21c34bee39
bubbly,Bubbly,13,sigma_like,testing/bubbly.measurement_13.csv.6jlbok3c.ingestion-544b9ff949-kks7w.json,500,5233f3420b338d7cfa7dedbbe28dc726a6a58a55c5fb6cd1298b1e21c34bee39
bubbly,Bubbly,13,signal_rate_mcps,testing/bubbly.measurement_13.csv.6jlbok3c.ingestion-544b9ff949-kks7w.json,500,5233f3420b338d7cfa7dedbbe28dc726a6a58a55c5fb6cd1298b1e21c34bee39
bubbly,Bubbly,130,ambient_rate_mcps,testing/bubbly.measurement_130.csv.6jlbok27.ingestion-544b9ff949-ft4f6.json,500,12ebe229c6ff9bbaf07ceb8a59c37122cf2c0036383941310d13f5d54b95d2e7
bubbly,Bubbly,130,distance_mm,testing/bubbly.measurement_130.csv.6jlbok27.ingestion-544b9ff949-ft4f6.json,500,12ebe229c6ff9bbaf07ceb8a59c37122cf2c0036383941310d13f5d54b95d2e7
bubbly,Bubbly,130,sigma_like,testing/bubbly.measurement_130.csv.6jlbok27.ingestion-544b9ff949-ft4f6.json,500,12ebe229c6ff9bbaf07ceb8a59c37122cf2c0036383941310d13f5d54b95d2e7
bubbly,Bubbly,130,signal_rate_mcps,testing/bubbly.measurement_130.csv.6jlbok27.ingestion-544b9ff949-ft4f6.json,500,12ebe229c6ff9bbaf07ceb8a59c37122cf2c0036383941310d13f5d54b95d2e7
bubbly,Bubbly,139,ambient_rate_mcps,testing/bubbly.measurement_139.csv.6jlbok61.ingestion-544b9ff949-ft4f6.json,500,78174bc4100b75252ece03c6ce744f1d2edb093d760685ca89d783b3645cd0ef
bubbly,Bubbly,139,distance_mm,testing/bubbly.measurement_139.csv.6jlbok61.ingestion-544b9ff949-ft4f6.json,500,78174bc4100b75252ece03c6ce744f1d2edb093d760685ca89d783b3645cd0ef
bubbly,Bubbly,139,sigma_like,testing/bubbly.measurement_139.csv.6jlbok61.ingestion-544b9ff949-ft4f6.json,500,78174bc4100b75252ece03c6ce744f1d2edb093d760685ca89d783b3645cd0ef
bubbly,Bubbly,139,signal_rate_mcps,testing/bubbly.measurement_139.csv.6jlbok61.ingestion-544b9ff949-ft4f6.json,500,78174bc4100b75252ece03c6ce744f1d2edb093d760685ca89d783b3645cd0ef
bubbly,Bubbly,17,ambient_rate_mcps,testing/bubbly.measurement_17.csv.6jlboka2.ingestion-544b9ff949-kks7w.json,500,f344bd6f0fce84f46a73685b5d2e4f4288963abca00aabe5a65dbbc07ea68c0d
bubbly,Bubbly,17,distance_mm,testing/bubbly.measurement_17.csv.6jlboka2.ingestion-544b9ff949-kks7w.json,500,f344bd6f0fce84f46a73685b5d2e4f4288963abca00aabe5a65dbbc07ea68c0d
bubbly,Bubbly,17,sigma_like,testing/bubbly.measurement_17.csv.6jlboka2.ingestion-544b9ff949-kks7w.json,500,f344bd6f0fce84f46a73685b5d2e4f4288963abca00aabe5a65dbbc07ea68c0d
bubbly,Bubbly,17,signal_rate_mcps,testing/bubbly.measurement_17.csv.6jlboka2.ingestion-544b9ff949-kks7w.json,500,f344bd6f0fce84f46a73685b5d2e4f4288963abca00aabe5a65dbbc07ea68c0d
bubbly,Bubbly,21,ambient_rate_mcps,testing/bubbly.measurement_21.csv.6jlbokbv.ingestion-544b9ff949-rn5s8.json,500,1b7d63b135450cf5902bcaedde42343d08d1f448b09a42dd0b9b5cf7ba707547
bubbly,Bubbly,21,distance_mm,testing/bubbly.measurement_21.csv.6jlbokbv.ingestion-544b9ff949-rn5s8.json,500,1b7d63b135450cf5902bcaedde42343d08d1f448b09a42dd0b9b5cf7ba707547
bubbly,Bubbly,21,sigma_like,testing/bubbly.measurement_21.csv.6jlbokbv.ingestion-544b9ff949-rn5s8.json,500,1b7d63b135450cf5902bcaedde42343d08d1f448b09a42dd0b9b5cf7ba707547
bubbly,Bubbly,21,signal_rate_mcps,testing/bubbly.measurement_21.csv.6jlbokbv.ingestion-544b9ff949-rn5s8.json,500,1b7d63b135450cf5902bcaedde42343d08d1f448b09a42dd0b9b5cf7ba707547
bubbly,Bubbly,26,ambient_rate_mcps,testing/bubbly.measurement_26.csv.6jlbokdg.ingestion-544b9ff949-ft4f6.json,500,3be6ccdefa6dbe2e19aaea9d3f9f4206d9300395fea8cd87c87669c58cf7998a
bubbly,Bubbly,26,distance_mm,testing/bubbly.measurement_26.csv.6jlbokdg.ingestion-544b9ff949-ft4f6.json,500,3be6ccdefa6dbe2e19aaea9d3f9f4206d9300395fea8cd87c87669c58cf7998a
bubbly,Bubbly,26,sigma_like,testing/bubbly.measurement_26.csv.6jlbokdg.ingestion-544b9ff949-ft4f6.json,500,3be6ccdefa6dbe2e19aaea9d3f9f4206d9300395fea8cd87c87669c58cf7998a
bubbly,Bubbly,26,signal_rate_mcps,testing/bubbly.measurement_26.csv.6jlbokdg.ingestion-544b9ff949-ft4f6.json,500,3be6ccdefa6dbe2e19aaea9d3f9f4206d9300395fea8cd87c87669c58cf7998a
bubbly,Bubbly,30,ambient_rate_mcps,testing/bubbly.measurement_30.csv.6jlbokgh.ingestion-544b9ff949-kks7w.json,500,7b75063e8f9079fd01e93934b30917a740b0eaf77dc3fb1eb70168dc8ebfd775
bubbly,Bubbly,30,distance_mm,testing/bubbly.measurement_30.csv.6jlbokgh.ingestion-544b9ff949-kks7w.json,500,7b75063e8f9079fd01e93934b30917a740b0eaf77dc3fb1eb70168dc8ebfd775
bubbly,Bubbly,30,sigma_like,testing/bubbly.measurement_30.csv.6jlbokgh.ingestion-544b9ff949-kks7w.json,500,7b75063e8f9079fd01e93934b30917a740b0eaf77dc3fb1eb70168dc8ebfd775
bubbly,Bubbly,30,signal_rate_mcps,testing/bubbly.measurement_30.csv.6jlbokgh.ingestion-544b9ff949-kks7w.json,500,7b75063e8f9079fd01e93934b30917a740b0eaf77dc3fb1eb70168dc8ebfd775
bubbly,Bubbly,35,ambient_rate_mcps,testing/bubbly.measurement_35.csv.6jlbokki.ingestion-544b9ff949-rn5s8.json,500,841eafb8f7e78b9720c12afd87b425f84245cbba41c091b2a3364c649b9c8f8b
bubbly,Bubbly,35,distance_mm,testing/bubbly.measurement_35.csv.6jlbokki.ingestion-544b9ff949-rn5s8.json,500,841eafb8f7e78b9720c12afd87b425f84245cbba41c091b2a3364c649b9c8f8b
bubbly,Bubbly,35,sigma_like,testing/bubbly.measurement_35.csv.6jlbokki.ingestion-544b9ff949-rn5s8.json,500,841eafb8f7e78b9720c12afd87b425f84245cbba41c091b2a3364c649b9c8f8b
bubbly,Bubbly,35,signal_rate_mcps,testing/bubbly.measurement_35.csv.6jlbokki.ingestion-544b9ff949-rn5s8.json,500,841eafb8f7e78b9720c12afd87b425f84245cbba41c091b2a3364c649b9c8f8b
bubbly,Bubbly,4,ambient_rate_mcps,testing/bubbly.measurement_4.csv.6jlboklr.ingestion-544b9ff949-ft4f6.json,500,5566796b901171c4ec135d00788a8490e281693f7cec6c986530ffff4753237a
bubbly,Bubbly,4,distance_mm,testing/bubbly.measurement_4.csv.6jlboklr.ingestion-544b9ff949-ft4f6.json,500,5566796b901171c4ec135d00788a8490e281693f7cec6c986530ffff4753237a
bubbly,Bubbly,4,sigma_like,testing/bubbly.measurement_4.csv.6jlboklr.ingestion-544b9ff949-ft4f6.json,500,5566796b901171c4ec135d00788a8490e281693f7cec6c986530ffff4753237a
bubbly,Bubbly,4,signal_rate_mcps,testing/bubbly.measurement_4.csv.6jlboklr.ingestion-544b9ff949-ft4f6.json,500,5566796b901171c4ec135d00788a8490e281693f7cec6c986530ffff4753237a
bubbly,Bubbly,44,ambient_rate_mcps,testing/bubbly.measurement_44.csv.6jlbokoj.ingestion-544b9ff949-kks7w.json,500,13d3db9cd3fb542a2b260aed9323ec04cdad4cabdef5c5b0015554f073b9bec9
bubbly,Bubbly,44,distance_mm,testing/bubbly.measurement_44.csv.6jlbokoj.ingestion-544b9ff949-kks7w.json,500,13d3db9cd3fb542a2b260aed9323ec04cdad4cabdef5c5b0015554f073b9bec9
bubbly,Bubbly,44,sigma_like,testing/bubbly.measurement_44.csv.6jlbokoj.ingestion-544b9ff949-kks7w.json,500,13d3db9cd3fb542a2b260aed9323ec04cdad4cabdef5c5b0015554f073b9bec9
bubbly,Bubbly,44,signal_rate_mcps,testing/bubbly.measurement_44.csv.6jlbokoj.ingestion-544b9ff949-kks7w.json,500,13d3db9cd3fb542a2b260aed9323ec04cdad4cabdef5c5b0015554f073b9bec9
bubbly,Bubbly,5,ambient_rate_mcps,testing/bubbly.measurement_5.csv.6jlbokqg.ingestion-544b9ff949-kks7w.json,500,0bfd1a37d8352ac5563ed2862e7496f7c472e475e31975713b7a3a1d4545ee3c
bubbly,Bubbly,5,distance_mm,testing/bubbly.measurement_5.csv.6jlbokqg.ingestion-544b9ff949-kks7w.json,500,0bfd1a37d8352ac5563ed2862e7496f7c472e475e31975713b7a3a1d4545ee3c
bubbly,Bubbly,5,sigma_like,testing/bubbly.measurement_5.csv.6jlbokqg.ingestion-544b9ff949-kks7w.json,500,0bfd1a37d8352ac5563ed2862e7496f7c472e475e31975713b7a3a1d4545ee3c
bubbly,Bubbly,5,signal_rate_mcps,testing/bubbly.measurement_5.csv.6jlbokqg.ingestion-544b9ff949-kks7w.json,500,0bfd1a37d8352ac5563ed2862e7496f7c472e475e31975713b7a3a1d4545ee3c
bubbly,Bubbly,54,ambient_rate_mcps,testing/bubbly.measurement_54.csv.6jlbokvn.ingestion-544b9ff949-rn5s8.json,500,4b589aa9febd8278c172f708135f6f934f82d657835d9cd89848e46760396b2b
bubbly,Bubbly,54,distance_mm,testing/bubbly.measurement_54.csv.6jlbokvn.ingestion-544b9ff949-rn5s8.json,500,4b589aa9febd8278c172f708135f6f934f82d657835d9cd89848e46760396b2b
bubbly,Bubbly,54,sigma_like,testing/bubbly.measurement_54.csv.6jlbokvn.ingestion-544b9ff949-rn5s8.json,500,4b589aa9febd8278c172f708135f6f934f82d657835d9cd89848e46760396b2b
bubbly,Bubbly,54,signal_rate_mcps,testing/bubbly.measurement_54.csv.6jlbokvn.ingestion-544b9ff949-rn5s8.json,500,4b589aa9febd8278c172f708135f6f934f82d657835d9cd89848e46760396b2b
bubbly,Bubbly,58,ambient_rate_mcps,testing/bubbly.measurement_58.csv.6jlbol0o.ingestion-544b9ff949-kks7w.json,500,f3574b3c15ed8edefc153a00caad76aff6a2f85feda13bfd93eca127da0605ab
bubbly,Bubbly,58,distance_mm,testing/bubbly.measurement_58.csv.6jlbol0o.ingestion-544b9ff949-kks7w.json,500,f3574b3c15ed8edefc153a00caad76aff6a2f85feda13bfd93eca127da0605ab
bubbly,Bubbly,58,sigma_like,testing/bubbly.measurement_58.csv.6jlbol0o.ingestion-544b9ff949-kks7w.json,500,f3574b3c15ed8edefc153a00caad76aff6a2f85feda13bfd93eca127da0605ab
bubbly,Bubbly,58,signal_rate_mcps,testing/bubbly.measurement_58.csv.6jlbol0o.ingestion-544b9ff949-kks7w.json,500,f3574b3c15ed8edefc153a00caad76aff6a2f85feda13bfd93eca127da0605ab
bubbly,Bubbly,61,ambient_rate_mcps,testing/bubbly.measurement_61.csv.6jlbol2j.ingestion-544b9ff949-ft4f6.json,500,3e26160d3405dcee1cba47fed1121a1c0551339b6d950d9b3522aa463936e2b8
bubbly,Bubbly,61,distance_mm,testing/bubbly.measurement_61.csv.6jlbol2j.ingestion-544b9ff949-ft4f6.json,500,3e26160d3405dcee1cba47fed1121a1c0551339b6d950d9b3522aa463936e2b8
bubbly,Bubbly,61,sigma_like,testing/bubbly.measurement_61.csv.6jlbol2j.ingestion-544b9ff949-ft4f6.json,500,3e26160d3405dcee1cba47fed1121a1c0551339b6d950d9b3522aa463936e2b8
bubbly,Bubbly,61,signal_rate_mcps,testing/bubbly.measurement_61.csv.6jlbol2j.ingestion-544b9ff949-ft4f6.json,500,3e26160d3405dcee1cba47fed1121a1c0551339b6d950d9b3522aa463936e2b8
bubbly,Bubbly,67,ambient_rate_mcps,testing/bubbly.measurement_67.csv.6jlbol4m.ingestion-544b9ff949-ft4f6.json,500,7c4f6476e92ac01bf3c0a7df9ea2ca921dce534a43fd5c833d5f0061f39c54cb
bubbly,Bubbly,67,distance_mm,testing/bubbly.measurement_67.csv.6jlbol4m.ingestion-544b9ff949-ft4f6.json,500,7c4f6476e92ac01bf3c0a7df9ea2ca921dce534a43fd5c833d5f0061f39c54cb
bubbly,Bubbly,67,sigma_like,testing/bubbly.measurement_67.csv.6jlbol4m.ingestion-544b9ff949-ft4f6.json,500,7c4f6476e92ac01bf3c0a7df9ea2ca921dce534a43fd5c833d5f0061f39c54cb
bubbly,Bubbly,67,signal_rate_mcps,testing/bubbly.measurement_67.csv.6jlbol4m.ingestion-544b9ff949-ft4f6.json,500,7c4f6476e92ac01bf3c0a7df9ea2ca921dce534a43fd5c833d5f0061f39c54cb
bubbly,Bubbly,75,ambient_rate_mcps,testing/bubbly.measurement_75.csv.6jlbolaf.ingestion-544b9ff949-ft4f6.json,500,1ae756c988e0ee8ae8c4687f0a29346da283a65ab112447972e149f580d2757a
bubbly,Bubbly,75,distance_mm,testing/bubbly.measurement_75.csv.6jlbolaf.ingestion-544b9ff949-ft4f6.json,500,1ae756c988e0ee8ae8c4687f0a29346da283a65ab112447972e149f580d2757a
bubbly,Bubbly,75,sigma_like,testing/bubbly.measurement_75.csv.6jlbolaf.ingestion-544b9ff949-ft4f6.json,500,1ae756c988e0ee8ae8c4687f0a29346da283a65ab112447972e149f580d2757a
bubbly,Bubbly,75,signal_rate_mcps,testing/bubbly.measurement_75.csv.6jlbolaf.ingestion-544b9ff949-ft4f6.json,500,1ae756c988e0ee8ae8c4687f0a29346da283a65ab112447972e149f580d2757a
bubbly,Bubbly,76,ambient_rate_mcps,testing/bubbly.measurement_76.csv.6jlbolan.ingestion-544b9ff949-rn5s8.json,500,9415e4851fc7436e977660dc0ba0b56c352faaf56be5e79437abd57795ec46f4
bubbly,Bubbly,76,distance_mm,testing/bubbly.measurement_76.csv.6jlbolan.ingestion-544b9ff949-rn5s8.json,500,9415e4851fc7436e977660dc0ba0b56c352faaf56be5e79437abd57795ec46f4
bubbly,Bubbly,76,sigma_like,testing/bubbly.measurement_76.csv.6jlbolan.ingestion-544b9ff949-rn5s8.json,500,9415e4851fc7436e977660dc0ba0b56c352faaf56be5e79437abd57795ec46f4
bubbly,Bubbly,76,signal_rate_mcps,testing/bubbly.measurement_76.csv.6jlbolan.ingestion-544b9ff949-rn5s8.json,500,9415e4851fc7436e977660dc0ba0b56c352faaf56be5e79437abd57795ec46f4
bubbly,Bubbly,80,ambient_rate_mcps,testing/bubbly.measurement_80.csv.6jlboldd.ingestion-544b9ff949-ft4f6.json,500,6a4c926285e648b5b4002ee26df7dd96c5e8bf1b25063371ffd996b3b2b8cd0a
bubbly,Bubbly,80,distance_mm,testing/bubbly.measurement_80.csv.6jlboldd.ingestion-544b9ff949-ft4f6.json,500,6a4c926285e648b5b4002ee26df7dd96c5e8bf1b25063371ffd996b3b2b8cd0a
bubbly,Bubbly,80,sigma_like,testing/bubbly.measurement_80.csv.6jlboldd.ingestion-544b9ff949-ft4f6.json,500,6a4c926285e648b5b4002ee26df7dd96c5e8bf1b25063371ffd996b3b2b8cd0a
bubbly,Bubbly,80,signal_rate_mcps,testing/bubbly.measurement_80.csv.6jlboldd.ingestion-544b9ff949-ft4f6.json,500,6a4c926285e648b5b4002ee26df7dd96c5e8bf1b25063371ffd996b3b2b8cd0a
bubbly,Bubbly,84,ambient_rate_mcps,testing/bubbly.measurement_84.csv.6jlbolen.ingestion-544b9ff949-rn5s8.json,500,6768979f83b19e3e693cac08639ad333e4f2558d0af569ce49e6aba68ba12867
bubbly,Bubbly,84,distance_mm,testing/bubbly.measurement_84.csv.6jlbolen.ingestion-544b9ff949-rn5s8.json,500,6768979f83b19e3e693cac08639ad333e4f2558d0af569ce49e6aba68ba12867
bubbly,Bubbly,84,sigma_like,testing/bubbly.measurement_84.csv.6jlbolen.ingestion-544b9ff949-rn5s8.json,500,6768979f83b19e3e693cac08639ad333e4f2558d0af569ce49e6aba68ba12867
bubbly,Bubbly,84,signal_rate_mcps,testing/bubbly.measurement_84.csv.6jlbolen.ingestion-544b9ff949-rn5s8.json,500,6768979f83b19e3e693cac08639ad333e4f2558d0af569ce49e6aba68ba12867
bubbly,Bubbly,90,ambient_rate_mcps,testing/bubbly.measurement_90.csv.6jlbolkh.ingestion-544b9ff949-kks7w.json,500,3d8dbefec6abf72fc267bf5f376db2610a3cafde170279570b3d62b52761eeb1
bubbly,Bubbly,90,distance_mm,testing/bubbly.measurement_90.csv.6jlbolkh.ingestion-544b9ff949-kks7w.json,500,3d8dbefec6abf72fc267bf5f376db2610a3cafde170279570b3d62b52761eeb1
bubbly,Bubbly,90,sigma_like,testing/bubbly.measurement_90.csv.6jlbolkh.ingestion-544b9ff949-kks7w.json,500,3d8dbefec6abf72fc267bf5f376db2610a3cafde170279570b3d62b52761eeb1
bubbly,Bubbly,90,signal_rate_mcps,testing/bubbly.measurement_90.csv.6jlbolkh.ingestion-544b9ff949-kks7w.json,500,3d8dbefec6abf72fc267bf5f376db2610a3cafde170279570b3d62b52761eeb1
bubbly,Bubbly,93,ambient_rate_mcps,testing/bubbly.measurement_93.csv.6jlboll2.ingestion-544b9ff949-kks7w.json,500,0595300d0c58c68f8f5756056b8cb7b948f7781a7658403a7a7c3a0f8ae1465f
bubbly,Bubbly,93,distance_mm,testing/bubbly.measurement_93.csv.6jlboll2.ingestion-544b9ff949-kks7w.json,500,0595300d0c58c68f8f5756056b8cb7b948f7781a7658403a7a7c3a0f8ae1465f
bubbly,Bubbly,93,sigma_like,testing/bubbly.measurement_93.csv.6jlboll2.ingestion-544b9ff949-kks7w.json,500,0595300d0c58c68f8f5756056b8cb7b948f7781a7658403a7a7c3a0f8ae1465f
bubbly,Bubbly,93,signal_rate_mcps,testing/bubbly.measurement_93.csv.6jlboll2.ingestion-544b9ff949-kks7w.json,500,0595300d0c58c68f8f5756056b8cb7b948f7781a7658403a7a7c3a0f8ae1465f
bubbly,Bubbly,99,ambient_rate_mcps,testing/bubbly.measurement_99.csv.6jlbolra.ingestion-544b9ff949-kks7w.json,500,3c955e508bad5a69d4e2c2860e28094e853099115a873161aeb23e91a5ffd1cc
bubbly,Bubbly,99,distance_mm,testing/bubbly.measurement_99.csv.6jlbolra.ingestion-544b9ff949-kks7w.json,500,3c955e508bad5a69d4e2c2860e28094e853099115a873161aeb23e91a5ffd1cc
bubbly,Bubbly,99,sigma_like,testing/bubbly.measurement_99.csv.6jlbolra.ingestion-544b9ff949-kks7w.json,500,3c955e508bad5a69d4e2c2860e28094e853099115a873161aeb23e91a5ffd1cc
bubbly,Bubbly,99,signal_rate_mcps,testing/bubbly.measurement_99.csv.6jlbolra.ingestion-544b9ff949-kks7w.json,500,3c955e508bad5a69d4e2c2860e28094e853099115a873161aeb23e91a5ffd1cc
empty,Empty,103,ambient_rate_mcps,testing/empty.measurement_103.csv.6jlbnnfe.ingestion-544b9ff949-ft4f6.json,500,0f9c4966843254a5a94e762d4b29fdc780b8c6eaaf212af5d0725c3b56d56385
empty,Empty,103,distance_mm,testing/empty.measurement_103.csv.6jlbnnfe.ingestion-544b9ff949-ft4f6.json,500,0f9c4966843254a5a94e762d4b29fdc780b8c6eaaf212af5d0725c3b56d56385
empty,Empty,103,sigma_like,testing/empty.measurement_103.csv.6jlbnnfe.ingestion-544b9ff949-ft4f6.json,500,0f9c4966843254a5a94e762d4b29fdc780b8c6eaaf212af5d0725c3b56d56385
empty,Empty,103,signal_rate_mcps,testing/empty.measurement_103.csv.6jlbnnfe.ingestion-544b9ff949-ft4f6.json,500,0f9c4966843254a5a94e762d4b29fdc780b8c6eaaf212af5d0725c3b56d56385
empty,Empty,107,ambient_rate_mcps,testing/empty.measurement_107.csv.6jlbnn2m.ingestion-544b9ff949-kks7w.json,500,5e99a6fed613212dbe58536f52861ea5531f952b372577ff5950bea4ddd63f0f
empty,Empty,107,distance_mm,testing/empty.measurement_107.csv.6jlbnn2m.ingestion-544b9ff949-kks7w.json,500,5e99a6fed613212dbe58536f52861ea5531f952b372577ff5950bea4ddd63f0f
empty,Empty,107,sigma_like,testing/empty.measurement_107.csv.6jlbnn2m.ingestion-544b9ff949-kks7w.json,500,5e99a6fed613212dbe58536f52861ea5531f952b372577ff5950bea4ddd63f0f
empty,Empty,107,signal_rate_mcps,testing/empty.measurement_107.csv.6jlbnn2m.ingestion-544b9ff949-kks7w.json,500,5e99a6fed613212dbe58536f52861ea5531f952b372577ff5950bea4ddd63f0f
empty,Empty,108,ambient_rate_mcps,testing/empty.measurement_108.csv.6jlbnms3.ingestion-544b9ff949-ft4f6.json,500,facef903d4b7c9cb8158e2b3c3d2579a5563f7328854534fe8dc5c0cf0314588
empty,Empty,108,distance_mm,testing/empty.measurement_108.csv.6jlbnms3.ingestion-544b9ff949-ft4f6.json,500,facef903d4b7c9cb8158e2b3c3d2579a5563f7328854534fe8dc5c0cf0314588
empty,Empty,108,sigma_like,testing/empty.measurement_108.csv.6jlbnms3.ingestion-544b9ff949-ft4f6.json,500,facef903d4b7c9cb8158e2b3c3d2579a5563f7328854534fe8dc5c0cf0314588
empty,Empty,108,signal_rate_mcps,testing/empty.measurement_108.csv.6jlbnms3.ingestion-544b9ff949-ft4f6.json,500,facef903d4b7c9cb8158e2b3c3d2579a5563f7328854534fe8dc5c0cf0314588
empty,Empty,112,ambient_rate_mcps,testing/empty.measurement_112.csv.6jlbnn99.ingestion-544b9ff949-rn5s8.json,500,f971d68fc205ebe71bd52537ab75eb53fd0948b62121c98335e49d1874c20b1a
empty,Empty,112,distance_mm,testing/empty.measurement_112.csv.6jlbnn99.ingestion-544b9ff949-rn5s8.json,500,f971d68fc205ebe71bd52537ab75eb53fd0948b62121c98335e49d1874c20b1a
empty,Empty,112,sigma_like,testing/empty.measurement_112.csv.6jlbnn99.ingestion-544b9ff949-rn5s8.json,500,f971d68fc205ebe71bd52537ab75eb53fd0948b62121c98335e49d1874c20b1a
empty,Empty,112,signal_rate_mcps,testing/empty.measurement_112.csv.6jlbnn99.ingestion-544b9ff949-rn5s8.json,500,f971d68fc205ebe71bd52537ab75eb53fd0948b62121c98335e49d1874c20b1a
empty,Empty,113,ambient_rate_mcps,testing/empty.measurement_113.csv.6jlbnn9j.ingestion-544b9ff949-ft4f6.json,500,50e136d8098787edff53b7503a66c4146cafe7fb7a27f45af61d07a2f80ced8e
empty,Empty,113,distance_mm,testing/empty.measurement_113.csv.6jlbnn9j.ingestion-544b9ff949-ft4f6.json,500,50e136d8098787edff53b7503a66c4146cafe7fb7a27f45af61d07a2f80ced8e
empty,Empty,113,sigma_like,testing/empty.measurement_113.csv.6jlbnn9j.ingestion-544b9ff949-ft4f6.json,500,50e136d8098787edff53b7503a66c4146cafe7fb7a27f45af61d07a2f80ced8e
empty,Empty,113,signal_rate_mcps,testing/empty.measurement_113.csv.6jlbnn9j.ingestion-544b9ff949-ft4f6.json,500,50e136d8098787edff53b7503a66c4146cafe7fb7a27f45af61d07a2f80ced8e
empty,Empty,119,ambient_rate_mcps,testing/empty.measurement_119.csv.6jlbnng4.ingestion-544b9ff949-ft4f6.json,500,8785a1359eac860f5e72e25c5c805d3ae98414f03ce42534db550e2eb9aacb3b
empty,Empty,119,distance_mm,testing/empty.measurement_119.csv.6jlbnng4.ingestion-544b9ff949-ft4f6.json,500,8785a1359eac860f5e72e25c5c805d3ae98414f03ce42534db550e2eb9aacb3b
empty,Empty,119,sigma_like,testing/empty.measurement_119.csv.6jlbnng4.ingestion-544b9ff949-ft4f6.json,500,8785a1359eac860f5e72e25c5c805d3ae98414f03ce42534db550e2eb9aacb3b
empty,Empty,119,signal_rate_mcps,testing/empty.measurement_119.csv.6jlbnng4.ingestion-544b9ff949-ft4f6.json,500,8785a1359eac860f5e72e25c5c805d3ae98414f03ce42534db550e2eb9aacb3b
empty,Empty,128,ambient_rate_mcps,testing/empty.measurement_128.csv.6jlbnnjm.ingestion-544b9ff949-rn5s8.json,500,1a7f02f42ef88616d3faa2205159c91f01c9da76e10221e80a81f4fd4015ac7f
empty,Empty,128,distance_mm,testing/empty.measurement_128.csv.6jlbnnjm.ingestion-544b9ff949-rn5s8.json,500,1a7f02f42ef88616d3faa2205159c91f01c9da76e10221e80a81f4fd4015ac7f
empty,Empty,128,sigma_like,testing/empty.measurement_128.csv.6jlbnnjm.ingestion-544b9ff949-rn5s8.json,500,1a7f02f42ef88616d3faa2205159c91f01c9da76e10221e80a81f4fd4015ac7f
empty,Empty,128,signal_rate_mcps,testing/empty.measurement_128.csv.6jlbnnjm.ingestion-544b9ff949-rn5s8.json,500,1a7f02f42ef88616d3faa2205159c91f01c9da76e10221e80a81f4fd4015ac7f
empty,Empty,132,ambient_rate_mcps,testing/empty.measurement_132.csv.6jlbnnm1.ingestion-544b9ff949-ft4f6.json,500,688b0878cc49bdb9078da46c6ddd88d0b6cc66252771f0245d1804767982d132
empty,Empty,132,distance_mm,testing/empty.measurement_132.csv.6jlbnnm1.ingestion-544b9ff949-ft4f6.json,500,688b0878cc49bdb9078da46c6ddd88d0b6cc66252771f0245d1804767982d132
empty,Empty,132,sigma_like,testing/empty.measurement_132.csv.6jlbnnm1.ingestion-544b9ff949-ft4f6.json,500,688b0878cc49bdb9078da46c6ddd88d0b6cc66252771f0245d1804767982d132
empty,Empty,132,signal_rate_mcps,testing/empty.measurement_132.csv.6jlbnnm1.ingestion-544b9ff949-ft4f6.json,500,688b0878cc49bdb9078da46c6ddd88d0b6cc66252771f0245d1804767982d132
empty,Empty,133,ambient_rate_mcps,testing/empty.measurement_133.csv.6jlbnnq4.ingestion-544b9ff949-rn5s8.json,500,9605042c6b7bba3ce1e9f39c8fc83ef4949fb346fc41fcfd6c7091db40fcf12d
empty,Empty,133,distance_mm,testing/empty.measurement_133.csv.6jlbnnq4.ingestion-544b9ff949-rn5s8.json,500,9605042c6b7bba3ce1e9f39c8fc83ef4949fb346fc41fcfd6c7091db40fcf12d
empty,Empty,133,sigma_like,testing/empty.measurement_133.csv.6jlbnnq4.ingestion-544b9ff949-rn5s8.json,500,9605042c6b7bba3ce1e9f39c8fc83ef4949fb346fc41fcfd6c7091db40fcf12d
empty,Empty,133,signal_rate_mcps,testing/empty.measurement_133.csv.6jlbnnq4.ingestion-544b9ff949-rn5s8.json,500,9605042c6b7bba3ce1e9f39c8fc83ef4949fb346fc41fcfd6c7091db40fcf12d
empty,Empty,140,ambient_rate_mcps,testing/empty.measurement_140.csv.6jlbnnrm.ingestion-544b9ff949-ft4f6.json,500,7eb94d2d21cbcf41421f3f16e48070b163561c6334c1323ee298a3b47953a4ea
empty,Empty,140,distance_mm,testing/empty.measurement_140.csv.6jlbnnrm.ingestion-544b9ff949-ft4f6.json,500,7eb94d2d21cbcf41421f3f16e48070b163561c6334c1323ee298a3b47953a4ea
empty,Empty,140,sigma_like,testing/empty.measurement_140.csv.6jlbnnrm.ingestion-544b9ff949-ft4f6.json,500,7eb94d2d21cbcf41421f3f16e48070b163561c6334c1323ee298a3b47953a4ea
empty,Empty,140,signal_rate_mcps,testing/empty.measurement_140.csv.6jlbnnrm.ingestion-544b9ff949-ft4f6.json,500,7eb94d2d21cbcf41421f3f16e48070b163561c6334c1323ee298a3b47953a4ea
empty,Empty,20,ambient_rate_mcps,testing/empty.measurement_20.csv.6jlbnnui.ingestion-544b9ff949-rn5s8.json,500,7610353ee880456c80b000660a8183a0d9446b39a8952603f4f9a7e022f9d85a
empty,Empty,20,distance_mm,testing/empty.measurement_20.csv.6jlbnnui.ingestion-544b9ff949-rn5s8.json,500,7610353ee880456c80b000660a8183a0d9446b39a8952603f4f9a7e022f9d85a
empty,Empty,20,sigma_like,testing/empty.measurement_20.csv.6jlbnnui.ingestion-544b9ff949-rn5s8.json,500,7610353ee880456c80b000660a8183a0d9446b39a8952603f4f9a7e022f9d85a
empty,Empty,20,signal_rate_mcps,testing/empty.measurement_20.csv.6jlbnnui.ingestion-544b9ff949-rn5s8.json,500,7610353ee880456c80b000660a8183a0d9446b39a8952603f4f9a7e022f9d85a
empty,Empty,24,ambient_rate_mcps,testing/empty.measurement_24.csv.6jlbno5f.ingestion-544b9ff949-kks7w.json,500,8e0556ea4d85fd3ee1cdd1c125107bf4aac15bb43c77c8c76db38e542645b944
empty,Empty,24,distance_mm,testing/empty.measurement_24.csv.6jlbno5f.ingestion-544b9ff949-kks7w.json,500,8e0556ea4d85fd3ee1cdd1c125107bf4aac15bb43c77c8c76db38e542645b944
empty,Empty,24,sigma_like,testing/empty.measurement_24.csv.6jlbno5f.ingestion-544b9ff949-kks7w.json,500,8e0556ea4d85fd3ee1cdd1c125107bf4aac15bb43c77c8c76db38e542645b944
empty,Empty,24,signal_rate_mcps,testing/empty.measurement_24.csv.6jlbno5f.ingestion-544b9ff949-kks7w.json,500,8e0556ea4d85fd3ee1cdd1c125107bf4aac15bb43c77c8c76db38e542645b944
empty,Empty,25,ambient_rate_mcps,testing/empty.measurement_25.csv.6jlbno4n.ingestion-544b9ff949-ft4f6.json,500,8d5929a4a1c8c2ab1cb86b59e9e7335d50a60896e7aa6866cf6c8bb65c21a11e
empty,Empty,25,distance_mm,testing/empty.measurement_25.csv.6jlbno4n.ingestion-544b9ff949-ft4f6.json,500,8d5929a4a1c8c2ab1cb86b59e9e7335d50a60896e7aa6866cf6c8bb65c21a11e
empty,Empty,25,sigma_like,testing/empty.measurement_25.csv.6jlbno4n.ingestion-544b9ff949-ft4f6.json,500,8d5929a4a1c8c2ab1cb86b59e9e7335d50a60896e7aa6866cf6c8bb65c21a11e
empty,Empty,25,signal_rate_mcps,testing/empty.measurement_25.csv.6jlbno4n.ingestion-544b9ff949-ft4f6.json,500,8d5929a4a1c8c2ab1cb86b59e9e7335d50a60896e7aa6866cf6c8bb65c21a11e
empty,Empty,32,ambient_rate_mcps,testing/empty.measurement_32.csv.6jlbno63.ingestion-544b9ff949-kks7w.json,500,e11457f195b112146c9310915aa5b2fec60d02ebfefdd9faa9757b4303a225b9
empty,Empty,32,distance_mm,testing/empty.measurement_32.csv.6jlbno63.ingestion-544b9ff949-kks7w.json,500,e11457f195b112146c9310915aa5b2fec60d02ebfefdd9faa9757b4303a225b9
empty,Empty,32,sigma_like,testing/empty.measurement_32.csv.6jlbno63.ingestion-544b9ff949-kks7w.json,500,e11457f195b112146c9310915aa5b2fec60d02ebfefdd9faa9757b4303a225b9
empty,Empty,32,signal_rate_mcps,testing/empty.measurement_32.csv.6jlbno63.ingestion-544b9ff949-kks7w.json,500,e11457f195b112146c9310915aa5b2fec60d02ebfefdd9faa9757b4303a225b9
empty,Empty,37,ambient_rate_mcps,testing/empty.measurement_37.csv.6jlbno8t.ingestion-544b9ff949-rn5s8.json,500,6b3f09fedd6f47480e805a699b96f9055ea898619ef6ff300a81b80f83125459
empty,Empty,37,distance_mm,testing/empty.measurement_37.csv.6jlbno8t.ingestion-544b9ff949-rn5s8.json,500,6b3f09fedd6f47480e805a699b96f9055ea898619ef6ff300a81b80f83125459
empty,Empty,37,sigma_like,testing/empty.measurement_37.csv.6jlbno8t.ingestion-544b9ff949-rn5s8.json,500,6b3f09fedd6f47480e805a699b96f9055ea898619ef6ff300a81b80f83125459
empty,Empty,37,signal_rate_mcps,testing/empty.measurement_37.csv.6jlbno8t.ingestion-544b9ff949-rn5s8.json,500,6b3f09fedd6f47480e805a699b96f9055ea898619ef6ff300a81b80f83125459
empty,Empty,41,ambient_rate_mcps,testing/empty.measurement_41.csv.6jlbnoes.ingestion-544b9ff949-ft4f6.json,500,06d1cdd3ec44d93e2fff833f92df93d27066ae4159928aed27609e9f7157b0f1
empty,Empty,41,distance_mm,testing/empty.measurement_41.csv.6jlbnoes.ingestion-544b9ff949-ft4f6.json,500,06d1cdd3ec44d93e2fff833f92df93d27066ae4159928aed27609e9f7157b0f1
empty,Empty,41,sigma_like,testing/empty.measurement_41.csv.6jlbnoes.ingestion-544b9ff949-ft4f6.json,500,06d1cdd3ec44d93e2fff833f92df93d27066ae4159928aed27609e9f7157b0f1
empty,Empty,41,signal_rate_mcps,testing/empty.measurement_41.csv.6jlbnoes.ingestion-544b9ff949-ft4f6.json,500,06d1cdd3ec44d93e2fff833f92df93d27066ae4159928aed27609e9f7157b0f1
empty,Empty,45,ambient_rate_mcps,testing/empty.measurement_45.csv.6jlbnofs.ingestion-544b9ff949-rn5s8.json,500,372a98b3027f5e53e6fdd62cfa61fd6c8e47d2d6c98e90495c3e7daf9c17625f
empty,Empty,45,distance_mm,testing/empty.measurement_45.csv.6jlbnofs.ingestion-544b9ff949-rn5s8.json,500,372a98b3027f5e53e6fdd62cfa61fd6c8e47d2d6c98e90495c3e7daf9c17625f
empty,Empty,45,sigma_like,testing/empty.measurement_45.csv.6jlbnofs.ingestion-544b9ff949-rn5s8.json,500,372a98b3027f5e53e6fdd62cfa61fd6c8e47d2d6c98e90495c3e7daf9c17625f
empty,Empty,45,signal_rate_mcps,testing/empty.measurement_45.csv.6jlbnofs.ingestion-544b9ff949-rn5s8.json,500,372a98b3027f5e53e6fdd62cfa61fd6c8e47d2d6c98e90495c3e7daf9c17625f
empty,Empty,5,ambient_rate_mcps,testing/empty.measurement_5.csv.6jlbnogk.ingestion-544b9ff949-ft4f6.json,500,f964cacd355a55c0051acfc1d6bc5c624f70733e0e0a9c50314c24c62cbc3baf
empty,Empty,5,distance_mm,testing/empty.measurement_5.csv.6jlbnogk.ingestion-544b9ff949-ft4f6.json,500,f964cacd355a55c0051acfc1d6bc5c624f70733e0e0a9c50314c24c62cbc3baf
empty,Empty,5,sigma_like,testing/empty.measurement_5.csv.6jlbnogk.ingestion-544b9ff949-ft4f6.json,500,f964cacd355a55c0051acfc1d6bc5c624f70733e0e0a9c50314c24c62cbc3baf
empty,Empty,5,signal_rate_mcps,testing/empty.measurement_5.csv.6jlbnogk.ingestion-544b9ff949-ft4f6.json,500,f964cacd355a55c0051acfc1d6bc5c624f70733e0e0a9c50314c24c62cbc3baf
empty,Empty,55,ambient_rate_mcps,testing/empty.measurement_55.csv.6jlbnoiu.ingestion-544b9ff949-ft4f6.json,500,3c0aec6b1d80f6d79432efc353b975d25e998b4a9d4b296790103205c461a83b
empty,Empty,55,distance_mm,testing/empty.measurement_55.csv.6jlbnoiu.ingestion-544b9ff949-ft4f6.json,500,3c0aec6b1d80f6d79432efc353b975d25e998b4a9d4b296790103205c461a83b
empty,Empty,55,sigma_like,testing/empty.measurement_55.csv.6jlbnoiu.ingestion-544b9ff949-ft4f6.json,500,3c0aec6b1d80f6d79432efc353b975d25e998b4a9d4b296790103205c461a83b
empty,Empty,55,signal_rate_mcps,testing/empty.measurement_55.csv.6jlbnoiu.ingestion-544b9ff949-ft4f6.json,500,3c0aec6b1d80f6d79432efc353b975d25e998b4a9d4b296790103205c461a83b
empty,Empty,59,ambient_rate_mcps,testing/empty.measurement_59.csv.6jlbnook.ingestion-544b9ff949-rn5s8.json,500,a22e003bad55c7eba609dcc85f43ec3cc72bd4185c504f117f59284cee6f0350
empty,Empty,59,distance_mm,testing/empty.measurement_59.csv.6jlbnook.ingestion-544b9ff949-rn5s8.json,500,a22e003bad55c7eba609dcc85f43ec3cc72bd4185c504f117f59284cee6f0350
empty,Empty,59,sigma_like,testing/empty.measurement_59.csv.6jlbnook.ingestion-544b9ff949-rn5s8.json,500,a22e003bad55c7eba609dcc85f43ec3cc72bd4185c504f117f59284cee6f0350
empty,Empty,59,signal_rate_mcps,testing/empty.measurement_59.csv.6jlbnook.ingestion-544b9ff949-rn5s8.json,500,a22e003bad55c7eba609dcc85f43ec3cc72bd4185c504f117f59284cee6f0350
empty,Empty,63,ambient_rate_mcps,testing/empty.measurement_63.csv.6jlbnoqn.ingestion-544b9ff949-rn5s8.json,500,d82a6d8ce1ceb8f0ac38cebcbc11714e2f82650dd7d1cdf40c621b23a0679e44
empty,Empty,63,distance_mm,testing/empty.measurement_63.csv.6jlbnoqn.ingestion-544b9ff949-rn5s8.json,500,d82a6d8ce1ceb8f0ac38cebcbc11714e2f82650dd7d1cdf40c621b23a0679e44
empty,Empty,63,sigma_like,testing/empty.measurement_63.csv.6jlbnoqn.ingestion-544b9ff949-rn5s8.json,500,d82a6d8ce1ceb8f0ac38cebcbc11714e2f82650dd7d1cdf40c621b23a0679e44
empty,Empty,63,signal_rate_mcps,testing/empty.measurement_63.csv.6jlbnoqn.ingestion-544b9ff949-rn5s8.json,500,d82a6d8ce1ceb8f0ac38cebcbc11714e2f82650dd7d1cdf40c621b23a0679e44
empty,Empty,7,ambient_rate_mcps,testing/empty.measurement_7.csv.6jlbnord.ingestion-544b9ff949-rn5s8.json,500,cbbc55ac2c00047a964dfda7c682ded5c585e4e77000391a92bb5af558204557
empty,Empty,7,distance_mm,testing/empty.measurement_7.csv.6jlbnord.ingestion-544b9ff949-rn5s8.json,500,cbbc55ac2c00047a964dfda7c682ded5c585e4e77000391a92bb5af558204557
empty,Empty,7,sigma_like,testing/empty.measurement_7.csv.6jlbnord.ingestion-544b9ff949-rn5s8.json,500,cbbc55ac2c00047a964dfda7c682ded5c585e4e77000391a92bb5af558204557
empty,Empty,7,signal_rate_mcps,testing/empty.measurement_7.csv.6jlbnord.ingestion-544b9ff949-rn5s8.json,500,cbbc55ac2c00047a964dfda7c682ded5c585e4e77000391a92bb5af558204557
empty,Empty,71,ambient_rate_mcps,testing/empty.measurement_71.csv.6jlbnosu.ingestion-544b9ff949-ft4f6.json,500,4545355453734ab92678aad7fa1f522f5875dab9031ee8367ac3f731ddfea72b
empty,Empty,71,distance_mm,testing/empty.measurement_71.csv.6jlbnosu.ingestion-544b9ff949-ft4f6.json,500,4545355453734ab92678aad7fa1f522f5875dab9031ee8367ac3f731ddfea72b
empty,Empty,71,sigma_like,testing/empty.measurement_71.csv.6jlbnosu.ingestion-544b9ff949-ft4f6.json,500,4545355453734ab92678aad7fa1f522f5875dab9031ee8367ac3f731ddfea72b
empty,Empty,71,signal_rate_mcps,testing/empty.measurement_71.csv.6jlbnosu.ingestion-544b9ff949-ft4f6.json,500,4545355453734ab92678aad7fa1f522f5875dab9031ee8367ac3f731ddfea72b
empty,Empty,79,ambient_rate_mcps,testing/empty.measurement_79.csv.6jlbnp44.ingestion-544b9ff949-kks7w.json,500,72fc291dc8564326fb181546d4b88335c5130dcf0407052b45d328800e8ac199
empty,Empty,79,distance_mm,testing/empty.measurement_79.csv.6jlbnp44.ingestion-544b9ff949-kks7w.json,500,72fc291dc8564326fb181546d4b88335c5130dcf0407052b45d328800e8ac199
empty,Empty,79,sigma_like,testing/empty.measurement_79.csv.6jlbnp44.ingestion-544b9ff949-kks7w.json,500,72fc291dc8564326fb181546d4b88335c5130dcf0407052b45d328800e8ac199
empty,Empty,79,signal_rate_mcps,testing/empty.measurement_79.csv.6jlbnp44.ingestion-544b9ff949-kks7w.json,500,72fc291dc8564326fb181546d4b88335c5130dcf0407052b45d328800e8ac199
empty,Empty,83,ambient_rate_mcps,testing/empty.measurement_83.csv.6jlbnp52.ingestion-544b9ff949-rn5s8.json,500,d3892ba7f1946a75ea8343ea1509773bb6029a6699732c109361a77dcf8a7f47
empty,Empty,83,distance_mm,testing/empty.measurement_83.csv.6jlbnp52.ingestion-544b9ff949-rn5s8.json,500,d3892ba7f1946a75ea8343ea1509773bb6029a6699732c109361a77dcf8a7f47
empty,Empty,83,sigma_like,testing/empty.measurement_83.csv.6jlbnp52.ingestion-544b9ff949-rn5s8.json,500,d3892ba7f1946a75ea8343ea1509773bb6029a6699732c109361a77dcf8a7f47
empty,Empty,83,signal_rate_mcps,testing/empty.measurement_83.csv.6jlbnp52.ingestion-544b9ff949-rn5s8.json,500,d3892ba7f1946a75ea8343ea1509773bb6029a6699732c109361a77dcf8a7f47
empty,Empty,87,ambient_rate_mcps,testing/empty.measurement_87.csv.6jlbnp69.ingestion-544b9ff949-kks7w.json,500,601326484a894b1d019e018227ef8f3c8d738ab7876465b9a6279bf775ab9ba4
empty,Empty,87,distance_mm,testing/empty.measurement_87.csv.6jlbnp69.ingestion-544b9ff949-kks7w.json,500,601326484a894b1d019e018227ef8f3c8d738ab7876465b9a6279bf775ab9ba4
empty,Empty,87,sigma_like,testing/empty.measurement_87.csv.6jlbnp69.ingestion-544b9ff949-kks7w.json,500,601326484a894b1d019e018227ef8f3c8d738ab7876465b9a6279bf775ab9ba4
empty,Empty,87,signal_rate_mcps,testing/empty.measurement_87.csv.6jlbnp69.ingestion-544b9ff949-kks7w.json,500,601326484a894b1d019e018227ef8f3c8d738ab7876465b9a6279bf775ab9ba4
empty,Empty,92,ambient_rate_mcps,testing/empty.measurement_92.csv.6jlbnp8g.ingestion-544b9ff949-kks7w.json,500,b8fba9033886577c18eb577cff931eacf08d4c2de1c7cb2f0248af3a9aaef16c
empty,Empty,92,distance_mm,testing/empty.measurement_92.csv.6jlbnp8g.ingestion-544b9ff949-kks7w.json,500,b8fba9033886577c18eb577cff931eacf08d4c2de1c7cb2f0248af3a9aaef16c
empty,Empty,92,sigma_like,testing/empty.measurement_92.csv.6jlbnp8g.ingestion-544b9ff949-kks7w.json,500,b8fba9033886577c18eb577cff931eacf08d4c2de1c7cb2f0248af3a9aaef16c
empty,Empty,92,signal_rate_mcps,testing/empty.measurement_92.csv.6jlbnp8g.ingestion-544b9ff949-kks7w.json,500,b8fba9033886577c18eb577cff931eacf08d4c2de1c7cb2f0248af3a9aaef16c
empty,Empty,96,ambient_rate_mcps,testing/empty.measurement_96.csv.6jlbnpe0.ingestion-544b9ff949-ft4f6.json,500,7ffa6108f4e09598bdfbaffac2865c871562388eb61434136380ea3f0d05050c
empty,Empty,96,distance_mm,testing/empty.measurement_96.csv.6jlbnpe0.ingestion-544b9ff949-ft4f6.json,500,7ffa6108f4e09598bdfbaffac2865c871562388eb61434136380ea3f0d05050c
empty,Empty,96,sigma_like,testing/empty.measurement_96.csv.6jlbnpe0.ingestion-544b9ff949-ft4f6.json,500,7ffa6108f4e09598bdfbaffac2865c871562388eb61434136380ea3f0d05050c
empty,Empty,96,signal_rate_mcps,testing/empty.measurement_96.csv.6jlbnpe0.ingestion-544b9ff949-ft4f6.json,500,7ffa6108f4e09598bdfbaffac2865c871562388eb61434136380ea3f0d05050c
misty,Misty,102,ambient_rate_mcps,testing/misty.measurement_102.csv.6jlbp1g3.ingestion-544b9ff949-ft4f6.json,500,12943f15661972b983f0aa76c72775e8f2b298a7576e75c84dc1b1f4c51cf47f
misty,Misty,102,distance_mm,testing/misty.measurement_102.csv.6jlbp1g3.ingestion-544b9ff949-ft4f6.json,500,12943f15661972b983f0aa76c72775e8f2b298a7576e75c84dc1b1f4c51cf47f
misty,Misty,102,sigma_like,testing/misty.measurement_102.csv.6jlbp1g3.ingestion-544b9ff949-ft4f6.json,500,12943f15661972b983f0aa76c72775e8f2b298a7576e75c84dc1b1f4c51cf47f
misty,Misty,102,signal_rate_mcps,testing/misty.measurement_102.csv.6jlbp1g3.ingestion-544b9ff949-ft4f6.json,500,12943f15661972b983f0aa76c72775e8f2b298a7576e75c84dc1b1f4c51cf47f
misty,Misty,104,ambient_rate_mcps,testing/misty.measurement_104.csv.6jlbp1g7.ingestion-544b9ff949-kks7w.json,500,2998918f42248f3ce90704ca9936b01f0b5e475043ea635d2bb4ba9fe1bfc43f
misty,Misty,104,distance_mm,testing/misty.measurement_104.csv.6jlbp1g7.ingestion-544b9ff949-kks7w.json,500,2998918f42248f3ce90704ca9936b01f0b5e475043ea635d2bb4ba9fe1bfc43f
misty,Misty,104,sigma_like,testing/misty.measurement_104.csv.6jlbp1g7.ingestion-544b9ff949-kks7w.json,500,2998918f42248f3ce90704ca9936b01f0b5e475043ea635d2bb4ba9fe1bfc43f
misty,Misty,104,signal_rate_mcps,testing/misty.measurement_104.csv.6jlbp1g7.ingestion-544b9ff949-kks7w.json,500,2998918f42248f3ce90704ca9936b01f0b5e475043ea635d2bb4ba9fe1bfc43f
misty,Misty,109,ambient_rate_mcps,testing/misty.measurement_109.csv.6jlbp1h5.ingestion-544b9ff949-ft4f6.json,500,39187494b39ec80646f1717fea8fdd1538d8247274f34320f8068ce48e0d402d
misty,Misty,109,distance_mm,testing/misty.measurement_109.csv.6jlbp1h5.ingestion-544b9ff949-ft4f6.json,500,39187494b39ec80646f1717fea8fdd1538d8247274f34320f8068ce48e0d402d
misty,Misty,109,sigma_like,testing/misty.measurement_109.csv.6jlbp1h5.ingestion-544b9ff949-ft4f6.json,500,39187494b39ec80646f1717fea8fdd1538d8247274f34320f8068ce48e0d402d
misty,Misty,109,signal_rate_mcps,testing/misty.measurement_109.csv.6jlbp1h5.ingestion-544b9ff949-ft4f6.json,500,39187494b39ec80646f1717fea8fdd1538d8247274f34320f8068ce48e0d402d
misty,Misty,112,ambient_rate_mcps,testing/misty.measurement_112.csv.6jlbp1h6.ingestion-544b9ff949-kks7w.json,500,03efcfee7f4bccdf909a20578066346b8ed1b59f417b52bcf070fe5a3ae7a88a
misty,Misty,112,distance_mm,testing/misty.measurement_112.csv.6jlbp1h6.ingestion-544b9ff949-kks7w.json,500,03efcfee7f4bccdf909a20578066346b8ed1b59f417b52bcf070fe5a3ae7a88a
misty,Misty,112,sigma_like,testing/misty.measurement_112.csv.6jlbp1h6.ingestion-544b9ff949-kks7w.json,500,03efcfee7f4bccdf909a20578066346b8ed1b59f417b52bcf070fe5a3ae7a88a
misty,Misty,112,signal_rate_mcps,testing/misty.measurement_112.csv.6jlbp1h6.ingestion-544b9ff949-kks7w.json,500,03efcfee7f4bccdf909a20578066346b8ed1b59f417b52bcf070fe5a3ae7a88a
misty,Misty,118,ambient_rate_mcps,testing/misty.measurement_118.csv.6jlbp1ro.ingestion-544b9ff949-kks7w.json,500,8bf2bdb20e05e7c406e2826addbd3440d277fe241b748baa49ef58e39d86acc9
misty,Misty,118,distance_mm,testing/misty.measurement_118.csv.6jlbp1ro.ingestion-544b9ff949-kks7w.json,500,8bf2bdb20e05e7c406e2826addbd3440d277fe241b748baa49ef58e39d86acc9
misty,Misty,118,sigma_like,testing/misty.measurement_118.csv.6jlbp1ro.ingestion-544b9ff949-kks7w.json,500,8bf2bdb20e05e7c406e2826addbd3440d277fe241b748baa49ef58e39d86acc9
misty,Misty,118,signal_rate_mcps,testing/misty.measurement_118.csv.6jlbp1ro.ingestion-544b9ff949-kks7w.json,500,8bf2bdb20e05e7c406e2826addbd3440d277fe241b748baa49ef58e39d86acc9
misty,Misty,125,ambient_rate_mcps,testing/misty.measurement_125.csv.6jlbp1u8.ingestion-544b9ff949-rn5s8.json,500,8a9e37e06133b60b9af01ec110931a375c67d70f6f271b7b54bfca77502156d2
misty,Misty,125,distance_mm,testing/misty.measurement_125.csv.6jlbp1u8.ingestion-544b9ff949-rn5s8.json,500,8a9e37e06133b60b9af01ec110931a375c67d70f6f271b7b54bfca77502156d2
misty,Misty,125,sigma_like,testing/misty.measurement_125.csv.6jlbp1u8.ingestion-544b9ff949-rn5s8.json,500,8a9e37e06133b60b9af01ec110931a375c67d70f6f271b7b54bfca77502156d2
misty,Misty,125,signal_rate_mcps,testing/misty.measurement_125.csv.6jlbp1u8.ingestion-544b9ff949-rn5s8.json,500,8a9e37e06133b60b9af01ec110931a375c67d70f6f271b7b54bfca77502156d2
misty,Misty,127,ambient_rate_mcps,testing/misty.measurement_127.csv.6jlbp1u3.ingestion-544b9ff949-ft4f6.json,500,c4b3e320c24be88831871810e3147502af134a2334208a709a7c2a986316eb60
misty,Misty,127,distance_mm,testing/misty.measurement_127.csv.6jlbp1u3.ingestion-544b9ff949-ft4f6.json,500,c4b3e320c24be88831871810e3147502af134a2334208a709a7c2a986316eb60
misty,Misty,127,sigma_like,testing/misty.measurement_127.csv.6jlbp1u3.ingestion-544b9ff949-ft4f6.json,500,c4b3e320c24be88831871810e3147502af134a2334208a709a7c2a986316eb60
misty,Misty,127,signal_rate_mcps,testing/misty.measurement_127.csv.6jlbp1u3.ingestion-544b9ff949-ft4f6.json,500,c4b3e320c24be88831871810e3147502af134a2334208a709a7c2a986316eb60
misty,Misty,130,ambient_rate_mcps,testing/misty.measurement_130.csv.6jlbp1ul.ingestion-544b9ff949-rn5s8.json,500,e43b49b22be1fd8ce16ce63179a0cee4f484454ac8f0bbf04aeef6769151e715
misty,Misty,130,distance_mm,testing/misty.measurement_130.csv.6jlbp1ul.ingestion-544b9ff949-rn5s8.json,500,e43b49b22be1fd8ce16ce63179a0cee4f484454ac8f0bbf04aeef6769151e715
misty,Misty,130,sigma_like,testing/misty.measurement_130.csv.6jlbp1ul.ingestion-544b9ff949-rn5s8.json,500,e43b49b22be1fd8ce16ce63179a0cee4f484454ac8f0bbf04aeef6769151e715
misty,Misty,130,signal_rate_mcps,testing/misty.measurement_130.csv.6jlbp1ul.ingestion-544b9ff949-rn5s8.json,500,e43b49b22be1fd8ce16ce63179a0cee4f484454ac8f0bbf04aeef6769151e715
misty,Misty,137,ambient_rate_mcps,testing/misty.measurement_137.csv.6jlbp27v.ingestion-544b9ff949-kks7w.json,500,84c8f2b5bcdace4ddc926ba7ef2ec96f03e9617b267a49146e66ac0100a98557
misty,Misty,137,distance_mm,testing/misty.measurement_137.csv.6jlbp27v.ingestion-544b9ff949-kks7w.json,500,84c8f2b5bcdace4ddc926ba7ef2ec96f03e9617b267a49146e66ac0100a98557
misty,Misty,137,sigma_like,testing/misty.measurement_137.csv.6jlbp27v.ingestion-544b9ff949-kks7w.json,500,84c8f2b5bcdace4ddc926ba7ef2ec96f03e9617b267a49146e66ac0100a98557
misty,Misty,137,signal_rate_mcps,testing/misty.measurement_137.csv.6jlbp27v.ingestion-544b9ff949-kks7w.json,500,84c8f2b5bcdace4ddc926ba7ef2ec96f03e9617b267a49146e66ac0100a98557
misty,Misty,18,ambient_rate_mcps,testing/misty.measurement_18.csv.6jlbp29k.ingestion-544b9ff949-rn5s8.json,500,ee2687fd94b39c48f04707703d88ed66d2467eb5bd99bb3cbfc5035aa2222965
misty,Misty,18,distance_mm,testing/misty.measurement_18.csv.6jlbp29k.ingestion-544b9ff949-rn5s8.json,500,ee2687fd94b39c48f04707703d88ed66d2467eb5bd99bb3cbfc5035aa2222965
misty,Misty,18,sigma_like,testing/misty.measurement_18.csv.6jlbp29k.ingestion-544b9ff949-rn5s8.json,500,ee2687fd94b39c48f04707703d88ed66d2467eb5bd99bb3cbfc5035aa2222965
misty,Misty,18,signal_rate_mcps,testing/misty.measurement_18.csv.6jlbp29k.ingestion-544b9ff949-rn5s8.json,500,ee2687fd94b39c48f04707703d88ed66d2467eb5bd99bb3cbfc5035aa2222965
misty,Misty,20,ambient_rate_mcps,testing/misty.measurement_20.csv.6jlbp2ad.ingestion-544b9ff949-rn5s8.json,500,20de3468ae07586eb56b673c0618351653ee60c54258b31c3de4ddece4d19eb4
misty,Misty,20,distance_mm,testing/misty.measurement_20.csv.6jlbp2ad.ingestion-544b9ff949-rn5s8.json,500,20de3468ae07586eb56b673c0618351653ee60c54258b31c3de4ddece4d19eb4
misty,Misty,20,sigma_like,testing/misty.measurement_20.csv.6jlbp2ad.ingestion-544b9ff949-rn5s8.json,500,20de3468ae07586eb56b673c0618351653ee60c54258b31c3de4ddece4d19eb4
misty,Misty,20,signal_rate_mcps,testing/misty.measurement_20.csv.6jlbp2ad.ingestion-544b9ff949-rn5s8.json,500,20de3468ae07586eb56b673c0618351653ee60c54258b31c3de4ddece4d19eb4
misty,Misty,26,ambient_rate_mcps,testing/misty.measurement_26.csv.6jlbp2ae.ingestion-544b9ff949-rn5s8.json,500,b9ed0d41e82905bffe343b64515aa496fff23dbfa8422613d34cd2ca1d8f350c
misty,Misty,26,distance_mm,testing/misty.measurement_26.csv.6jlbp2ae.ingestion-544b9ff949-rn5s8.json,500,b9ed0d41e82905bffe343b64515aa496fff23dbfa8422613d34cd2ca1d8f350c
misty,Misty,26,sigma_like,testing/misty.measurement_26.csv.6jlbp2ae.ingestion-544b9ff949-rn5s8.json,500,b9ed0d41e82905bffe343b64515aa496fff23dbfa8422613d34cd2ca1d8f350c
misty,Misty,26,signal_rate_mcps,testing/misty.measurement_26.csv.6jlbp2ae.ingestion-544b9ff949-rn5s8.json,500,b9ed0d41e82905bffe343b64515aa496fff23dbfa8422613d34cd2ca1d8f350c
misty,Misty,29,ambient_rate_mcps,testing/misty.measurement_29.csv.6jlbp2id.ingestion-544b9ff949-rn5s8.json,500,0ff8b3049e69c9c70ed581cfd98a4626a3d1467e4eb6217441fa57d0ffeacd47
misty,Misty,29,distance_mm,testing/misty.measurement_29.csv.6jlbp2id.ingestion-544b9ff949-rn5s8.json,500,0ff8b3049e69c9c70ed581cfd98a4626a3d1467e4eb6217441fa57d0ffeacd47
misty,Misty,29,sigma_like,testing/misty.measurement_29.csv.6jlbp2id.ingestion-544b9ff949-rn5s8.json,500,0ff8b3049e69c9c70ed581cfd98a4626a3d1467e4eb6217441fa57d0ffeacd47
misty,Misty,29,signal_rate_mcps,testing/misty.measurement_29.csv.6jlbp2id.ingestion-544b9ff949-rn5s8.json,500,0ff8b3049e69c9c70ed581cfd98a4626a3d1467e4eb6217441fa57d0ffeacd47
misty,Misty,36,ambient_rate_mcps,testing/misty.measurement_36.csv.6jlbp2kh.ingestion-544b9ff949-ft4f6.json,500,09b3f6ce253cb24dabcb5b93e0ac62771a356628c920cfb3d0e6583f538920ef
misty,Misty,36,distance_mm,testing/misty.measurement_36.csv.6jlbp2kh.ingestion-544b9ff949-ft4f6.json,500,09b3f6ce253cb24dabcb5b93e0ac62771a356628c920cfb3d0e6583f538920ef
misty,Misty,36,sigma_like,testing/misty.measurement_36.csv.6jlbp2kh.ingestion-544b9ff949-ft4f6.json,500,09b3f6ce253cb24dabcb5b93e0ac62771a356628c920cfb3d0e6583f538920ef
misty,Misty,36,signal_rate_mcps,testing/misty.measurement_36.csv.6jlbp2kh.ingestion-544b9ff949-ft4f6.json,500,09b3f6ce253cb24dabcb5b93e0ac62771a356628c920cfb3d0e6583f538920ef
misty,Misty,37,ambient_rate_mcps,testing/misty.measurement_37.csv.6jlbp2kj.ingestion-544b9ff949-rn5s8.json,500,90b3a26e25477f194bf9112876519ccd9211e772558cfa5ca94df1774866670d
misty,Misty,37,distance_mm,testing/misty.measurement_37.csv.6jlbp2kj.ingestion-544b9ff949-rn5s8.json,500,90b3a26e25477f194bf9112876519ccd9211e772558cfa5ca94df1774866670d
misty,Misty,37,sigma_like,testing/misty.measurement_37.csv.6jlbp2kj.ingestion-544b9ff949-rn5s8.json,500,90b3a26e25477f194bf9112876519ccd9211e772558cfa5ca94df1774866670d
misty,Misty,37,signal_rate_mcps,testing/misty.measurement_37.csv.6jlbp2kj.ingestion-544b9ff949-rn5s8.json,500,90b3a26e25477f194bf9112876519ccd9211e772558cfa5ca94df1774866670d
misty,Misty,44,ambient_rate_mcps,testing/misty.measurement_44.csv.6jlbp2m4.ingestion-544b9ff949-ft4f6.json,500,313ac547f2f7f5b068e6a0be7160c877721751d580f90b77959f8850a9e70a22
misty,Misty,44,distance_mm,testing/misty.measurement_44.csv.6jlbp2m4.ingestion-544b9ff949-ft4f6.json,500,313ac547f2f7f5b068e6a0be7160c877721751d580f90b77959f8850a9e70a22
misty,Misty,44,sigma_like,testing/misty.measurement_44.csv.6jlbp2m4.ingestion-544b9ff949-ft4f6.json,500,313ac547f2f7f5b068e6a0be7160c877721751d580f90b77959f8850a9e70a22
misty,Misty,44,signal_rate_mcps,testing/misty.measurement_44.csv.6jlbp2m4.ingestion-544b9ff949-ft4f6.json,500,313ac547f2f7f5b068e6a0be7160c877721751d580f90b77959f8850a9e70a22
misty,Misty,47,ambient_rate_mcps,testing/misty.measurement_47.csv.6jlbp2tc.ingestion-544b9ff949-ft4f6.json,500,28e1229e321f1d5df22f6eb8cea325299c521b9940628e78ed7af6e0b41ca2f5
misty,Misty,47,distance_mm,testing/misty.measurement_47.csv.6jlbp2tc.ingestion-544b9ff949-ft4f6.json,500,28e1229e321f1d5df22f6eb8cea325299c521b9940628e78ed7af6e0b41ca2f5
misty,Misty,47,sigma_like,testing/misty.measurement_47.csv.6jlbp2tc.ingestion-544b9ff949-ft4f6.json,500,28e1229e321f1d5df22f6eb8cea325299c521b9940628e78ed7af6e0b41ca2f5
misty,Misty,47,signal_rate_mcps,testing/misty.measurement_47.csv.6jlbp2tc.ingestion-544b9ff949-ft4f6.json,500,28e1229e321f1d5df22f6eb8cea325299c521b9940628e78ed7af6e0b41ca2f5
misty,Misty,56,ambient_rate_mcps,testing/misty.measurement_56.csv.6jlbp2vf.ingestion-544b9ff949-rn5s8.json,500,5db7345e6a6de647451270d0a041a7cac122b9a2c3fabcd5771c151f37b37a10
misty,Misty,56,distance_mm,testing/misty.measurement_56.csv.6jlbp2vf.ingestion-544b9ff949-rn5s8.json,500,5db7345e6a6de647451270d0a041a7cac122b9a2c3fabcd5771c151f37b37a10
misty,Misty,56,sigma_like,testing/misty.measurement_56.csv.6jlbp2vf.ingestion-544b9ff949-rn5s8.json,500,5db7345e6a6de647451270d0a041a7cac122b9a2c3fabcd5771c151f37b37a10
misty,Misty,56,signal_rate_mcps,testing/misty.measurement_56.csv.6jlbp2vf.ingestion-544b9ff949-rn5s8.json,500,5db7345e6a6de647451270d0a041a7cac122b9a2c3fabcd5771c151f37b37a10
misty,Misty,58,ambient_rate_mcps,testing/misty.measurement_58.csv.6jlbp2vt.ingestion-544b9ff949-ft4f6.json,500,4f2743ef5b7cc1b9e8e2e8009a5a2b1e88386bc4e6060f34ad5d864c8295ff79
misty,Misty,58,distance_mm,testing/misty.measurement_58.csv.6jlbp2vt.ingestion-544b9ff949-ft4f6.json,500,4f2743ef5b7cc1b9e8e2e8009a5a2b1e88386bc4e6060f34ad5d864c8295ff79
misty,Misty,58,sigma_like,testing/misty.measurement_58.csv.6jlbp2vt.ingestion-544b9ff949-ft4f6.json,500,4f2743ef5b7cc1b9e8e2e8009a5a2b1e88386bc4e6060f34ad5d864c8295ff79
misty,Misty,58,signal_rate_mcps,testing/misty.measurement_58.csv.6jlbp2vt.ingestion-544b9ff949-ft4f6.json,500,4f2743ef5b7cc1b9e8e2e8009a5a2b1e88386bc4e6060f34ad5d864c8295ff79
misty,Misty,6,ambient_rate_mcps,testing/misty.measurement_6.csv.6jlbp307.ingestion-544b9ff949-kks7w.json,500,f4118813079d9d6a080bc54925b4dd5e0b08891e514d963e78f485d4133fb2b5
misty,Misty,6,distance_mm,testing/misty.measurement_6.csv.6jlbp307.ingestion-544b9ff949-kks7w.json,500,f4118813079d9d6a080bc54925b4dd5e0b08891e514d963e78f485d4133fb2b5
misty,Misty,6,sigma_like,testing/misty.measurement_6.csv.6jlbp307.ingestion-544b9ff949-kks7w.json,500,f4118813079d9d6a080bc54925b4dd5e0b08891e514d963e78f485d4133fb2b5
misty,Misty,6,signal_rate_mcps,testing/misty.measurement_6.csv.6jlbp307.ingestion-544b9ff949-kks7w.json,500,f4118813079d9d6a080bc54925b4dd5e0b08891e514d963e78f485d4133fb2b5
misty,Misty,66,ambient_rate_mcps,testing/misty.measurement_66.csv.6jlbp38k.ingestion-544b9ff949-ft4f6.json,500,a238ac3e42d76358ede513aca6234c10392f6d7aa1ae04d66623f16ab50bba05
misty,Misty,66,distance_mm,testing/misty.measurement_66.csv.6jlbp38k.ingestion-544b9ff949-ft4f6.json,500,a238ac3e42d76358ede513aca6234c10392f6d7aa1ae04d66623f16ab50bba05
misty,Misty,66,sigma_like,testing/misty.measurement_66.csv.6jlbp38k.ingestion-544b9ff949-ft4f6.json,500,a238ac3e42d76358ede513aca6234c10392f6d7aa1ae04d66623f16ab50bba05
misty,Misty,66,signal_rate_mcps,testing/misty.measurement_66.csv.6jlbp38k.ingestion-544b9ff949-ft4f6.json,500,a238ac3e42d76358ede513aca6234c10392f6d7aa1ae04d66623f16ab50bba05
misty,Misty,69,ambient_rate_mcps,testing/misty.measurement_69.csv.6jlbp39n.ingestion-544b9ff949-ft4f6.json,500,d989cb0e4b9f6905974bf39a4eedb53cb750b8ecb0242d020e0d4f577f59420a
misty,Misty,69,distance_mm,testing/misty.measurement_69.csv.6jlbp39n.ingestion-544b9ff949-ft4f6.json,500,d989cb0e4b9f6905974bf39a4eedb53cb750b8ecb0242d020e0d4f577f59420a
misty,Misty,69,sigma_like,testing/misty.measurement_69.csv.6jlbp39n.ingestion-544b9ff949-ft4f6.json,500,d989cb0e4b9f6905974bf39a4eedb53cb750b8ecb0242d020e0d4f577f59420a
misty,Misty,69,signal_rate_mcps,testing/misty.measurement_69.csv.6jlbp39n.ingestion-544b9ff949-ft4f6.json,500,d989cb0e4b9f6905974bf39a4eedb53cb750b8ecb0242d020e0d4f577f59420a
misty,Misty,72,ambient_rate_mcps,testing/misty.measurement_72.csv.6jlbp3ar.ingestion-544b9ff949-rn5s8.json,500,55861648a09b8e2de6ba1d297a7a829e5cbf16a0d63130f0abd042f1fb37ca85
misty,Misty,72,distance_mm,testing/misty.measurement_72.csv.6jlbp3ar.ingestion-544b9ff949-rn5s8.json,500,55861648a09b8e2de6ba1d297a7a829e5cbf16a0d63130f0abd042f1fb37ca85
misty,Misty,72,sigma_like,testing/misty.measurement_72.csv.6jlbp3ar.ingestion-544b9ff949-rn5s8.json,500,55861648a09b8e2de6ba1d297a7a829e5cbf16a0d63130f0abd042f1fb37ca85
misty,Misty,72,signal_rate_mcps,testing/misty.measurement_72.csv.6jlbp3ar.ingestion-544b9ff949-rn5s8.json,500,55861648a09b8e2de6ba1d297a7a829e5cbf16a0d63130f0abd042f1fb37ca85
misty,Misty,78,ambient_rate_mcps,testing/misty.measurement_78.csv.6jlbp3bp.ingestion-544b9ff949-rn5s8.json,500,b803ebb9fe6b1a72cb9ef153edee444ee2502e3e57cf5ff827a382183a564f3b
misty,Misty,78,distance_mm,testing/misty.measurement_78.csv.6jlbp3bp.ingestion-544b9ff949-rn5s8.json,500,b803ebb9fe6b1a72cb9ef153edee444ee2502e3e57cf5ff827a382183a564f3b
misty,Misty,78,sigma_like,testing/misty.measurement_78.csv.6jlbp3bp.ingestion-544b9ff949-rn5s8.json,500,b803ebb9fe6b1a72cb9ef153edee444ee2502e3e57cf5ff827a382183a564f3b
misty,Misty,78,signal_rate_mcps,testing/misty.measurement_78.csv.6jlbp3bp.ingestion-544b9ff949-rn5s8.json,500,b803ebb9fe6b1a72cb9ef153edee444ee2502e3e57cf5ff827a382183a564f3b
misty,Misty,83,ambient_rate_mcps,testing/misty.measurement_83.csv.6jlbp3j3.ingestion-544b9ff949-rn5s8.json,500,97ad132716813f0b597980ef6d3ef5877c24d05038f7c4d434fcf8279875814e
misty,Misty,83,distance_mm,testing/misty.measurement_83.csv.6jlbp3j3.ingestion-544b9ff949-rn5s8.json,500,97ad132716813f0b597980ef6d3ef5877c24d05038f7c4d434fcf8279875814e
misty,Misty,83,sigma_like,testing/misty.measurement_83.csv.6jlbp3j3.ingestion-544b9ff949-rn5s8.json,500,97ad132716813f0b597980ef6d3ef5877c24d05038f7c4d434fcf8279875814e
misty,Misty,83,signal_rate_mcps,testing/misty.measurement_83.csv.6jlbp3j3.ingestion-544b9ff949-rn5s8.json,500,97ad132716813f0b597980ef6d3ef5877c24d05038f7c4d434fcf8279875814e
misty,Misty,9,ambient_rate_mcps,testing/misty.measurement_9.csv.6jlbp3kn.ingestion-544b9ff949-kks7w.json,500,7399dcf16fc97d015d40f7396cb9463c626a822d93a72b30b3b6d6dc3c0f16da
misty,Misty,9,distance_mm,testing/misty.measurement_9.csv.6jlbp3kn.ingestion-544b9ff949-kks7w.json,500,7399dcf16fc97d015d40f7396cb9463c626a822d93a72b30b3b6d6dc3c0f16da
misty,Misty,9,sigma_like,testing/misty.measurement_9.csv.6jlbp3kn.ingestion-544b9ff949-kks7w.json,500,7399dcf16fc97d015d40f7396cb9463c626a822d93a72b30b3b6d6dc3c0f16da
misty,Misty,9,signal_rate_mcps,testing/misty.measurement_9.csv.6jlbp3kn.ingestion-544b9ff949-kks7w.json,500,7399dcf16fc97d015d40f7396cb9463c626a822d93a72b30b3b6d6dc3c0f16da
misty,Misty,93,ambient_rate_mcps,testing/misty.measurement_93.csv.6jlbp3lh.ingestion-544b9ff949-ft4f6.json,500,c7143bca1e7d3e6b5a92a2a68d4463d4022658a834cd65884d35fbfc38398a3c
misty,Misty,93,distance_mm,testing/misty.measurement_93.csv.6jlbp3lh.ingestion-544b9ff949-ft4f6.json,500,c7143bca1e7d3e6b5a92a2a68d4463d4022658a834cd65884d35fbfc38398a3c
misty,Misty,93,sigma_like,testing/misty.measurement_93.csv.6jlbp3lh.ingestion-544b9ff949-ft4f6.json,500,c7143bca1e7d3e6b5a92a2a68d4463d4022658a834cd65884d35fbfc38398a3c
misty,Misty,93,signal_rate_mcps,testing/misty.measurement_93.csv.6jlbp3lh.ingestion-544b9ff949-ft4f6.json,500,c7143bca1e7d3e6b5a92a2a68d4463d4022658a834cd65884d35fbfc38398a3c
misty,Misty,98,ambient_rate_mcps,testing/misty.measurement_98.csv.6jlbp3me.ingestion-544b9ff949-kks7w.json,500,70241050a953f6acbffb5f7e305f082aba4cf16b18d0100497e90ea35f52bda2
misty,Misty,98,distance_mm,testing/misty.measurement_98.csv.6jlbp3me.ingestion-544b9ff949-kks7w.json,500,70241050a953f6acbffb5f7e305f082aba4cf16b18d0100497e90ea35f52bda2
misty,Misty,98,sigma_like,testing/misty.measurement_98.csv.6jlbp3me.ingestion-544b9ff949-kks7w.json,500,70241050a953f6acbffb5f7e305f082aba4cf16b18d0100497e90ea35f52bda2
misty,Misty,98,signal_rate_mcps,testing/misty.measurement_98.csv.6jlbp3me.ingestion-544b9ff949-kks7w.json,500,70241050a953f6acbffb5f7e305f082aba4cf16b18d0100497e90ea35f52bda2
water-filled,Water-filled,104,ambient_rate_mcps,testing/water-filled.measurement_104.csv.6jlbo766.ingestion-544b9ff949-ft4f6.json,500,58e08a2f8fe8555c52ce3764b2b2fe654feca5044c949a9eac842dc19c8f08cc
water-filled,Water-filled,104,distance_mm,testing/water-filled.measurement_104.csv.6jlbo766.ingestion-544b9ff949-ft4f6.json,500,58e08a2f8fe8555c52ce3764b2b2fe654feca5044c949a9eac842dc19c8f08cc
water-filled,Water-filled,104,sigma_like,testing/water-filled.measurement_104.csv.6jlbo766.ingestion-544b9ff949-ft4f6.json,500,58e08a2f8fe8555c52ce3764b2b2fe654feca5044c949a9eac842dc19c8f08cc
water-filled,Water-filled,104,signal_rate_mcps,testing/water-filled.measurement_104.csv.6jlbo766.ingestion-544b9ff949-ft4f6.json,500,58e08a2f8fe8555c52ce3764b2b2fe654feca5044c949a9eac842dc19c8f08cc
water-filled,Water-filled,109,ambient_rate_mcps,testing/water-filled.measurement_109.csv.6jlbo75h.ingestion-544b9ff949-kks7w.json,500,6a44dfe194b3464e2e5034cf3262959efe1228eac130ca7cb585cf6e3f2e96a2
water-filled,Water-filled,109,distance_mm,testing/water-filled.measurement_109.csv.6jlbo75h.ingestion-544b9ff949-kks7w.json,500,6a44dfe194b3464e2e5034cf3262959efe1228eac130ca7cb585cf6e3f2e96a2
water-filled,Water-filled,109,sigma_like,testing/water-filled.measurement_109.csv.6jlbo75h.ingestion-544b9ff949-kks7w.json,500,6a44dfe194b3464e2e5034cf3262959efe1228eac130ca7cb585cf6e3f2e96a2
water-filled,Water-filled,109,signal_rate_mcps,testing/water-filled.measurement_109.csv.6jlbo75h.ingestion-544b9ff949-kks7w.json,500,6a44dfe194b3464e2e5034cf3262959efe1228eac130ca7cb585cf6e3f2e96a2
water-filled,Water-filled,112,ambient_rate_mcps,testing/water-filled.measurement_112.csv.6jlbo76b.ingestion-544b9ff949-rn5s8.json,500,7f51c17e7fbf2a966c38515ee0bca04e74e9f1a1100336236c23b4b4dd076220
water-filled,Water-filled,112,distance_mm,testing/water-filled.measurement_112.csv.6jlbo76b.ingestion-544b9ff949-rn5s8.json,500,7f51c17e7fbf2a966c38515ee0bca04e74e9f1a1100336236c23b4b4dd076220
water-filled,Water-filled,112,sigma_like,testing/water-filled.measurement_112.csv.6jlbo76b.ingestion-544b9ff949-rn5s8.json,500,7f51c17e7fbf2a966c38515ee0bca04e74e9f1a1100336236c23b4b4dd076220
water-filled,Water-filled,112,signal_rate_mcps,testing/water-filled.measurement_112.csv.6jlbo76b.ingestion-544b9ff949-rn5s8.json,500,7f51c17e7fbf2a966c38515ee0bca04e74e9f1a1100336236c23b4b4dd076220
water-filled,Water-filled,116,ambient_rate_mcps,testing/water-filled.measurement_116.csv.6jlbo7b5.ingestion-544b9ff949-rn5s8.json,500,8f45619d78393a3bd072fa352ef58065f13716e67f3aec3479a99f0779c40327
water-filled,Water-filled,116,distance_mm,testing/water-filled.measurement_116.csv.6jlbo7b5.ingestion-544b9ff949-rn5s8.json,500,8f45619d78393a3bd072fa352ef58065f13716e67f3aec3479a99f0779c40327
water-filled,Water-filled,116,sigma_like,testing/water-filled.measurement_116.csv.6jlbo7b5.ingestion-544b9ff949-rn5s8.json,500,8f45619d78393a3bd072fa352ef58065f13716e67f3aec3479a99f0779c40327
water-filled,Water-filled,116,signal_rate_mcps,testing/water-filled.measurement_116.csv.6jlbo7b5.ingestion-544b9ff949-rn5s8.json,500,8f45619d78393a3bd072fa352ef58065f13716e67f3aec3479a99f0779c40327
water-filled,Water-filled,120,ambient_rate_mcps,testing/water-filled.measurement_120.csv.6jlbo7fs.ingestion-544b9ff949-ft4f6.json,500,5c8fb8452ba789ee5ac3492370c9058980355af58dd45be8f2151557cff03c96
water-filled,Water-filled,120,distance_mm,testing/water-filled.measurement_120.csv.6jlbo7fs.ingestion-544b9ff949-ft4f6.json,500,5c8fb8452ba789ee5ac3492370c9058980355af58dd45be8f2151557cff03c96
water-filled,Water-filled,120,sigma_like,testing/water-filled.measurement_120.csv.6jlbo7fs.ingestion-544b9ff949-ft4f6.json,500,5c8fb8452ba789ee5ac3492370c9058980355af58dd45be8f2151557cff03c96
water-filled,Water-filled,120,signal_rate_mcps,testing/water-filled.measurement_120.csv.6jlbo7fs.ingestion-544b9ff949-ft4f6.json,500,5c8fb8452ba789ee5ac3492370c9058980355af58dd45be8f2151557cff03c96
water-filled,Water-filled,125,ambient_rate_mcps,testing/water-filled.measurement_125.csv.6jlbo7h0.ingestion-544b9ff949-kks7w.json,500,de785ed5e2673afb86b746a4039314fd80a9ab24e5c4b4189e27b6b98ac0d961
water-filled,Water-filled,125,distance_mm,testing/water-filled.measurement_125.csv.6jlbo7h0.ingestion-544b9ff949-kks7w.json,500,de785ed5e2673afb86b746a4039314fd80a9ab24e5c4b4189e27b6b98ac0d961
water-filled,Water-filled,125,sigma_like,testing/water-filled.measurement_125.csv.6jlbo7h0.ingestion-544b9ff949-kks7w.json,500,de785ed5e2673afb86b746a4039314fd80a9ab24e5c4b4189e27b6b98ac0d961
water-filled,Water-filled,125,signal_rate_mcps,testing/water-filled.measurement_125.csv.6jlbo7h0.ingestion-544b9ff949-kks7w.json,500,de785ed5e2673afb86b746a4039314fd80a9ab24e5c4b4189e27b6b98ac0d961
water-filled,Water-filled,130,ambient_rate_mcps,testing/water-filled.measurement_130.csv.6jlbo7ie.ingestion-544b9ff949-kks7w.json,500,8955b920fee43d232e23df1ea2d8a7ab24ea9d24c7ed97a1cc6fb534b1008b58
water-filled,Water-filled,130,distance_mm,testing/water-filled.measurement_130.csv.6jlbo7ie.ingestion-544b9ff949-kks7w.json,500,8955b920fee43d232e23df1ea2d8a7ab24ea9d24c7ed97a1cc6fb534b1008b58
water-filled,Water-filled,130,sigma_like,testing/water-filled.measurement_130.csv.6jlbo7ie.ingestion-544b9ff949-kks7w.json,500,8955b920fee43d232e23df1ea2d8a7ab24ea9d24c7ed97a1cc6fb534b1008b58
water-filled,Water-filled,130,signal_rate_mcps,testing/water-filled.measurement_130.csv.6jlbo7ie.ingestion-544b9ff949-kks7w.json,500,8955b920fee43d232e23df1ea2d8a7ab24ea9d24c7ed97a1cc6fb534b1008b58
water-filled,Water-filled,134,ambient_rate_mcps,testing/water-filled.measurement_134.csv.6jlbo7m3.ingestion-544b9ff949-ft4f6.json,500,be62612d897139234ae0d186e376e62085a8756bd7d5c3d4b8eb1318509c56ed
water-filled,Water-filled,134,distance_mm,testing/water-filled.measurement_134.csv.6jlbo7m3.ingestion-544b9ff949-ft4f6.json,500,be62612d897139234ae0d186e376e62085a8756bd7d5c3d4b8eb1318509c56ed
water-filled,Water-filled,134,sigma_like,testing/water-filled.measurement_134.csv.6jlbo7m3.ingestion-544b9ff949-ft4f6.json,500,be62612d897139234ae0d186e376e62085a8756bd7d5c3d4b8eb1318509c56ed
water-filled,Water-filled,134,signal_rate_mcps,testing/water-filled.measurement_134.csv.6jlbo7m3.ingestion-544b9ff949-ft4f6.json,500,be62612d897139234ae0d186e376e62085a8756bd7d5c3d4b8eb1318509c56ed
water-filled,Water-filled,139,ambient_rate_mcps,testing/water-filled.measurement_139.csv.6jlbo7qd.ingestion-544b9ff949-kks7w.json,500,d2fefa67a9907cefd62363173f24b43f9f7ea115d24940b4ff16746c0226cfd3
water-filled,Water-filled,139,distance_mm,testing/water-filled.measurement_139.csv.6jlbo7qd.ingestion-544b9ff949-kks7w.json,500,d2fefa67a9907cefd62363173f24b43f9f7ea115d24940b4ff16746c0226cfd3
water-filled,Water-filled,139,sigma_like,testing/water-filled.measurement_139.csv.6jlbo7qd.ingestion-544b9ff949-kks7w.json,500,d2fefa67a9907cefd62363173f24b43f9f7ea115d24940b4ff16746c0226cfd3
water-filled,Water-filled,139,signal_rate_mcps,testing/water-filled.measurement_139.csv.6jlbo7qd.ingestion-544b9ff949-kks7w.json,500,d2fefa67a9907cefd62363173f24b43f9f7ea115d24940b4ff16746c0226cfd3
water-filled,Water-filled,17,ambient_rate_mcps,testing/water-filled.measurement_17.csv.6jlbo7rc.ingestion-544b9ff949-rn5s8.json,500,e2f75010d5ba707e4575770d91a40adbce8581b0b01ea2f658c238fa239101ea
water-filled,Water-filled,17,distance_mm,testing/water-filled.measurement_17.csv.6jlbo7rc.ingestion-544b9ff949-rn5s8.json,500,e2f75010d5ba707e4575770d91a40adbce8581b0b01ea2f658c238fa239101ea
water-filled,Water-filled,17,sigma_like,testing/water-filled.measurement_17.csv.6jlbo7rc.ingestion-544b9ff949-rn5s8.json,500,e2f75010d5ba707e4575770d91a40adbce8581b0b01ea2f658c238fa239101ea
water-filled,Water-filled,17,signal_rate_mcps,testing/water-filled.measurement_17.csv.6jlbo7rc.ingestion-544b9ff949-rn5s8.json,500,e2f75010d5ba707e4575770d91a40adbce8581b0b01ea2f658c238fa239101ea
water-filled,Water-filled,23,ambient_rate_mcps,testing/water-filled.measurement_23.csv.6jlbo7td.ingestion-544b9ff949-kks7w.json,500,eee8b97b8043ffce692297327465a41972aeaf77115b055c42d7b380489a3c8f
water-filled,Water-filled,23,distance_mm,testing/water-filled.measurement_23.csv.6jlbo7td.ingestion-544b9ff949-kks7w.json,500,eee8b97b8043ffce692297327465a41972aeaf77115b055c42d7b380489a3c8f
water-filled,Water-filled,23,sigma_like,testing/water-filled.measurement_23.csv.6jlbo7td.ingestion-544b9ff949-kks7w.json,500,eee8b97b8043ffce692297327465a41972aeaf77115b055c42d7b380489a3c8f
water-filled,Water-filled,23,signal_rate_mcps,testing/water-filled.measurement_23.csv.6jlbo7td.ingestion-544b9ff949-kks7w.json,500,eee8b97b8043ffce692297327465a41972aeaf77115b055c42d7b380489a3c8f
water-filled,Water-filled,26,ambient_rate_mcps,testing/water-filled.measurement_26.csv.6jlbo80e.ingestion-544b9ff949-kks7w.json,500,9b82ec9157f8c2d94f110ed140a808fd3ef8fa75d36c469653333aebba74e25d
water-filled,Water-filled,26,distance_mm,testing/water-filled.measurement_26.csv.6jlbo80e.ingestion-544b9ff949-kks7w.json,500,9b82ec9157f8c2d94f110ed140a808fd3ef8fa75d36c469653333aebba74e25d
water-filled,Water-filled,26,sigma_like,testing/water-filled.measurement_26.csv.6jlbo80e.ingestion-544b9ff949-kks7w.json,500,9b82ec9157f8c2d94f110ed140a808fd3ef8fa75d36c469653333aebba74e25d
water-filled,Water-filled,26,signal_rate_mcps,testing/water-filled.measurement_26.csv.6jlbo80e.ingestion-544b9ff949-kks7w.json,500,9b82ec9157f8c2d94f110ed140a808fd3ef8fa75d36c469653333aebba74e25d
water-filled,Water-filled,31,ambient_rate_mcps,testing/water-filled.measurement_31.csv.6jlbo858.ingestion-544b9ff949-kks7w.json,500,c18c18c644fbf6d36f223205ae44b9b2e761a8ce68a5b7c536a2d35fcb55935f
water-filled,Water-filled,31,distance_mm,testing/water-filled.measurement_31.csv.6jlbo858.ingestion-544b9ff949-kks7w.json,500,c18c18c644fbf6d36f223205ae44b9b2e761a8ce68a5b7c536a2d35fcb55935f
water-filled,Water-filled,31,sigma_like,testing/water-filled.measurement_31.csv.6jlbo858.ingestion-544b9ff949-kks7w.json,500,c18c18c644fbf6d36f223205ae44b9b2e761a8ce68a5b7c536a2d35fcb55935f
water-filled,Water-filled,31,signal_rate_mcps,testing/water-filled.measurement_31.csv.6jlbo858.ingestion-544b9ff949-kks7w.json,500,c18c18c644fbf6d36f223205ae44b9b2e761a8ce68a5b7c536a2d35fcb55935f
water-filled,Water-filled,35,ambient_rate_mcps,testing/water-filled.measurement_35.csv.6jlbo85s.ingestion-544b9ff949-ft4f6.json,500,c31dd1cf7985e7ec46856e055d3eea6d2d171926ff5f09118eb2f97c5b4e1321
water-filled,Water-filled,35,distance_mm,testing/water-filled.measurement_35.csv.6jlbo85s.ingestion-544b9ff949-ft4f6.json,500,c31dd1cf7985e7ec46856e055d3eea6d2d171926ff5f09118eb2f97c5b4e1321
water-filled,Water-filled,35,sigma_like,testing/water-filled.measurement_35.csv.6jlbo85s.ingestion-544b9ff949-ft4f6.json,500,c31dd1cf7985e7ec46856e055d3eea6d2d171926ff5f09118eb2f97c5b4e1321
water-filled,Water-filled,35,signal_rate_mcps,testing/water-filled.measurement_35.csv.6jlbo85s.ingestion-544b9ff949-ft4f6.json,500,c31dd1cf7985e7ec46856e055d3eea6d2d171926ff5f09118eb2f97c5b4e1321
water-filled,Water-filled,39,ambient_rate_mcps,testing/water-filled.measurement_39.csv.6jlbo876.ingestion-544b9ff949-rn5s8.json,500,92fddec2e110f86b8e024332f6843425dddd2dab97b9ea47681f467c67a7b227
water-filled,Water-filled,39,distance_mm,testing/water-filled.measurement_39.csv.6jlbo876.ingestion-544b9ff949-rn5s8.json,500,92fddec2e110f86b8e024332f6843425dddd2dab97b9ea47681f467c67a7b227
water-filled,Water-filled,39,sigma_like,testing/water-filled.measurement_39.csv.6jlbo876.ingestion-544b9ff949-rn5s8.json,500,92fddec2e110f86b8e024332f6843425dddd2dab97b9ea47681f467c67a7b227
water-filled,Water-filled,39,signal_rate_mcps,testing/water-filled.measurement_39.csv.6jlbo876.ingestion-544b9ff949-rn5s8.json,500,92fddec2e110f86b8e024332f6843425dddd2dab97b9ea47681f467c67a7b227
water-filled,Water-filled,44,ambient_rate_mcps,testing/water-filled.measurement_44.csv.6jlbo8au.ingestion-544b9ff949-rn5s8.json,500,e37ee8dc175d49d59db863cecfe5ea54eb6c9458e3b84c63ea3e9fed7a38c1a6
water-filled,Water-filled,44,distance_mm,testing/water-filled.measurement_44.csv.6jlbo8au.ingestion-544b9ff949-rn5s8.json,500,e37ee8dc175d49d59db863cecfe5ea54eb6c9458e3b84c63ea3e9fed7a38c1a6
water-filled,Water-filled,44,sigma_like,testing/water-filled.measurement_44.csv.6jlbo8au.ingestion-544b9ff949-rn5s8.json,500,e37ee8dc175d49d59db863cecfe5ea54eb6c9458e3b84c63ea3e9fed7a38c1a6
water-filled,Water-filled,44,signal_rate_mcps,testing/water-filled.measurement_44.csv.6jlbo8au.ingestion-544b9ff949-rn5s8.json,500,e37ee8dc175d49d59db863cecfe5ea54eb6c9458e3b84c63ea3e9fed7a38c1a6
water-filled,Water-filled,5,ambient_rate_mcps,testing/water-filled.measurement_5.csv.6jlbo8fg.ingestion-544b9ff949-rn5s8.json,500,d214f5029d4e839adbb9c06d1becd6ceac06c04e54d1fa435c15efd5658699c6
water-filled,Water-filled,5,distance_mm,testing/water-filled.measurement_5.csv.6jlbo8fg.ingestion-544b9ff949-rn5s8.json,500,d214f5029d4e839adbb9c06d1becd6ceac06c04e54d1fa435c15efd5658699c6
water-filled,Water-filled,5,sigma_like,testing/water-filled.measurement_5.csv.6jlbo8fg.ingestion-544b9ff949-rn5s8.json,500,d214f5029d4e839adbb9c06d1becd6ceac06c04e54d1fa435c15efd5658699c6
water-filled,Water-filled,5,signal_rate_mcps,testing/water-filled.measurement_5.csv.6jlbo8fg.ingestion-544b9ff949-rn5s8.json,500,d214f5029d4e839adbb9c06d1becd6ceac06c04e54d1fa435c15efd5658699c6
water-filled,Water-filled,52,ambient_rate_mcps,testing/water-filled.measurement_52.csv.6jlbo8g2.ingestion-544b9ff949-rn5s8.json,500,98ff74ce8b06c839cb54a1e1a679c9390f7cda08adecc7c86ed83138f4d4e336
water-filled,Water-filled,52,distance_mm,testing/water-filled.measurement_52.csv.6jlbo8g2.ingestion-544b9ff949-rn5s8.json,500,98ff74ce8b06c839cb54a1e1a679c9390f7cda08adecc7c86ed83138f4d4e336
water-filled,Water-filled,52,sigma_like,testing/water-filled.measurement_52.csv.6jlbo8g2.ingestion-544b9ff949-rn5s8.json,500,98ff74ce8b06c839cb54a1e1a679c9390f7cda08adecc7c86ed83138f4d4e336
water-filled,Water-filled,52,signal_rate_mcps,testing/water-filled.measurement_52.csv.6jlbo8g2.ingestion-544b9ff949-rn5s8.json,500,98ff74ce8b06c839cb54a1e1a679c9390f7cda08adecc7c86ed83138f4d4e336
water-filled,Water-filled,58,ambient_rate_mcps,testing/water-filled.measurement_58.csv.6jlbo8h7.ingestion-544b9ff949-rn5s8.json,500,b0315dc79180f37c6f86f66dfc4d169a12d0ecc805414574dbed2b99e0df3412
water-filled,Water-filled,58,distance_mm,testing/water-filled.measurement_58.csv.6jlbo8h7.ingestion-544b9ff949-rn5s8.json,500,b0315dc79180f37c6f86f66dfc4d169a12d0ecc805414574dbed2b99e0df3412
water-filled,Water-filled,58,sigma_like,testing/water-filled.measurement_58.csv.6jlbo8h7.ingestion-544b9ff949-rn5s8.json,500,b0315dc79180f37c6f86f66dfc4d169a12d0ecc805414574dbed2b99e0df3412
water-filled,Water-filled,58,signal_rate_mcps,testing/water-filled.measurement_58.csv.6jlbo8h7.ingestion-544b9ff949-rn5s8.json,500,b0315dc79180f37c6f86f66dfc4d169a12d0ecc805414574dbed2b99e0df3412
water-filled,Water-filled,62,ambient_rate_mcps,testing/water-filled.measurement_62.csv.6jlbo8lc.ingestion-544b9ff949-ft4f6.json,500,398e3b9e9ce5d5805c0e95ea42fc863a69778594f4b34440d5e154f42b685ab5
water-filled,Water-filled,62,distance_mm,testing/water-filled.measurement_62.csv.6jlbo8lc.ingestion-544b9ff949-ft4f6.json,500,398e3b9e9ce5d5805c0e95ea42fc863a69778594f4b34440d5e154f42b685ab5
water-filled,Water-filled,62,sigma_like,testing/water-filled.measurement_62.csv.6jlbo8lc.ingestion-544b9ff949-ft4f6.json,500,398e3b9e9ce5d5805c0e95ea42fc863a69778594f4b34440d5e154f42b685ab5
water-filled,Water-filled,62,signal_rate_mcps,testing/water-filled.measurement_62.csv.6jlbo8lc.ingestion-544b9ff949-ft4f6.json,500,398e3b9e9ce5d5805c0e95ea42fc863a69778594f4b34440d5e154f42b685ab5
water-filled,Water-filled,64,ambient_rate_mcps,testing/water-filled.measurement_64.csv.6jlbo8pa.ingestion-544b9ff949-kks7w.json,500,8977f27ec163e19e5fcff085c3714c5bdacf619a4ace59293156c27fe5c17471
water-filled,Water-filled,64,distance_mm,testing/water-filled.measurement_64.csv.6jlbo8pa.ingestion-544b9ff949-kks7w.json,500,8977f27ec163e19e5fcff085c3714c5bdacf619a4ace59293156c27fe5c17471
water-filled,Water-filled,64,sigma_like,testing/water-filled.measurement_64.csv.6jlbo8pa.ingestion-544b9ff949-kks7w.json,500,8977f27ec163e19e5fcff085c3714c5bdacf619a4ace59293156c27fe5c17471
water-filled,Water-filled,64,signal_rate_mcps,testing/water-filled.measurement_64.csv.6jlbo8pa.ingestion-544b9ff949-kks7w.json,500,8977f27ec163e19e5fcff085c3714c5bdacf619a4ace59293156c27fe5c17471
water-filled,Water-filled,71,ambient_rate_mcps,testing/water-filled.measurement_71.csv.6jlbo8ql.ingestion-544b9ff949-rn5s8.json,500,278bea6bdd6ef45be9dcc20faea0faf7f766b59e285e57ae0509ed6eef1b1908
water-filled,Water-filled,71,distance_mm,testing/water-filled.measurement_71.csv.6jlbo8ql.ingestion-544b9ff949-rn5s8.json,500,278bea6bdd6ef45be9dcc20faea0faf7f766b59e285e57ae0509ed6eef1b1908
water-filled,Water-filled,71,sigma_like,testing/water-filled.measurement_71.csv.6jlbo8ql.ingestion-544b9ff949-rn5s8.json,500,278bea6bdd6ef45be9dcc20faea0faf7f766b59e285e57ae0509ed6eef1b1908
water-filled,Water-filled,71,signal_rate_mcps,testing/water-filled.measurement_71.csv.6jlbo8ql.ingestion-544b9ff949-rn5s8.json,500,278bea6bdd6ef45be9dcc20faea0faf7f766b59e285e57ae0509ed6eef1b1908
water-filled,Water-filled,76,ambient_rate_mcps,testing/water-filled.measurement_76.csv.6jlbo8rl.ingestion-544b9ff949-ft4f6.json,500,0973aaa723684159282a32d7b688e3099f57a1a36311ee9af800b72ab12a8b54
water-filled,Water-filled,76,distance_mm,testing/water-filled.measurement_76.csv.6jlbo8rl.ingestion-544b9ff949-ft4f6.json,500,0973aaa723684159282a32d7b688e3099f57a1a36311ee9af800b72ab12a8b54
water-filled,Water-filled,76,sigma_like,testing/water-filled.measurement_76.csv.6jlbo8rl.ingestion-544b9ff949-ft4f6.json,500,0973aaa723684159282a32d7b688e3099f57a1a36311ee9af800b72ab12a8b54
water-filled,Water-filled,76,signal_rate_mcps,testing/water-filled.measurement_76.csv.6jlbo8rl.ingestion-544b9ff949-ft4f6.json,500,0973aaa723684159282a32d7b688e3099f57a1a36311ee9af800b72ab12a8b54
water-filled,Water-filled,80,ambient_rate_mcps,testing/water-filled.measurement_80.csv.6jlbo8vn.ingestion-544b9ff949-kks7w.json,500,052c38ce0000431bd5c4cdec368968f4628cbc977ec16dd718f8093245341c82
water-filled,Water-filled,80,distance_mm,testing/water-filled.measurement_80.csv.6jlbo8vn.ingestion-544b9ff949-kks7w.json,500,052c38ce0000431bd5c4cdec368968f4628cbc977ec16dd718f8093245341c82
water-filled,Water-filled,80,sigma_like,testing/water-filled.measurement_80.csv.6jlbo8vn.ingestion-544b9ff949-kks7w.json,500,052c38ce0000431bd5c4cdec368968f4628cbc977ec16dd718f8093245341c82
water-filled,Water-filled,80,signal_rate_mcps,testing/water-filled.measurement_80.csv.6jlbo8vn.ingestion-544b9ff949-kks7w.json,500,052c38ce0000431bd5c4cdec368968f4628cbc977ec16dd718f8093245341c82
water-filled,Water-filled,85,ambient_rate_mcps,testing/water-filled.measurement_85.csv.6jlbo948.ingestion-544b9ff949-rn5s8.json,500,c59b030b04e1aece704d85977fdfcf95cc3ae8433b095fd8a95020f50af4174d
water-filled,Water-filled,85,distance_mm,testing/water-filled.measurement_85.csv.6jlbo948.ingestion-544b9ff949-rn5s8.json,500,c59b030b04e1aece704d85977fdfcf95cc3ae8433b095fd8a95020f50af4174d
water-filled,Water-filled,85,sigma_like,testing/water-filled.measurement_85.csv.6jlbo948.ingestion-544b9ff949-rn5s8.json,500,c59b030b04e1aece704d85977fdfcf95cc3ae8433b095fd8a95020f50af4174d
water-filled,Water-filled,85,signal_rate_mcps,testing/water-filled.measurement_85.csv.6jlbo948.ingestion-544b9ff949-rn5s8.json,500,c59b030b04e1aece704d85977fdfcf95cc3ae8433b095fd8a95020f50af4174d
water-filled,Water-filled,91,ambient_rate_mcps,testing/water-filled.measurement_91.csv.6jlbo954.ingestion-544b9ff949-kks7w.json,500,63834f3fa950ebc1d13705f49d18c8c2c42ad2964b09aaaa0131c7743925518b
water-filled,Water-filled,91,distance_mm,testing/water-filled.measurement_91.csv.6jlbo954.ingestion-544b9ff949-kks7w.json,500,63834f3fa950ebc1d13705f49d18c8c2c42ad2964b09aaaa0131c7743925518b
water-filled,Water-filled,91,sigma_like,testing/water-filled.measurement_91.csv.6jlbo954.ingestion-544b9ff949-kks7w.json,500,63834f3fa950ebc1d13705f49d18c8c2c42ad2964b09aaaa0131c7743925518b
water-filled,Water-filled,91,signal_rate_mcps,testing/water-filled.measurement_91.csv.6jlbo954.ingestion-544b9ff949-kks7w.json,500,63834f3fa950ebc1d13705f49d18c8c2c42ad2964b09aaaa0131c7743925518b
water-filled,Water-filled,95,ambient_rate_mcps,testing/water-filled.measurement_95.csv.6jlbo96i.ingestion-544b9ff949-ft4f6.json,500,e7ed9327c67367892aca0f5c75eca8f75e2b22eabd5aa6ca075d2c9ea1b9bc47
water-filled,Water-filled,95,distance_mm,testing/water-filled.measurement_95.csv.6jlbo96i.ingestion-544b9ff949-ft4f6.json,500,e7ed9327c67367892aca0f5c75eca8f75e2b22eabd5aa6ca075d2c9ea1b9bc47
water-filled,Water-filled,95,sigma_like,testing/water-filled.measurement_95.csv.6jlbo96i.ingestion-544b9ff949-ft4f6.json,500,e7ed9327c67367892aca0f5c75eca8f75e2b22eabd5aa6ca075d2c9ea1b9bc47
water-filled,Water-filled,95,signal_rate_mcps,testing/water-filled.measurement_95.csv.6jlbo96i.ingestion-544b9ff949-ft4f6.json,500,e7ed9327c67367892aca0f5c75eca8f75e2b22eabd5aa6ca075d2c9ea1b9bc47
water-filled,Water-filled,99,ambient_rate_mcps,testing/water-filled.measurement_99.csv.6jlbo9a5.ingestion-544b9ff949-rn5s8.json,500,a22c51a13c35574ab4b1e3b6e9417e962e51e1985868f9a8a04728c11df98238
water-filled,Water-filled,99,distance_mm,testing/water-filled.measurement_99.csv.6jlbo9a5.ingestion-544b9ff949-rn5s8.json,500,a22c51a13c35574ab4b1e3b6e9417e962e51e1985868f9a8a04728c11df98238
water-filled,Water-filled,99,sigma_like,testing/water-filled.measurement_99.csv.6jlbo9a5.ingestion-544b9ff949-rn5s8.json,500,a22c51a13c35574ab4b1e3b6e9417e962e51e1985868f9a8a04728c11df98238
water-filled,Water-filled,99,signal_rate_mcps,testing/water-filled.measurement_99.csv.6jlbo9a5.ingestion-544b9ff949-rn5s8.json,500,a22c51a13c35574ab4b1e3b6e9417e962e51e1985868f9a8a04728c11df98238
